country_code,country_name,year,control_corruption,political_stability,rule_of_law,voice_accountability,government_effectiveness,regulatory_quality,homicide_rate,exports_percent_gdp,imports_percent_gdp,fdi_percent_gdp,gdp_growth,gdp_per_capita,inflation,population,tourist_arrivals,unemployment,remittances_percent_gdp
BHS,Bahamas,2000,74.9325762,84.2346616,76.144701,79.0500668,74.9206647,73.5981155,22.8511433291645,38.0475628585261,41.5973810340409,3.09850714482936,4.14841930754267,24940.0775086078,1.60632941740579,323835.0,4204000.0,7.118,
BHS,Bahamas,2001,,,,,,,13.1163142546883,34.0725886439131,38.4282919944264,1.23072964943982,2.62600982683425,25371.9237667614,2.04498977505121,327836.0,4183000.0,6.87,
BHS,Bahamas,2002,74.8103509,79.9355752,80.475401,77.6468421,75.0096657,78.2058011,15.6808819893008,36.175454557738,34.1025271473546,1.72038337334312,2.70495624731029,26781.6195938652,2.17357792508093,331614.0,4406000.0,9.05,
BHS,Bahamas,2003,74.7708893,78.4833025,80.4580582,75.2519897,74.959608,76.6065552,14.8979120576251,35.8102341689881,35.2533063362378,2.14428489451629,-1.26491667612372,26429.1247787663,3.02504526252236,335618.0,4594000.0,10.84,
BHS,Bahamas,2004,71.5107554,77.6207331,79.8475277,75.9036405,70.7176576,73.6071274,12.949479372068,38.215231096961,37.7867522740851,3.02143829739302,0.882373744518318,26650.2934234303,0.981914036757662,339782.0,5004000.0,10.2,
BHS,Bahamas,2005,74.6985502,80.5180873,82.367858,77.089231,74.8929831,76.5829694,15.1209384287019,38.7598869482117,42.6363839694191,5.72797116772737,3.39608420536011,28602.4181869995,1.59160618079802,343894.0,4779000.0,10.2,
BHS,Bahamas,2006,74.8037729,78.9879439,78.1421509,77.0754546,74.8791075,75.2009386,17.5098672407607,38.3092773365463,49.2414369667314,6.94760136713467,2.51659221712706,29184.7865087908,2.38982627439254,348375.0,4731000.0,7.54,
BHS,Bahamas,2007,74.7292048,77.328848,80.687244,78.6491339,74.8995002,75.2139323,22.0753988076454,40.0919541095878,47.9208614529201,6.71809341196458,1.44609991235758,30051.8489587756,2.49257794939396,353334.0,4601000.0,7.88,
BHS,Bahamas,2008,74.7495357,77.7042652,79.8227864,78.6629507,75.2104636,75.1714911,20.3842002901258,39.4936348090443,47.935588067642,8.17172902365571,-2.32364807041851,29392.3824416397,4.4895599537506,358120.0,4394000.0,8.18,
BHS,Bahamas,2009,77.944798,80.3329098,73.1621202,75.28903,70.1893988,67.0502797,23.9794933987487,34.190679986696,42.3303639766138,6.65159948547179,-4.17542805647342,27512.9130950084,2.06273473452682,362810.0,4645000.0,14.25,
BHS,Bahamas,2010,77.9515575,81.4495557,72.3973827,75.2780926,70.1951402,65.2772772,25.5797974025621,34.9532873206178,43.7223151105018,8.63699216304667,1.53866248693835,27473.100430502,1.34402738392836,367478.0,5255000.0,14.435,
BHS,Bahamas,2011,77.9353698,82.4188625,71.0079339,74.6921048,70.1865025,64.3996028,34.1646737273659,37.4352685331837,50.898420626685,6.61957509346653,0.613170735890648,27090.8376801379,3.1987814166032,371729.0,5588000.0,14.52,
BHS,Bahamas,2012,77.901173,82.7542247,68.6890326,74.7157083,70.1880561,64.3457897,29.2966539226222,38.1273086825118,46.1242117831424,4.90812842804373,4.52003886739061,28552.0242683151,1.97336755976254,375469.0,5940000.0,14.02,
BHS,Bahamas,2013,77.9039224,82.5831915,68.6557097,74.6580043,70.1838825,61.6650766,31.4023111045433,39.8566150850095,44.6917988028982,3.64907926264642,-2.86320081549439,27642.7419759179,0.722414784530551,378953.0,6151000.0,16.18,
BHS,Bahamas,2014,74.4630234,79.9665062,65.5610917,74.7062555,65.9394084,60.3403811,31.9122778565412,37.3629826467129,43.1740445816987,2.25581446274834,1.8469701294558,29137.2175632622,1.51375643050831,382298.0,6320000.0,13.8,
BHS,Bahamas,2015,69.9941674,78.5320189,66.1258684,70.2851245,65.9287054,58.3196471,37.8879787412108,35.8315874839494,33.846387781307,0.642663417838075,0.997411675486745,30719.405417469,1.86148302863371,385346.0,6112000.0,12.0,
BHS,Bahamas,2016,70.0088139,79.5485545,65.2978002,68.5230558,65.9416681,58.9246354,28.6041558488412,32.8518883249585,34.3610332550564,3.28594665732394,-1.15650811269629,30616.5363157284,-0.346376929989397,388055.0,6265000.0,12.7,
BHS,Bahamas,2017,69.7529805,79.8912184,64.2022652,68.8127171,65.9361928,56.2618101,31.2431975620062,31.7259719287533,36.6083121098426,2.4470958481014,3.3713988456489,31875.4881749619,1.51820700736147,390485.0,6136000.0,9.8,
BHS,Bahamas,2018,70.2782087,78.1642818,64.1575726,68.7978213,65.9472724,57.3197896,23.1718729111893,35.251809785322,36.9024588117823,3.83334911094036,2.39795510823548,32642.3353203452,2.26586346678736,392717.0,6622000.0,10.0,
BHS,Bahamas,2019,72.4628998,77.8317968,64.1737652,70.4794451,65.970543,54.4390073,24.0704681959437,34.9807938540333,33.8058296301875,3.63206527371394,-0.838585871193203,33640.3369861278,2.49123527368046,394675.0,7250000.0,9.336,
BHS,Bahamas,2020,72.4682614,78.1657975,63.6182359,70.4729579,62.9445497,54.4104205,18.4407464713126,23.2736992434769,30.1470588235294,4.19368341635396,-20.0893664891399,26178.7537607708,0.0385210980054558,395863.0,1794500.0,12.016,0.49025118689208
BHS,Bahamas,2021,72.8020739,78.6525116,64.2508152,71.1318501,62.9559404,54.2839837,30.0222265391437,27.9712552961701,37.9612860347263,3.18239411083404,17.5861390037409,30367.8605757708,2.90491262928478,396373.0,,11.078,0.440646340450278
BHS,Bahamas,2022,72.8671472,80.8118017,62.7857451,70.2493173,65.563648,53.3489396,32.1981392997156,37.1589142824247,38.8240458234989,3.82040434055862,10.8779009410268,34957.1613279737,5.60540633583044,397538.0,,9.25,0.416556329514708
BHS,Bahamas,2023,72.6317233,84.0030562,63.0843121,69.7097566,65.5648781,52.9700802,,37.8114502367185,38.7380249225672,2.11151935376225,3.04824180553773,38231.774484278,3.05291578969743,399440.0,,8.645,0.410399245643789
BHS,Bahamas,2024,72.8773237,84.005469,62.6911034,69.4662177,65.5661308,52.7750152,,37.7835884998232,41.4588701935223,1.51932088638775,3.37866553336166,39455.4466548546,0.409162489083286,401283.0,,9.049,0.416407710575514
BLZ,Belice,2000,46.8597001,67.1111856,62.199109,75.1156373,45.6328552,59.5586563,17.026648781764,42.870421436555,53.7314232780714,2.59763309185999,12.2406120663359,4726.50675459616,3.06743966930585,240799.0,374000.0,10.841,2.18500558060573
BLZ,Belice,2001,,,,,,,25.7671255764891,41.8864239146419,51.2759811343445,5.21949933984009,4.99356206143864,4718.77715104739,3.65141786561502,248379.0,385000.0,9.07,2.42293440764412
BLZ,Belice,2002,46.6682481,71.3697614,61.0415731,71.794541,45.7722312,59.8185743,33.9832466500136,43.6216330567744,49.4578254145862,2.04686311047792,5.39907320663811,4858.86062599362,4.24026660688645,256009.0,694000.0,10.04,2.15740041437119
BLZ,Belice,2003,46.6064365,71.9166097,63.1737468,72.7011508,45.693841,59.8539832,25.3999545075442,44.5690554451158,49.7940674408255,-0.83504705917142,9.66522679614125,4959.74012434605,2.31808274663101,263780.0,999000.0,10.342,2.45750707704954
BLZ,Belice,2004,46.0550297,70.6778836,59.0467909,71.9708204,43.571083,53.7218411,29.0774177044667,42.2851095770467,44.1002441076359,7.9628629551609,4.78066505273344,5153.71308265363,6.39443099742399,271688.0,1329000.0,10.586,2.4032338577466
BLZ,Belice,2005,45.1238456,66.1474598,63.8419692,72.9006959,41.9634718,56.3447127,28.9564420040003,45.729283841046,47.2678427922054,8.6080583090955,2.2191905367057,5270.41479135312,-1.1043104441191,279731.0,1037000.0,10.91,3.031497751378
BLZ,Belice,2006,42.584767,66.5922965,60.3043253,68.5447875,40.5766398,50.2388351,31.9579266947688,51.802408996474,47.0786653270988,6.84256959940517,4.51145460193301,5524.78167834986,-7.11376771265014,287878.0,903000.0,9.39,4.01216166455308
BLZ,Belice,2007,42.4461927,67.9539387,59.7973477,67.9966438,39.6727924,50.2459809,32.7592029719689,50.5800129170809,45.3755382349022,8.22731936335606,3.33939738340764,5762.21023302938,2.31808274642021,296100.0,880000.0,8.51,4.28552763184669
BLZ,Belice,2008,48.3291916,67.6486698,58.5975908,67.4877352,39.7619736,50.4294139,33.841336699944,53.8397113388589,51.6221629383723,9.75973413898317,-1.62747776449082,5711.81458859709,6.39443100250034,304361.0,846000.0,8.18,4.399830016353
BLZ,Belice,2009,53.0405739,65.075169,56.6383462,70.7603326,39.7637748,50.3821957,31.028680737267,45.4443249910287,44.1365593950638,6.44782371601601,-0.446709636828217,5399.67100001919,-1.10431044864355,312614.0,941000.0,8.323,4.65508341704994
BLZ,Belice,2010,51.697219,65.6634477,57.0573986,70.6709799,44.1546907,51.0869294,40.2816593545567,50.6252185549087,44.2329405958324,5.51460930694585,1.41741099233461,5461.40735999001,0.917977378808888,320245.0,1054000.0,8.412,4.4674149692595
BLZ,Belice,2011,46.6806112,66.8685041,54.2129871,70.9707987,45.6710023,50.4739035,37.8859632506156,56.7220499146992,50.1929102941744,5.20581667105349,-0.13007112300869,5596.05222152289,1.602056156402,327298.0,1106000.0,8.424,4.11249792720126
BLZ,Belice,2012,46.5347509,66.8454653,53.7440977,70.9582078,45.6723471,49.7555874,43.3594287320507,59.326479519541,51.840172845888,10.1300443506209,3.94389321816617,5732.66519942347,1.30058074547858,334414.0,1028000.0,8.378,3.96152002185937
BLZ,Belice,2013,46.5372199,66.8536607,53.7111175,71.3457938,45.6687364,49.7517158,28.9789741443153,56.023852203192,52.6487618646393,4.53263160783493,4.06646561608865,5957.34953619006,0.50974776898322,341627.0,1022000.0,8.349,3.65575977484598
BLZ,Belice,2014,42.298874,65.9463753,48.5287087,65.4614328,42.5685858,46.3773156,35.2513810373364,55.4922660304805,51.6202514383076,6.5987393918196,3.89226067249989,6128.12053089077,1.20139964481058,348923.0,1289000.0,8.244,3.7570307808845
BLZ,Belice,2015,42.7091003,65.9213021,48.8461806,64.1994145,43.4750633,47.2861951,33.3957281531601,51.5667685462712,52.5041902536696,2.69569808214426,2.7602602736023,6154.62264230369,-0.861584009427748,356333.0,1299000.0,7.578,3.86413122740168
BLZ,Belice,2016,45.5851906,65.9169197,49.2528187,64.1863722,41.8680007,47.3765878,37.8388012229062,47.3072672928322,49.1925685375896,1.46157075571746,-0.0187414958130319,6140.86713919469,0.663427167917601,364705.0,1391000.0,7.0,4.31643119387222
BLZ,Belice,2017,44.0479973,65.9175733,49.7250349,64.3036262,41.8621774,46.4256373,38.0491503919464,49.8095974752301,47.8976597048161,1.40473162686238,-1.83323729057784,6071.85451846453,1.14765339305816,373202.0,1441000.0,6.596,3.98117350466052
BLZ,Belice,2018,45.8844492,65.9544672,48.9276879,61.5725367,42.2170293,44.1457101,37.609161907442,51.7351399388179,49.2540744241568,5.33885311944147,0.822068592512508,6011.99036888587,0.269982622646335,380226.0,1697000.0,9.346,4.04707684933587
BLZ,Belice,2019,46.5214075,67.6481301,49.5160871,61.9406794,42.5238928,45.4987702,34.7304566666278,52.0189198848801,50.4229370227973,3.94384011758557,4.25658710030072,6171.61449761423,0.187069385181424,385829.0,1674000.0,9.053,4.06590139952572
BLZ,Belice,2020,46.5271644,75.8565223,50.3241512,62.0556267,42.4255991,45.4700629,26.0995390360826,37.6373221387979,44.0058211740566,3.72214070775569,-13.5228997055506,5238.54078175696,0.121434644614894,390812.0,487000.0,10.763,5.89481400963481
BLZ,Belice,2021,46.2532674,71.5818712,50.0851941,61.9200525,42.4381626,45.0469738,31.6178339760185,47.5814821772776,51.4009547657221,5.16738739330779,17.9899244143607,6142.98930557031,3.23563659237071,395346.0,,10.302,5.57356290247454
BLZ,Belice,2022,47.1115456,78.294843,51.5137924,62.3629274,47.1564167,44.8884556,28.0582917218107,52.5787874243921,55.2614626616446,4.95003696669658,9.25051329530994,7068.21728043145,6.27689319447544,402733.0,,8.682,5.00304345845639
BLZ,Belice,2023,45.7190024,79.3110106,52.0486686,62.4209011,48.26858,46.9720664,,54.9308418513115,51.4696639994596,0.553310090034322,0.500127941638667,7424.75821321022,4.38984017487675,411106.0,,8.278,3.87408142483921
BLZ,Belice,2024,44.8289016,79.3135636,52.1296122,62.028219,47.4920057,47.6492893,,55.2233936496697,53.7490528718063,4.01045578413843,3.50466435023895,7681.24400583113,3.28955985952768,417072.0,,8.698,3.79385953140795
BRA,Brasil,2000,50.2288187,72.5352254,51.2669721,62.2037239,47.6438552,57.5695078,26.0748466246634,10.1880480043795,12.4517133524146,5.03391680528314,4.38794944745618,3766.54811466032,7.04414105947266,174018282.0,5313000.0,10.889,0.205903522832894
BRA,Brasil,2001,,,,,,,27.2006084949971,12.37171066993,14.564574352134,4.14759377398385,1.38989640095637,3176.28935747524,6.84035902487523,176301203.0,4773000.0,10.649,0.2587422042289
BRA,Brasil,2002,49.9832264,71.3733098,52.9984315,65.2781763,50.077026,57.088925,27.848196026942,14.2305902713775,13.3877671308534,3.25358061271527,3.05346185909312,2855.94018885769,8.45016437708331,178503484.0,3785000.0,10.641,0.393057978948569
BRA,Brasil,2003,49.1092931,67.6922503,51.4312224,65.3549528,49.0659954,58.9187652,28.2710884352715,15.1807837086861,12.9596010144732,1.81340052439304,1.14082899824888,3090.6070097455,14.7149197228147,180622688.0,4133000.0,11.168,0.409627690516944
BRA,Brasil,2004,45.8691673,61.9485783,53.1543556,66.8904907,47.7351263,56.6010086,26.4918363852054,16.5457615119353,13.1324909668183,2.71353166307823,5.75996463670954,3663.823188064,6.59718509985963,182675143.0,4794000.0,10.072,0.420223881591128
BRA,Brasil,2005,42.9818798,62.588202,52.3644499,70.0522734,45.5166535,57.5772131,25.7693915381983,15.2438292665623,11.8429659377691,1.73389354602718,3.20213206130431,4827.78173074714,6.86953720898964,184688101.0,5358000.0,10.551,0.314631171954278
BRA,Brasil,2006,43.618007,61.2166332,53.04785,70.0094616,44.7332714,55.9185731,26.3403064568888,14.3743163038801,11.6673835879099,1.753125703626,3.96198871122617,5934.14470924968,4.18356812896909,186653106.0,5017000.0,9.692,0.296775300792405
BRA,Brasil,2007,42.2388194,61.5429643,53.1572211,69.7304404,44.6292055,55.1671565,25.3144591379199,13.3276751040789,11.9649362714605,3.19082601308524,6.06987060678338,7409.69130673473,3.64127299102652,188552320.0,5026000.0,9.28,0.236608669672595
BRA,Brasil,2008,46.215238,62.8951723,54.1564667,71.5936801,54.5653882,58.5000365,26.3359303856077,13.5340005128387,13.7235689045173,2.99060946922903,5.09419544658736,8908.33176538648,5.67859390284168,190367302.0,5050000.0,8.268,0.214793412211116
BRA,Brasil,2009,47.302699,67.8835888,54.8834208,70.2754974,56.2533055,58.4628131,26.7914479705158,10.8513711347491,11.2546044712842,1.88848224095724,-0.125812002161169,8678.6592244676,4.88803479876799,192079951.0,4802000.0,9.419,0.173315277293489
BRA,Brasil,2010,47.8126856,63.0464452,57.7508418,71.0309562,56.3120951,59.2217199,26.9945684769237,10.8655847752557,11.9065933379213,3.73001288350945,7.52822581815364,11403.2821278747,5.03872690108075,193701929.0,5161000.0,8.42,0.13956669623869
BRA,Brasil,2011,52.3845455,62.6779669,57.5344872,69.3096881,55.8223682,58.8209668,26.7470983503833,11.5825126785455,12.3518924973266,3.91518011405433,3.97442307944702,13396.6243562986,6.6364496221309,195284734.0,5433000.0,7.578,0.122875010809796
BRA,Brasil,2012,47.5530902,64.0710973,57.6336026,70.7668345,56.3118454,58.8669025,28.6413621085766,11.8775390704316,13.2367345403083,3.75496285641218,1.92117598576537,12521.7213519966,5.40349914036997,196876111.0,5677000.0,7.251,0.112933662857454
BRA,Brasil,2013,46.5058088,59.2143897,56.1310999,68.5810607,58.0697629,58.0544012,28.6404106359245,11.7422306460189,14.0437266814484,3.04150901624338,3.00482266944432,12458.8912138813,6.20431066640101,198478299.0,5813000.0,7.071,0.109901876363478
BRA,Brasil,2014,42.8934358,61.2533361,56.267282,68.1007124,55.1687194,55.50442,29.8537931807395,11.0119428190539,13.6734629940752,3.57135266957477,0.503955740242247,12274.9939689363,6.32904015516139,200085127.0,6430000.0,6.755,0.107811945028355
BRA,Brasil,2015,40.998321,56.9559669,55.1805295,68.4346188,53.1568658,54.4312675,28.8503019791216,12.900191418386,14.0534345189741,3.59214931791344,-3.54576339269425,8936.19661712113,9.02990102416136,201675532.0,6306000.0,8.538,0.160741889371087
BRA,Brasil,2016,41.2756109,56.4369324,56.2588141,67.6796444,52.8588672,54.3071581,30.1193623667804,12.4666790429968,12.0670030347037,4.13737803865892,-3.27591690782192,8836.28652735657,8.73914352329393,203218114.0,6547000.0,11.58,0.152575400687928
BRA,Brasil,2017,38.6262748,55.1824692,54.2687462,67.291007,51.4875052,54.1722861,31.1611756216413,12.5189678698768,11.8007665044289,3.33825981739039,1.32286905404399,10080.5092819305,3.44637335032669,204703445.0,6589000.0,12.792,0.130785125421543
BRA,Brasil,2018,39.3707937,54.2908087,52.0782115,64.9751148,49.4529603,51.8580259,27.1606152370358,14.6349994955075,14.2412038808791,4.07858821454947,1.783666761634,9300.66164923219,3.66485028376729,206107261.0,6621000.0,12.329,0.1530302781715
BRA,Brasil,2019,40.5299866,52.9676235,52.6863115,63.6123329,54.0912051,54.2251507,21.2445602088385,14.1229191913178,14.7673386785785,3.692673213156,1.22077782360842,9029.83326681073,3.73297621216894,207455459.0,6353000.0,11.936,0.171549773709679
BRA,Brasil,2020,41.2417853,58.2173358,52.7405481,62.9761413,51.9092236,53.3876813,21.8129091470528,16.4535520094071,15.8485265343869,2.59263795310275,-3.2767587964736,7074.19378337644,3.21176803803376,208660842.0,,13.697,0.241596231143309
BRA,Brasil,2021,39.896633,58.7377582,52.3834537,60.712967,52.12953,53.3850079,20.5048626655709,19.1094303688709,18.5469003909373,2.77979084938159,4.76260437908608,7972.5366498646,8.30165975585673,209550294.0,,13.158,0.2455346442576
BRA,Brasil,2022,38.8330208,58.3340629,51.6171524,59.8482223,48.2928884,52.6085043,20.0811754127452,19.6307650034371,19.1853009729027,3.8680317970139,3.01669435393015,9281.33334441234,9.28010608956873,210306415.0,,9.231,0.25481314242508
BRA,Brasil,2023,39.178204,56.7369585,50.3081118,62.950075,47.2257782,50.0352781,19.2752957673079,17.9693243032741,15.6969055268697,2.86383344298207,3.24165532906981,10377.5892792557,4.59356282283204,211140729.0,,7.947,0.202347527557964
BRA,Brasil,2024,40.0584954,58.8375408,50.5567512,65.097744,48.5365411,48.9102525,,17.9385794398559,17.6459444987685,3.38960808548439,3.41931516501906,10310.5486973693,4.36746407652337,211998573.0,,6.801,0.224281818071329
CHL,Chile,2000,79.0456368,76.0221691,79.4059667,73.5101607,71.9495146,79.5761499,,30.1237545610247,28.5881687725565,6.20376708218785,4.9716214882971,5052.99245766325,3.84327295706565,15503635.0,,10.491,0.0169773325515229
CHL,Chile,2002,79.3512192,82.8526897,80.2083098,79.6925676,74.8234926,80.9908989,,32.2572216653296,30.2266330761295,3.62905823074114,3.20279913520113,4430.84741157984,2.48939816650705,15857925.0,,10.168,0.0176477170283023
CHL,Chile,2003,71.7346734,79.7807171,79.5682561,78.8776394,75.8480856,82.6519077,3.20129769251024,35.0609735492762,30.6324426463729,4.556949756395,4.72324526861041,4773.40177520754,2.8101787574361,16024752.0,,9.765,0.0154263329265511
CHL,Chile,2004,73.5706009,76.8896378,79.4091288,78.598598,75.7360964,80.9857586,,39.6857497510041,30.2036106315913,5.01507138064187,6.67425416822923,6120.59152055344,1.05473871403517,16187322.0,,10.162,0.0117081852977969
CHL,Chile,2005,78.3605129,81.9218486,80.3015311,81.2276338,78.8567749,83.0389131,3.52319921168418,40.1755713149739,31.8869620579791,4.89870698303569,5.83704571917758,7480.32330998636,3.05257621387849,16348778.0,,9.34,
CHL,Chile,2006,77.726175,81.042482,79.5661849,81.2275861,78.4125596,82.8838276,3.57376612166027,43.8656741327676,29.8459599875652,3.0910197191962,6.04999082563968,9318.65655296121,3.39201733699405,16509195.0,,9.024,
CHL,Chile,2007,76.2011976,79.255816,79.6104425,81.43102,78.5611383,82.9163359,3.6949106294991,45.1298514125536,31.8471726465886,6.11348994449279,5.16823098528431,10346.4138184533,4.40779938398044,16671581.0,,8.427,
CHL,Chile,2008,76.2371998,79.0104272,78.9354922,79.3842044,78.2667278,82.8866405,3.4918963063576,41.1625609327669,39.5140657210171,10.4571112913238,3.78939280635238,10683.2188772511,8.71626873039607,16838988.0,3713000.0,9.285,
CHL,Chile,2009,76.7514849,80.75779,79.1030067,79.8870203,79.6486044,82.3828057,3.70376238471268,37.1156346662754,29.5703965832241,7.42256247898025,-1.11803723642878,10098.8017167286,0.353045178360937,17009731.0,3657000.0,11.313,0.0302355853046632
CHL,Chile,2010,78.5064358,81.5888361,78.6159556,79.3589034,77.0775702,81.2020769,3.14874215608169,37.903993986295,31.8136862469673,6.84144686828522,5.85165102224047,12632.8704724192,1.41071107954321,17181464.0,3584000.0,8.547,0.0287143864918113
CHL,Chile,2011,79.2035395,76.2954329,77.0037819,77.9947139,78.4038421,81.4170919,3.66532251337043,37.6897797617714,34.7918624475716,10.4897738058645,6.22389678509138,14487.3927832032,3.34121694259302,17351816.0,3963000.0,7.492,0.0282109379327787
CHL,Chile,2012,77.8938568,76.2774704,77.3960794,77.7104571,79.1144752,82.5158874,2.47729352143792,33.845591494963,34.3105520389641,11.9097449981544,6.15534001855494,15241.9069981119,3.00744840213047,17519119.0,4397000.0,6.79,0.0269750395725642
CHL,Chile,2013,76.9131879,75.7435048,76.3663565,77.8429556,78.49655,81.8067846,3.14355060592079,32.0874628670083,33.0558248393655,7.61396398974862,3.30850824710085,15683.5486369155,1.7895555398459,17687006.0,4457000.0,6.361,0.0256342544301111
CHL,Chile,2014,76.0003074,78.3444548,76.1738188,78.0143866,76.4538156,78.9899428,2.4518317226161,33.0039028305543,32.6307246042164,9.83500371419039,1.79264947139259,14529.6767206336,4.71867527854672,17864195.0,4601000.0,6.761,0.0233520103179811
CHL,Chile,2015,71.1566241,77.5783423,75.3680731,77.567401,75.2653007,76.8755349,2.32163505387454,29.1910790733686,30.1580314947545,7.32780348711267,2.15194249981184,13433.9202987032,4.34877353217044,18047625.0,5487000.0,6.605,0.0243316680794115
CHL,Chile,2016,70.813797,75.9993546,74.9994097,77.6951337,73.9034382,77.8441374,3.39405749254204,27.9231577302995,28.1347025767999,4.55707488153847,1.753038749071,13649.8520452803,3.78619355893118,18267221.0,6712000.0,6.926,0.0258882864665846
CHL,Chile,2017,70.5091162,75.9653572,74.7807861,77.5799497,73.5557524,77.2043082,4.19745439747334,28.3313768888156,27.6947817505058,1.89647029836548,1.35769537343957,14879.9086227187,2.18271846868519,18558868.0,7621000.0,7.257,0.0240958635192695
CHL,Chile,2018,70.271304,77.5123118,74.7948894,77.5133545,74.8301919,76.4016331,4.36665251518391,28.5290452274717,29.6480060761165,2.68461345207245,3.99002947789977,15659.4808675628,2.43488981353057,18893191.0,6603000.0,7.623,0.0236116491601402
CHL,Chile,2019,71.4009235,68.7938355,73.6376056,76.5925371,74.9968934,74.7415436,4.81306553520039,27.8723266080413,29.7345891776124,4.87915172452024,0.644223402631923,14496.9345640362,2.55754475703327,19197744.0,5431000.0,7.493,0.0249265784840927
CHL,Chile,2020,72.5988982,68.1126903,71.0293451,76.8580334,71.4177044,71.6425443,5.75613878004137,31.3228006627665,26.8459687305709,4.50500989019161,-6.1396969411886,13117.9930230086,3.04549084804326,19370624.0,,10.934,0.0260513620463149
CHL,Chile,2021,71.207884,68.2395559,71.4146807,76.0580285,71.0200979,71.4520739,4.65658124495601,31.974345622206,32.8656468569676,4.81031437211446,11.3374032409913,16216.1840860289,4.52456838259144,19456334.0,,9.281,0.0210723910740891
CHL,Chile,2022,71.1759041,65.7117419,71.1338157,76.424815,71.3573981,70.8021139,6.80201256720408,35.6216861605322,39.6117335928437,6.2344860828365,2.06391864254198,15399.1044717559,11.643866711056,19553036.0,,8.249,0.0282871022985963
CHL,Chile,2023,69.3644366,67.6242975,69.6314531,76.7269699,72.9278283,69.7164463,6.34829073035101,30.7750617433637,29.901582730252,5.72340675956374,0.677024831595858,17081.5180740049,7.58168251407962,19658835.0,,9.013,0.0289060771358775
CHL,Chile,2024,71.0890616,70.4888283,70.1858521,76.3941407,73.0996449,68.0529345,,33.7320704435058,30.2256760867506,3.97989457086765,2.80512637106611,16658.9652720351,4.29763891572524,19764771.0,,8.718,0.0304727117459801
COL,Colombia,2000,35.4298466,29.1560141,39.2135289,47.8392685,43.3289675,53.0869422,67.8921586309151,15.915139715438,16.7519457538687,2.43950747934181,2.92486148176778,2555.00751039968,9.22534818585366,39089934.0,707000.0,20.52,1.61213693911831
COL,Colombia,2001,,,,,,,70.1095871523678,15.3871357665009,18.5139760284435,2.58851936306874,1.67789830787579,2472.99084035833,7.96556090304834,39709262.0,788000.0,15.04,2.09403813220323
COL,Colombia,2002,43.2981391,24.1999829,44.9274508,48.3982817,36.1470937,55.0288381,70.3960948977152,14.8155696775272,18.1670695368963,2.17844751407948,2.50398046659659,2428.92969771584,6.35150728778872,40324680.0,661000.0,14.481,2.53195366414596
COL,Colombia,2003,44.3916475,25.0167043,45.6596316,48.2701966,42.4417773,55.2438893,57.4608630160922,16.5752997117627,19.9408838054673,1.81783931129221,3.91827190322513,2311.94218760291,7.1297886294186,40937429.0,668000.0,13.221,3.25006038249131
COL,Colombia,2004,46.5663476,31.037227,49.5012851,52.5561516,46.4825573,54.6285911,48.6481875848116,16.7707514248023,19.0926755089972,2.66083488771203,5.33302206759905,2818.57195413044,5.90402005546502,41543171.0,840000.0,13.717,2.72409600444899
COL,Colombia,2005,46.0328794,30.8758996,49.0780292,52.6699759,45.4321617,56.5621757,42.9894132012747,16.9710437391629,20.4516537557921,7.02979401438219,4.82876110773741,3456.06610874512,5.05101962689696,42128977.0,981000.0,11.062,2.29780092865447
COL,Colombia,2006,43.9298386,33.9730592,49.2299508,53.5943845,47.4106516,57.4871596,40.9429758324124,17.7285877506525,21.9127682099768,4.17238510059526,6.71686869844402,3789.85361217027,4.29342363628927,42691084.0,2096000.0,11.088,2.40996885200382
COL,Colombia,2007,42.7079909,37.4967793,50.942736,54.4192261,47.6396878,57.9856732,39.7776140409658,16.4331421263646,20.6657549719257,4.30867680626701,6.73819469090975,4769.926147194,5.54438485815156,43235374.0,2381000.0,11.204,2.16273306753812
COL,Colombia,2008,43.425613,36.9281645,51.518047,55.8282168,50.532024,59.9228575,36.8840024517578,18.1095951350739,21.0580542813616,4.35627834630067,3.28344618616541,5541.83629665898,6.99688495554511,43758808.0,2545000.0,11.273,1.99042004970298
COL,Colombia,2009,42.233716,38.0455411,50.5062255,55.4945288,49.2792463,57.3197827,35.7272410703666,16.4244956875755,18.731632819883,3.45627065154005,1.13964864548062,5250.97292433518,4.20251661216482,44271541.0,2649000.0,12.066,1.77437358615557
COL,Colombia,2010,40.4961933,42.0439092,52.242414,55.5353954,51.6477735,57.3086362,34.5241750628259,16.3408447597691,17.923758408999,2.24433595561184,4.49465897070922,6398.2958447102,2.27200227892008,44777319.0,1701000.0,11.153,1.40693436300273
COL,Colombia,2011,43.9491266,45.2566674,52.1375084,57.6869769,53.7301226,60.0392736,35.6322084408409,19.2765050733171,20.1939184812196,4.37269536127322,6.94789198173555,7400.9940695669,3.4150334477625,45259614.0,2356000.0,10.288,1.22439717479203
COL,Colombia,2012,39.8127477,42.3233813,51.228686,57.5403882,52.985737,60.5726626,35.9613009153726,18.8112052836654,20.0239457350035,4.05728041313345,3.91263576716115,8108.59838244229,3.16930188840055,45715810.0,2434000.0,9.959,1.08410323361976
COL,Colombia,2013,39.1534778,42.7518466,50.5839313,56.4846701,53.6383828,60.5193469,33.4159707994424,18.0864397214368,19.9002090764088,4.24252457969381,5.13399351995672,8279.10255642981,2.01699224310383,46151584.0,2595000.0,9.246,1.16459175184649
COL,Colombia,2014,40.5609499,47.7700428,52.0987692,57.3089025,50.9681399,61.208658,28.654305199833,16.6347491096509,20.8527165314594,4.24107256687862,4.49903000110972,8187.20824890084,2.89883787761738,46565429.0,2866000.0,8.799,1.09267695626741
COL,Colombia,2015,41.6516464,48.5332728,52.5361218,58.549793,52.3188062,61.6067532,27.2152782480106,15.6502115094968,22.7105526089485,3.95939854860993,2.95590137527523,6248.51490534512,4.9898311584953,46969940.0,3371000.0,8.572,1.70416576384897
COL,Colombia,2016,40.6082158,49.9440415,53.4704434,59.2582889,52.6759157,60.9984682,26.1438669043183,14.7171392781975,21.4855137060045,4.90164572903473,2.08738250162794,5959.84250367574,7.51346024627675,47437512.0,3675000.0,8.922,1.83643004865322
COL,Colombia,2017,39.7795999,51.5596918,53.1095575,58.9980172,51.8043635,59.4137154,25.5510587151196,15.1452897484005,20.1376251940583,4.3931823276543,1.35936086788746,6479.53231292429,4.31431325695011,48131078.0,4056000.0,9.086,1.86578764806417
COL,Colombia,2018,41.6339601,53.5621824,52.0339144,59.8568639,52.2340298,58.5352044,23.8207594532571,15.8997196775431,20.6350331193542,3.38083573220188,2.56432428277704,6816.96818309544,3.24056932930569,49024465.0,4397000.0,9.36,1.99734137782816
COL,Colombia,2019,42.5515607,49.7099758,51.3858014,60.0400617,52.9209808,60.7114045,23.3990612924966,15.8680386541241,21.6904953267149,4.33058240931506,3.18685539245533,6472.54544924705,3.52301932741447,49907985.0,4531000.0,10.28,2.20297175864251
COL,Colombia,2020,42.8684473,53.6015733,51.2088287,59.830504,51.9685065,59.5069227,22.6427030734102,13.5222755593302,20.5332954086799,2.7588942895314,-7.18591413760859,5339.68711357943,2.52663500084706,50629997.0,1396000.0,15.983,2.56133478402854
COL,Colombia,2021,42.5969406,47.9510464,50.7518116,58.0577255,51.8450651,60.8003821,25.5801274097033,16.1970059548864,23.8621404387264,3.00175693787234,10.8011981904878,6222.62164397614,3.49505757399448,51188173.0,,13.898,2.70254419060708
COL,Colombia,2022,42.8342303,51.2663646,50.1475937,59.8925077,52.7237015,59.7688238,24.9488076386337,20.3883679938331,27.8942871185028,4.97124137726565,7.32827729427979,6680.44506854481,10.1772313546166,51737944.0,,10.541,2.7354220776326
COL,Colombia,2023,42.0850276,51.957149,49.2170521,59.9027918,51.5080576,58.8600458,24.9134420347488,17.8077746975806,22.3255418346774,4.57716748279263,0.841819555752039,7012.49169137756,11.7359044948689,52321152.0,,9.591,2.75594116248495
COL,Colombia,2024,42.3503719,50.9539061,49.2940147,60.0046088,51.5641126,56.7782168,,16.0804545104347,20.2375393681026,3.25416050189283,1.49330728771066,7951.08624019412,6.60908593728228,52886363.0,,9.619,2.82357172356115
CRI,Costa Rica,2000,68.7675874,77.992751,66.8114468,76.5700035,54.4109105,68.9043634,6.3234257019066,42.9303224591994,43.5946009234176,4.81846452551762,3.80207210664838,3812.75386183689,10.9615496593622,3937739.0,1278000.0,5.08,0.905678756997877
CRI,Costa Rica,2001,,,,,,,6.41066095411089,40.5085719500705,40.34418555697,3.89233614145036,3.49117013515725,3985.12987980056,11.2556157091172,4008947.0,1320000.0,6.051,1.24212096848605
CRI,Costa Rica,2002,57.2729975,82.0687129,68.8175509,78.6443479,56.77246,61.9171653,6.33019318130238,39.2245350275681,41.1894086478451,4.3620269108637,3.41687615891895,4067.71854177094,9.16752048509119,4075705.0,1335000.0,6.396,1.51184749154414
CRI,Costa Rica,2003,57.7467076,76.6677399,68.2319018,77.8556364,56.653141,62.8055524,7.24850496564873,40.6717129761414,42.6559945741523,4.48353973161802,4.31718000096654,4173.14853766977,9.44758091616984,4138784.0,1514000.0,6.654,1.85782761929458
CRI,Costa Rica,2004,55.6774117,78.2044822,68.045255,76.5085155,58.0735598,65.9256363,6.66654365306355,42.2076544521738,43.0488230518016,5.82312653403309,4.42459978667458,4431.01172024063,12.3148150178852,4200078.0,1771000.0,6.445,1.7170131035565
CRI,Costa Rica,2005,55.7893153,80.3342047,69.1984737,76.1306228,57.5919916,67.6116701,7.86156142343543,43.464522824224,45.7581418157306,7.62843541650427,3.97666631433462,4703.00720463794,13.7982949108987,4261240.0,1959000.0,6.749,2.0974697376268
CRI,Costa Rica,2006,56.0364084,81.1039252,67.607151,76.5653313,56.236984,65.5904144,8.12248146668412,43.3140350907406,46.5005192313654,7.92850432469026,7.3266951372695,5256.59641275583,11.4705968149052,4321340.0,2071000.0,5.926,2.2590538597994
CRI,Costa Rica,2007,57.2387704,80.0309457,67.5715986,76.6648506,57.6058017,66.1523608,8.42418151029137,40.5821371736585,45.8744584376952,8.33742598522417,8.21513209207497,6137.71199435022,9.35724456417157,4380248.0,2302000.0,4.557,2.29840791117787
CRI,Costa Rica,2008,57.8673111,75.860945,67.9848442,76.425327,61.3479873,68.6218477,11.5313873891892,38.8064601026245,47.5950523878602,7.90900698205041,4.73817511214847,6937.24261660254,13.4244635507284,4440056.0,2409000.0,4.934,1.96342379690243
CRI,Costa Rica,2009,60.4991182,78.2401198,69.3791803,77.0043468,63.5088331,68.3997488,11.6672085436857,34.6323048229081,35.1270124668251,5.2515106858073,-0.87345608994562,6832.69828187486,7.84270167700654,4499791.0,2309000.0,7.824,1.66882404923088
CRI,Costa Rica,2010,62.1403057,79.5011207,69.627159,77.7917095,63.5048151,66.4420791,11.5672606575735,32.8294112720049,34.6826781316843,5.06371170026852,5.36034347722267,8265.78820580299,5.66275708420021,4555962.0,2495000.0,7.171,1.40920944198123
CRI,Costa Rica,2011,61.307371,76.3597742,66.4434145,77.705126,62.8204881,65.6384813,10.282368146525,32.4724707460503,36.1666751589609,6.39172538358965,4.40315921836142,9276.39109377477,4.87799830970702,4609833.0,2526000.0,9.518,1.2165291764591
CRI,Costa Rica,2012,61.5600476,77.0292845,66.216038,77.6400411,64.0029832,67.5675419,8.72653951862736,31.6513172644756,35.3972218749191,5.70866124116913,4.88259252932575,10126.9991155066,4.49545314354605,4663934.0,2542000.0,9.11,1.19060562069868
CRI,Costa Rica,2013,61.4136608,77.2472696,66.3758491,77.5181203,62.0784544,68.5035758,8.71474107995362,30.5916494074101,33.4747614088744,6.29127736182893,2.49476596233289,10803.2401795009,5.23133614174428,4716147.0,2641000.0,8.218,1.17056543355752
CRI,Costa Rica,2014,63.8221832,77.6374637,67.4949886,78.3287855,62.6778023,65.2193291,10.0060434824472,31.362915449766,33.8283267683351,6.23293662665086,3.54210997703849,10911.4978703456,4.51920098516954,4767119.0,2760000.0,8.499,1.14180389976092
CRI,Costa Rica,2015,63.6152798,78.8142788,67.2843551,78.6088087,62.1875452,66.4661022,11.5607212354156,29.9956579824958,30.7579041649883,5.23639457041545,3.65208093006359,11714.7106121672,0.801982005099623,4818038.0,2899000.0,8.415,0.977976119424714
CRI,Costa Rica,2016,64.2782593,78.3766211,67.2259513,78.2549213,60.9142847,67.149958,11.8759050112518,31.2600961080703,30.9183821849967,4.45296211937019,4.20432320775184,12091.0301560892,-0.0174788505908217,4866998.0,3204000.0,8.085,0.926850292389643
CRI,Costa Rica,2017,59.8867107,78.7192203,67.4164655,78.8102716,61.2441302,65.5142737,12.2731177810203,32.7626831133763,32.3092705863581,4.83327522044665,4.15769914676933,12317.0902779911,1.62590692991732,4913177.0,3231000.0,7.729,0.925980245797786
CRI,Costa Rica,2018,61.1658072,76.9351248,66.9557639,79.2710519,62.0528155,67.3737577,11.7995456872358,33.6589195458941,33.1284942428784,4.81804579792257,2.85285959760458,12620.0207321581,2.22111461526581,4957818.0,3313000.0,9.01,0.852690926498558
CRI,Costa Rica,2019,62.6655197,76.7980943,68.1874547,79.2014471,61.2189458,67.5564281,11.2610056078008,34.1472985859666,31.2721746627109,4.19904890207774,2.70813912948329,12951.8588421841,2.09604635327807,4999553.0,3366000.0,10.807,0.854591545845158
CRI,Costa Rica,2020,63.2960634,82.0305766,68.7392865,79.4594651,58.1387683,65.4475496,11.3222838436969,31.6977144131717,28.0486406587767,3.34838047556023,-4.14159340574358,12475.6852076814,0.724911478131376,5034320.0,1146500.0,16.432,0.835559986392123
CRI,Costa Rica,2021,59.995998,83.5034419,68.2686719,78.6807882,58.5166349,65.7959355,11.6205820666553,35.8298587276824,34.2738345782266,5.47775634815964,8.21817953969082,12962.2716075659,1.72647755109241,5059988.0,,15.139,0.905839776397581
CRI,Costa Rica,2022,59.4934123,85.7815847,69.195918,78.2623977,56.7819594,66.340972,12.908902016219,40.5888104743828,38.4635798410056,7.34017474268191,5.46119455235068,13971.7649991294,8.27477490232654,5081765.0,,11.325,0.87366874836676
CRI,Costa Rica,2023,61.8899064,86.7219213,68.5784998,78.0226098,60.4106617,64.123491,17.7454798727379,38.0957487081207,33.3422823259329,6.05567371313475,4.79187732359398,17140.771430122,0.525193508693455,5105525.0,,8.325,0.756581407260131
CRI,Costa Rica,2024,61.8341927,87.7441552,68.2626888,76.2004148,60.364712,64.4721886,,37.5298397915012,32.3235388479498,5.58692738273204,4.08292444182048,18853.2828705886,-0.412853001047069,5129910.0,,6.936,0.749409322311289
DOM,República Dominicana,2000,37.0568051,63.1911314,46.5379685,58.0422314,30.5232689,54.654012,14.0956805476114,35.4978251417642,43.8025679543791,4.0689908919589,4.65172550299128,2831.45883638033,7.72413566181616,8584190.0,3161000.0,6.432,7.56527851580792
DOM,República Dominicana,2001,,,,,,,12.5569312052756,31.8906200886267,38.6199477193794,4.24930666375932,2.46937023763239,2935.89367312668,8.88306848812961,8720283.0,3090000.0,7.262,7.74085480856533
DOM,República Dominicana,2002,36.0654554,62.6458024,46.9022323,59.0555194,33.7892757,50.303163,14.4483285859447,30.724010155589,37.9992727472887,3.41225986375611,4.48650367045651,3065.60329524196,5.22336769759447,8852235.0,3058000.0,6.779,8.08587669442767
DOM,República Dominicana,2003,30.6631742,55.4026376,45.1591759,57.6956681,33.9424475,48.5995633,21.1789386478885,42.1529981602708,42.2965050258884,2.88055489904245,-1.34935744782766,2383.26171780393,27.4497127394395,8980620.0,3680000.0,6.938,10.8647468285944
DOM,República Dominicana,2004,33.4875527,57.7333991,48.1919429,59.0153776,35.156679,48.3069151,24.5911758206467,41.1474766418853,40.2039462963058,4.18629057899448,2.58556667449577,2451.69161616569,51.4608598338065,9104892.0,3907000.0,6.303,11.2048946967094
DOM,República Dominicana,2005,30.8303396,58.7752899,49.6626369,59.3831955,34.6003906,50.5111045,25.9511238657765,28.3311381514539,33.3224205843488,3.12598170087694,9.43178931977285,3878.31206735244,4.19020260472056,9225034.0,3981000.0,6.587,7.60029456457848
DOM,República Dominicana,2006,34.766857,63.1209164,51.2807475,60.3671359,37.3905399,52.8024158,22.9521262431175,28.2249162691947,35.5415663659558,4.0356569620282,9.17120650955299,4055.14270347371,7.57280523853074,9341183.0,4268000.0,5.654,8.0618101855444
DOM,República Dominicana,2007,32.8648154,64.1749084,51.0807652,59.8553279,36.9951584,52.8471655,22.3252575336375,26.7620220119612,34.4672371412028,5.12424998266344,7.41840577774235,4649.64558875814,6.14356655248047,9455658.0,4365000.0,5.158,7.72652012566368
DOM,República Dominicana,2008,32.9944638,65.2090209,49.6336723,60.6352509,41.7972391,53.1546063,25.0074949363479,23.9483515015273,37.4801543310121,5.67335967834237,3.26808671288212,5023.58513403515,10.6446210953712,9573130.0,4455000.0,4.764,7.49717721751335
DOM,República Dominicana,2009,33.47595,64.3335548,48.8798661,60.5749778,42.2508801,53.2219467,24.4964939070773,21.0931826103163,29.5577550688862,3.51548540591409,1.00345293018719,4973.95186999952,1.44215131834353,9695265.0,4489000.0,5.467,7.0809461544121
DOM,República Dominicana,2010,32.6620149,64.1999798,47.9343824,60.3084061,41.927433,54.4082291,25.1930337290323,22.7751186165488,33.2822778009833,3.38320513554667,8.40114541209596,5478.62470398954,6.32993220146146,9820175.0,4478000.0,5.212,7.22476560920223
DOM,República Dominicana,2011,33.7981599,64.2416013,48.7177497,59.2273595,42.5612376,52.7278624,25.2674003329003,24.3269602141381,34.7422976260316,3.79217588020774,3.19196227475523,5826.51014109195,5.79676809206533,9945621.0,4654000.0,6.087,7.31807975208052
DOM,República Dominicana,2012,32.2596313,66.0132452,48.8053109,59.9397312,44.8888237,52.9200732,22.5214243986665,24.7666213993906,33.7396322737183,5.64036946601582,2.77567100848816,6013.81965002603,3.69449707884777,10070411.0,4901000.0,6.722,7.03762367197693
DOM,República Dominicana,2013,32.4842614,65.1487746,50.2567687,58.9816277,47.083119,53.2291855,19.4038895577301,25.3838177066263,31.4299480948682,2.55757225532805,4.93473300709881,6136.59429329301,4.830950967408,10193833.0,5114000.0,7.351,7.17044212217886
DOM,República Dominicana,2014,32.7943805,66.2497464,52.4781876,60.2577803,52.3594361,53.7021974,17.5463639644216,25.4069026925032,30.2532014581601,3.55938801753347,7.11122629673892,6496.45166971142,2.99864226125219,10315528.0,5576000.0,6.719,7.17816631851046
DOM,República Dominicana,2015,32.100597,67.4460467,50.85226,59.3724031,48.8741443,54.5546315,,24.0368347236543,28.3102891430464,3.13851060913817,6.98771131236387,6800.95309395474,0.836746346724557,10434829.0,6129000.0,7.605,7.32201716302417
DOM,República Dominicana,2016,32.0314087,68.3866462,50.9238377,59.3377741,49.9833765,55.197024,15.3154603364407,24.1938670386292,27.5367900859185,3.33024928523507,6.71974078681295,7160.44200982307,1.61416607245223,10551430.0,6769000.0,7.284,7.29078540709387
DOM,República Dominicana,2017,31.8975404,67.2042764,50.5257467,59.3491647,48.3562506,54.6600045,11.3998115468654,24.1797519638034,26.5797835870437,4.55025610026855,3.93386176401576,7412.71571571512,3.27955694678546,10666843.0,7296000.0,5.832,7.81304987249201
DOM,República Dominicana,2018,30.9229128,65.7974766,50.7755906,59.5411767,47.4096937,54.1095885,9.90534873528498,23.993089643769,28.3420813139322,3.22902365102652,7.09751640210159,7882.98221584944,3.56443426013508,10782053.0,7551000.0,5.861,8.02132065789888
DOM,República Dominicana,2019,31.8595937,66.5750893,51.7576203,60.1086939,48.3287942,54.7113301,9.41799066618377,23.325332586795,27.587649613902,3.17366550445317,4.8940301149584,8183.01623600375,1.81060377042959,10894043.0,7550000.0,6.356,8.32408533944056
DOM,República Dominicana,2020,33.8041609,69.4518509,53.1311846,61.230831,47.4613889,54.7623562,8.72977662309348,18.7972072415048,25.9359541051708,3.13265976088131,-7.92905234231061,7135.22273255899,3.78103179915517,11008300.0,2748000.0,6.126,10.6071966446228
DOM,República Dominicana,2021,37.0379972,71.4850078,53.9454493,61.761651,50.5133691,56.0933212,10.5362752855436,21.5282997986043,30.4217229317071,3.53154938314388,14.0124289062207,8527.0754858205,8.24300347981809,11123476.0,,7.702,11.3260079151082
DOM,República Dominicana,2022,39.4915989,74.0892959,54.5692147,62.6760068,51.2561909,55.0538941,12.3678475675698,22.0261866198241,32.3520110514603,3.56897046352612,5.23795652902595,10104.2464008585,8.81109209279587,11230734.0,,5.504,9.05734205460934
DOM,República Dominicana,2023,39.5157241,73.6492482,54.6895584,63.2301771,53.0531274,56.2835248,10.9166976980638,21.3233165320401,28.5202966444017,3.94375586800192,2.19229848237939,10630.431743829,4.78561281021135,11331265.0,,5.555,8.81581566434817
DOM,República Dominicana,2024,42.7411629,76.5216624,55.8897387,63.9269227,53.9090315,59.5051737,,22.7679273981921,29.0155869970404,3.6013993607877,4.95352204492849,10875.6618443092,3.30223338951227,11427557.0,,5.312,9.13243878213105
ECU,Ecuador,2000,32.7530409,52.1278248,45.2310765,52.2843517,29.280142,44.6088131,14.4453488439446,37.5510597560791,27.8532356265599,-0.133637950998727,1.09180164720277,1382.23421759909,96.0963756926096,12689206.0,627000.0,4.8,7.53900859835198
ECU,Ecuador,2001,,,,,,,12.8420209514706,27.6071337228194,28.5213530213856,2.32873824691471,4.20627185748789,1791.30359685037,37.6767454518094,12910740.0,641000.0,4.252,6.14240830281378
ECU,Ecuador,2002,31.8038235,50.4177029,46.4629288,56.5527022,29.6008525,42.0866939,14.5070142098716,25.7144168795696,29.0822270570441,2.8951552675912,4.92809549611376,2059.1585535974,12.4835980082095,13138472.0,683000.0,4.825,5.31534116234239
ECU,Ecuador,2003,34.4901743,46.9767859,47.7437266,57.2190616,30.3409356,43.2065086,,26.8417735156179,25.51576918198,2.81449236195545,2.88450036512064,2315.62215223014,7.92936487461556,13372306.0,761000.0,5.662,5.27503980472213
ECU,Ecuador,2004,32.4127776,49.6847888,48.0582803,56.1525126,32.9198215,42.0897186,,29.0996886570109,26.9748580669833,2.37801066697343,6.83239736646514,2586.20914663347,2.74323198926704,13608701.0,819000.0,5.002,5.22245926639398
ECU,Ecuador,2005,31.1420865,50.6359544,46.1848304,56.2291001,32.689201,41.1950963,,32.6271488045748,29.3310019856824,1.22499487397379,5.39862243994342,2909.02606014388,2.1682770118372,13846163.0,860000.0,3.779,6.10742377469624
ECU,Ecuador,2006,31.6171884,52.3869425,41.9305756,56.3660525,33.0691063,40.0396351,,35.7016851677807,30.1406704488754,0.594056305145447,4.34113198577639,3243.67010359339,3.29874846258215,14086131.0,841000.0,3.55,6.42101090681869
ECU,Ecuador,2007,32.2061324,54.1045256,42.875565,57.83857,34.2032058,39.475437,15.8631866106051,37.4824331013481,31.3681523449196,0.388921736574003,1.90242859700484,3478.92488770671,2.27618478002121,14328773.0,937000.0,3.142,6.70295541841078
ECU,Ecuador,2008,33.6519405,55.8742892,40.2339535,57.0674116,40.1809553,36.5858924,17.886543943386,40.2763008714604,34.3139954933835,1.7294958127597,6.56492068224719,4194.75750661981,8.40009593987462,14575202.0,1005000.0,3.917,5.05178528024742
ECU,Ecuador,2009,33.903431,56.4665351,39.9149623,57.0266441,44.1550715,32.9802368,17.705436773059,29.3096288345425,28.0377172282183,0.513570185696715,1.0910129698311,4053.36331139298,5.15996829181047,14825954.0,968000.0,4.608,4.5635031450049
ECU,Ecuador,2010,33.7158318,53.7671166,40.9116259,56.2679261,44.3765057,33.9937507,17.4043449177688,32.4856951799135,33.2916897335927,0.243419054034351,4.02913787986621,4520.30959039763,3.55437734567843,15076695.0,1047000.0,4.088,3.81361167392642
ECU,Ecuador,2011,34.5708503,52.1839673,40.6232289,55.7602673,47.7351058,35.7276156,15.2875203821371,36.1133694393513,33.9223143131735,0.817966548837347,8.48147656332823,5153.6916424375,4.4745326579584,15326227.0,1141000.0,3.458,3.39373350415588
ECU,Ecuador,2012,35.7217467,53.6025773,41.0003042,53.4730124,47.9195616,37.7759259,12.3425125579607,34.8314108177156,32.1715182739742,0.646739602691481,5.783212336172,5634.08393191094,5.10172180958666,15572194.0,1272000.0,3.235,2.82239084408483
ECU,Ecuador,2013,36.2845101,60.8771619,42.5096418,53.1686535,49.7492764,40.2676232,10.9127986726241,32.3752665078284,31.058033826413,0.752903273859877,7.21123653679159,6109.29031510341,2.72177577710371,15807128.0,1364000.0,3.083,2.54612673206732
ECU,Ecuador,2014,32.8251642,64.9945543,42.0833442,53.3100451,51.2177777,41.3878648,8.16956550602398,31.3550366940318,30.0713399277247,0.751953401658059,4.22606520388456,6405.79979300441,3.58922016616663,16035124.0,1695000.0,3.48,2.40703123870624
ECU,Ecuador,2015,33.4743262,62.4870648,41.5005095,51.9716704,49.672233,37.7780174,6.45509329915208,22.754485726599,25.0735539811836,1.36067004574537,0.119692109287612,5976.1596805651,3.96664623255358,16266225.0,1676000.0,3.616,2.45609170654041
ECU,Ecuador,2016,32.6236971,62.7860623,43.4268827,52.4034849,50.5986899,39.7742498,5.81031174018927,20.53929115589,19.9952006437747,0.78469706502846,-0.687954245877947,5917.63771271481,1.72826463324533,16505139.0,1569000.0,4.597,2.67435295214931
ECU,Ecuador,2017,32.4442552,63.5146361,44.6977822,53.4249429,50.7761128,38.7725521,5.78775543057783,21.4855873912769,22.1321359260048,0.605279629548276,5.97039880954841,6233.32244797718,0.417335588666825,16759519.0,1806000.0,3.836,2.72722996049999
ECU,Ecuador,2018,35.4192445,64.5651761,46.7736366,57.1756258,50.0827183,41.2548261,5.8300670929869,23.5438701347327,24.4654774807509,1.29341012436864,1.04429460679607,6303.91886658338,-0.224103246005552,17049547.0,2535000.0,3.53,2.82760317052208
ECU,Ecuador,2019,37.4276909,61.9845103,48.6066946,57.1633561,50.3953314,43.1505316,6.84543557226847,24.0486345985713,24.0342148947594,0.915058228783613,0.1654044646003,6205.05765246766,0.266012515466155,17340021.0,2108000.0,3.812,3.0137639320716
ECU,Ecuador,2020,37.6052427,63.0577368,49.5581185,57.0508826,46.434704,43.2410757,7.81941728300383,23.2835621642424,20.7057487735965,1.16754746598289,-9.24509619165865,5463.64515348598,-0.338872392562139,17546065.0,,6.116,3.48790451754192
ECU,Ecuador,2021,35.3144453,62.286159,52.0904446,58.3049199,50.4767878,46.6847651,14.1156873894402,27.0659755840025,26.1953000265705,0.607504922954352,9.42189269033631,6061.32350181711,0.133251386096389,17682454.0,,4.504,4.07490158068369
ECU,Ecuador,2022,34.8317307,61.6903192,49.2697084,58.2162517,52.6979808,47.8768918,27.4126359684417,30.9252456928287,30.9555471259573,0.759637557255968,5.86842354862311,6515.58528418336,3.46616972213077,17823897.0,,3.713,4.08839477102189
ECU,Ecuador,2023,33.8179966,59.6225725,43.4672087,57.4003362,48.7335687,45.3797185,45.7228145164847,28.649536821321,28.5131570051099,0.398026146047552,1.8328406107788,6718.1447938811,2.21568764237058,17980083.0,,3.51,4.51387204495537
ECU,Ecuador,2024,32.4325699,55.325729,41.9851335,57.5179096,49.3236097,44.7640501,,30.4978780132278,26.9457668073473,0.360313100049938,-1.94409022506859,6826.5294137822,1.54732515615369,18135478.0,,3.453,5.28613118568203
GTM,Guatemala,2000,36.6410337,48.7789577,40.9669812,48.6743612,29.6051877,49.5816259,24.8256222306266,20.1950343956927,28.950553509261,-4.08835554722306,3.6088687174876,1648.96578971559,5.97757734737136,11697592.0,826000.0,2.143,3.09089218520719
GTM,Guatemala,2001,,,,,,,26.9854300399802,28.6635482851857,42.0054848917618,-5.088199966054,2.33257486608854,1537.68663578252,7.28587366610138,11969422.0,835000.0,2.251,3.44333629274611
GTM,Guatemala,2002,31.8074442,47.5866806,41.7438102,48.6453422,33.432557,51.7128233,29.6482816428349,26.7262767971618,40.3785347273026,-4.97449876130187,3.83928708556792,1669.33517469705,8.13263054281054,12246915.0,884000.0,2.254,7.82711765505829
GTM,Guatemala,2003,31.5893679,48.9497859,41.0027099,48.9433093,33.1146262,50.8942177,33.8260706875462,26.1810997164793,40.8212394697631,0.0903239703402523,2.56037766801896,1722.54701910774,5.60347675434469,12525842.0,880000.0,2.807,9.95052323955904
GTM,Guatemala,2004,36.0072726,48.9448025,43.7568448,53.4082156,33.556418,49.030554,35.1905874431052,27.4194097089723,42.7954626492149,1.36317570702825,3.13791683609193,1840.91184884,7.57862247309729,12807402.0,1182000.0,2.971,11.1441946802014
GTM,Guatemala,2005,35.1053029,49.5050118,43.5027067,53.9481086,33.4249612,47.9396687,40.7866100416894,25.454901513817,41.6487980943867,2.01617500337249,3.27602692588886,2046.46611650758,9.1086498571922,13087629.0,1316000.0,3.059,11.4496338247076
GTM,Guatemala,2006,34.946904,50.0587622,42.977498,56.7114175,37.0082214,49.4205428,44.0248234172562,25.3398334344627,42.572090305199,2.13587522888421,5.35139778711536,2225.1234753878,6.56085282795384,13367459.0,1502000.0,2.96,12.4397165660231
GTM,Guatemala,2007,35.6435377,50.8040963,43.0796107,55.9487338,37.4728335,48.55585,42.3453198203345,25.9805176037841,43.0208467063922,2.55959192771149,6.33771869016203,2458.81573919384,6.82161753590326,13652040.0,1628000.0,2.847,12.6198129936818
GTM,Guatemala,2008,38.7438607,51.9237649,42.586499,56.8314151,44.600349,48.9246079,45.1519299292567,25.1243459208619,40.0543846004484,1.89952208705823,3.29352400028485,2763.05988172926,11.355761126315,13935174.0,1715000.0,2.898,11.4940758820625
GTM,Guatemala,2009,37.7046661,51.4490311,43.1314365,56.4619512,45.7880882,48.6329839,45.7103110094951,24.3678264820599,33.6728604918074,1.34627822535543,0.476898106596394,2611.64632773352,1.85910254733028,14215611.0,1311000.0,3.22,10.7798821237051
GTM,Guatemala,2010,35.5132962,51.2474752,43.3351526,54.6668996,44.7927753,48.8463636,41.1031293722721,26.2254643341594,36.8997282404628,2.71030706792051,2.88417542800377,2805.25960237322,3.8595090983316,14500112.0,1384000.0,3.497,10.3860258746852
GTM,Guatemala,2011,36.9515703,51.9002933,41.4438293,53.4181382,43.4557882,48.4997043,38.4055692334411,27.0677057848772,37.9793452571685,1.87038244023626,4.16390688293349,3168.98370607705,6.214123930671,14792126.0,1434000.0,3.169,9.67029683304015
GTM,Guatemala,2012,31.9388738,52.8007905,42.1429492,53.9598901,43.2481681,47.7978126,34.1624967821479,25.267092636425,36.6923266987792,2.82256297187213,2.97470856847661,3286.61959336267,3.78180754679678,15089647.0,1491000.0,2.765,10.0118587523679
GTM,Guatemala,2013,32.9608278,52.596713,41.0375769,53.3196025,43.7378111,47.3003404,33.5015723155484,21.9981664670011,34.6870824337369,2.87216286478145,3.69476814623695,3444.15802275864,4.34337131279521,15387337.0,1516000.0,3.017,10.0077092042108
GTM,Guatemala,2014,29.8408598,52.6953567,42.7400931,53.5113318,45.0348827,47.9350844,33.4975903480006,21.7443606885213,33.3389129283464,2.43302117698753,4.44397825774911,3689.14510410202,3.4183616966296,15681725.0,1739000.0,2.717,9.94162203910492
GTM,Guatemala,2015,29.7569805,53.1864427,43.4926816,53.8771384,43.6459404,49.1210999,,19.8299071093932,30.0635447457053,1.93508794944894,4.09217170075418,3893.50533299068,2.3887203283955,15971743.0,1865000.0,2.506,10.4233903506866
GTM,Guatemala,2016,30.7721186,54.0529231,42.8561377,54.3354045,43.1626733,50.0212464,,18.753087949948,27.6196464426206,1.28045862124744,2.6778031930216,4060.13784737643,4.44844199942827,16268760.0,1906000.0,2.583,11.1465467414657
GTM,Guatemala,2017,30.229089,53.2007692,43.2936781,54.7263249,42.4114082,48.6578557,32.8054740415143,18.4950394164293,27.5743640248619,1.39328931381397,3.0798512212244,4324.99768915601,4.42453655182546,16567357.0,2120000.0,2.462,11.7144999374258
GTM,Guatemala,2018,28.0364322,53.4356567,42.7707203,53.0839896,40.5509621,49.6562568,28.9035441420162,18.1693258488802,28.8423594935889,1.25790065429015,3.40687328176345,4352.94593289707,3.75186186704508,16845685.0,2406000.0,2.283,12.8704296861911
GTM,Guatemala,2019,27.7851878,53.2129632,42.2356563,52.5514408,39.647213,49.2252506,25.9415998284592,17.6119727745274,27.9047614104306,1.51707073546928,4.01789830861587,4511.99839552697,3.69998398008605,17103803.0,2560000.0,2.193,13.8075410269222
GTM,Guatemala,2020,25.8627648,55.44489,42.7879231,52.416564,38.7529776,49.9469116,18.1882859775834,16.3436118075967,24.7971475931852,1.29230382378627,-1.78555117570465,4477.61785000665,3.21444062197345,17357325.0,594000.0,2.965,14.6751379764358
GTM,Guatemala,2021,23.4977807,55.2773771,42.5873048,50.4743236,39.0457404,49.8246596,20.2458705569498,17.6296569856584,31.6314924570096,4.19448571319716,8.04170398855833,4912.62240414681,4.26105127422813,17598650.0,,2.174,17.8213863093606
GTM,Guatemala,2022,23.4971554,60.175191,41.282466,49.8073017,36.2855344,49.8721602,22.0474401521257,18.9517853338562,35.4973111273629,1.51665826758099,4.15492196609047,5356.92435887895,6.88512823344287,17847877.0,,3.051,19.0404824285485
GTM,Guatemala,2023,26.462081,61.9825372,41.1815348,49.4354374,35.585897,49.1318918,23.3657267272051,16.6174908714024,31.7123069758568,1.58230175223989,3.52430434049013,5754.42833909847,6.20657592272126,18124838.0,,2.344,19.1575563867358
GTM,Guatemala,2024,29.356717,63.7385299,42.0421926,51.1608034,37.0120878,50.874865,,15.8834632887959,31.4218348560856,1.63228788754296,3.71558453779777,6150.89465281457,2.86992752918294,18406359.0,,2.613,19.1179716140238
HND,Honduras,2000,26.9386535,58.9755071,37.6896464,50.9366123,29.0623164,47.0084548,48.2838225250265,53.972182998888,66.4199815853478,4.8698431531529,9.61221879337278,1092.56400746252,11.0480349344976,6577773.0,689000.0,3.883,6.60250645825481
HND,Honduras,2001,,,,,,,51.6129566869927,51.3817002306282,64.5613715073255,4.04940697578742,2.72319327321379,1132.1648753329,9.67415556864781,6757993.0,672000.0,4.0,7.9784156429783
HND,Honduras,2002,25.5883514,59.1101615,42.899634,50.7312241,30.4694183,45.8074057,52.2131990441944,52.730582054494,65.2668723958051,3.6562173778393,3.75433786119939,1132.49965345317,7.6905097203429,6938859.0,788000.0,4.02,10.1981792127611
HND,Honduras,2003,27.0406286,54.986864,42.1692295,52.0387923,29.6389566,44.9612187,57.211379965735,54.0940274951722,68.154249680362,4.74055553954205,4.54703805165397,1156.08162681357,7.67416639397743,7119213.0,887000.0,5.3,10.51455531516
HND,Honduras,2004,28.03923,54.4070083,44.8189316,52.8098039,36.3816298,46.1211505,49.8561822453764,58.4229834527808,77.0387752890733,6.67606399673031,6.23230296069102,1215.13995412761,8.11379097093383,7298994.0,1026000.0,5.99,13.1814704759739
HND,Honduras,2005,28.9218552,53.8767716,46.5857523,53.7504352,37.4778482,48.6259793,42.9506250338895,59.0058417153113,77.4839263031749,6.16028277171203,6.05059922215973,1304.70039153826,8.80906074819817,7478355.0,1118000.0,4.909,18.5015124633633
HND,Honduras,2006,29.1543482,53.7655764,43.7718972,55.2380669,36.9422658,49.1157909,40.7218024373527,56.0546420538277,77.0771930504925,6.57287305327357,6.56724355177587,1425.84780051892,5.57775207654292,7656832.0,1136000.0,3.574,21.6026915899283
HND,Honduras,2007,29.3182519,57.4253476,43.8644198,53.8455576,38.7255048,50.9082374,45.7956895764454,53.5090115392915,81.5616233786251,7.82223281251053,6.18832716678008,1577.73789197407,6.93621470895786,7834798.0,1309000.0,3.211,21.1438409427367
HND,Honduras,2008,29.0399776,55.6790993,42.0790369,53.335537,42.7700284,49.7516624,55.6000203180321,51.3252766875914,84.4236785054621,8.65020371949481,4.23160011009342,1732.49062702803,11.4034270813932,8012587.0,1561000.0,3.156,20.324150822379
HND,Honduras,2009,27.8612324,56.0140831,42.1613911,50.0542227,43.3894785,49.1146392,64.4696634518731,39.5302508197518,57.3747551991386,3.38987200238321,-2.43162787988011,1781.15703614674,5.49634273772203,8189899.0,1589000.0,3.292,16.9826205436393
HND,Honduras,2010,27.8363145,54.0444474,41.7090701,49.6602762,43.6931305,49.3593531,74.5408954410341,45.7589061967483,63.6829320449336,3.83460574737835,3.73114034433009,1893.32722662035,4.69889064976232,8365878.0,1965000.0,4.119,16.5278735126143
HND,Honduras,2011,28.471068,55.6369504,41.1740984,50.5000283,44.1496187,50.6994626,83.1793333078082,51.2576866755535,70.9592159217832,5.88681418228473,3.83569066207505,2073.66121088074,6.7622795731476,8540583.0,1852000.0,4.474,15.8698406825036
HND,Honduras,2012,25.6781127,55.921737,38.2833267,52.2588121,42.5883501,49.2403978,82.2941714854712,50.9027988216362,70.2854169866486,5.83610988955542,4.12868774866939,2126.03474686503,5.19618615531848,8715076.0,1903000.0,3.755,15.7614551051777
HND,Honduras,2013,25.4597418,55.5043898,37.5525515,52.381511,40.2580151,48.2732035,72.3455871413622,47.9414903194725,68.3645589279634,5.77862113948416,2.79155975746801,2081.12843527945,5.16189898581494,8889278.0,1857000.0,5.646,16.7474848196542
HND,Honduras,2014,28.4408733,53.4529725,38.9854505,50.7002653,44.1021461,46.007592,64.9996731259012,47.5626547300206,65.4124425546899,8.62899693066618,3.0580805621437,2179.88171977271,6.12924930313031,9063122.0,2082000.0,7.078,17.055189798725
HND,Honduras,2015,31.6906491,53.8787376,39.5934368,49.5295265,44.9663951,46.7004735,55.7305404552518,45.1667574562581,62.097647897982,6.27594328427599,3.84007997093951,2271.20265980349,3.15783117980915,9237305.0,2093000.0,6.147,17.4749176819329
HND,Honduras,2016,29.4470652,52.9159142,39.4845732,48.325469,46.082339,45.7275622,54.7151729955654,42.7141047814182,57.1016121691742,5.28156973350556,3.89297219726413,2307.34468351082,2.72461223295289,9412380.0,2228000.0,6.727,17.790816103454
HND,Honduras,2017,28.9677959,49.3152433,41.0666387,47.1606284,45.9738274,48.8065064,40.2998017393682,43.0938548370178,58.7192562426045,4.10592046689605,4.84291391050387,2413.0076562942,3.93436084442037,9588137.0,2144000.0,5.528,18.6839353350606
HND,Honduras,2018,28.5007101,50.0723422,40.9391734,45.7170179,43.0201001,48.2441468,37.9817721287217,41.4548165613247,62.0963456541272,5.99386120691106,3.84499476966735,2464.64241531918,4.34734937777536,9765210.0,2323000.0,5.648,19.846249991541
HND,Honduras,2019,26.7021605,50.6002222,41.1935718,45.0507026,42.9824954,47.6523484,41.0111655865032,40.2185209903792,59.2410142548624,3.83846408231678,2.55963434592314,2502.32744328073,4.36587159819274,9943633.0,2315000.0,5.698,21.7081290113686
HND,Honduras,2020,27.3481657,53.313827,39.8551546,45.3902997,40.632136,45.9181909,35.7028493255269,35.8751401030378,52.1257162805914,1.0106822391556,-8.96508223267296,2307.61494319511,3.46841177951171,10119640.0,669000.0,10.982,23.9319582167015
HND,Honduras,2021,25.486816,50.8680943,40.4990278,45.9754618,39.2739701,46.4372245,38.2025965034663,39.3653983599255,64.0072450999929,2.84361329738544,12.5652843771279,2735.14751503977,4.48087963413446,10289877.0,,8.506,25.5945914762165
HND,Honduras,2022,27.262832,56.817659,41.0373347,48.1077065,38.9018653,46.1748139,34.9679353875888,42.4391817948962,70.2593431190701,2.41292398026651,4.14356194013767,3003.28996826399,9.08963911525032,10463872.0,,8.774,27.0011044721289
HND,Honduras,2023,26.1630725,59.3382064,39.1783868,48.4559086,38.3947811,44.4232403,31.4424316507577,37.3686804713719,61.4232993622646,1.68381240542467,3.57584760454412,3227.45762509776,6.66325180347463,10644851.0,,6.07,26.1039039273527
HND,Honduras,2024,23.1946934,58.552621,38.6045194,47.7090657,40.5524727,45.1520988,,33.9216124364928,57.7477993509193,1.29157460831069,3.63240745450875,3415.96027916712,4.60621098127101,10825703.0,,4.91,25.743791487013
HTI,Haití,2000,23.8196516,47.7480764,31.4244728,41.9547828,22.9670756,31.0386921,,7.35798043194839,19.7955416317434,0.194464980712557,0.870059259424892,820.600046761464,9.33322197565603,8303151.0,445000.0,8.443,8.48307613976286
HTI,Haití,2002,16.1240335,38.4362661,28.5405262,34.8105671,15.6891494,31.6939336,,6.28442947052392,18.6552490054589,0.0918488613041635,1.05182013450109,720.969568042522,7.03287406224601,8607641.0,482000.0,11.008,10.8874739699598
HTI,Haití,2003,17.3318459,40.7016874,30.3228277,37.2228112,15.7898728,31.4759249,,9.27243551684809,27.924907927616,0.272084819262136,3.48077973188326,578.995291079709,28.6995777887374,8759912.0,518000.0,12.151,15.9899122044632
HTI,Haití,2004,19.8613853,32.9143729,31.5042712,38.5258687,15.2649708,29.4737638,,8.37501274392717,25.4059576091787,0.0969221359795515,-1.3178567596495,683.185298155273,21.0318339277222,8910263.0,385000.0,13.415,15.302855347524
HTI,Haití,2005,16.6130941,35.059461,30.078283,40.9704992,19.8051245,31.2606103,,8.60730926012051,26.3577952437023,0.369835650694654,3.07217337664731,775.845704056916,13.973008326384,9061273.0,480000.0,14.559,14.0274963951975
HTI,Haití,2006,22.4458861,41.1668276,34.3696276,43.7141832,18.878029,40.5654031,,9.02116806690294,28.0359023459967,2.10244121995639,1.76875060288195,828.805700289589,11.3452152244299,9216562.0,558000.0,15.866,13.9141942528881
HTI,Haití,2007,22.0614471,42.2355718,36.0791914,45.2341022,18.8855327,40.1754781,5.18494241513337,8.4436893222519,25.8388596388774,0.807269738778004,4.70652994008303,984.566983448521,6.55722772638066,9373296.0,868000.0,16.8,13.2423552723956
HTI,Haití,2008,24.4368882,41.4131083,39.1550988,47.9271971,25.6465048,41.3224352,5.22517870924341,8.79139007136153,27.3536480740629,0.285633151798952,2.6580323082747,1094.66058421644,15.2817744823772,9530774.0,758000.0,16.204,13.1290988116483
HTI,Haití,2009,26.0186706,42.6985217,38.9165042,46.8121895,25.5015388,41.4042446,6.17157780979269,8.91611581819929,24.1803840064115,0.478313239983432,5.89037894844316,1196.8528706018,0.393886040173341,9689581.0,826000.0,15.398,11.8612273498359
HTI,Haití,2010,22.5690312,42.2244327,36.8604989,45.4286412,20.9883687,36.74858,6.90584205676174,8.57028815816493,36.1512359678808,1.50093014768549,-5.65151153448299,1209.72733503094,4.82734190074673,9803294.0,793000.0,15.244,12.4274041426186
HTI,Haití,2011,21.8586325,43.0728613,35.8412905,45.2138717,20.975273,35.7246426,9.21844574684968,10.0831141670054,34.0804562349333,0.91476918408797,5.09821354410036,1312.03953552013,6.33279483849042,9914904.0,946000.0,14.506,11.9255644590233
HTI,Haití,2012,20.7795044,45.7689645,36.272515,44.0246605,21.6322622,35.5417346,10.2584264457666,9.65509365703807,30.6031478417748,1.13794476642421,0.502424403581585,1361.39396587374,5.01804155429246,10069771.0,959000.0,14.1,11.7611409672879
HTI,Haití,2013,22.4121593,49.4928984,36.5528543,43.5361146,22.9794304,35.6943223,10.1639909561024,10.5162857583955,29.8162239978596,1.0865204500402,4.32478411472874,1457.83221179626,4.76502404779142,10222362.0,1064000.0,13.704,11.9509923558058
HTI,Haití,2014,19.1758359,49.6150785,38.8915355,43.4023571,15.2189106,33.9707674,9.44739032712553,10.9748356235428,31.3766902836191,0.653599798370867,2.88877250863379,1460.18898613914,3.43816659958601,10373235.0,1127599.97558594,13.808,13.05241389516
HTI,Haití,2015,18.8468161,49.5294541,39.2976462,42.7443825,16.2881576,33.6892244,10.1774724071475,11.767746984448,30.1779911327564,0.711667596569424,1.40000000859727,1411.12684746796,6.73184069658997,10523242.0,1190000.0,13.785,14.7852864304503
HTI,Haití,2016,18.7979123,50.0517741,39.4786,43.4951672,16.0393857,33.5229854,9.63317380185292,11.6019709432331,29.8089312729643,0.745596209929376,1.81246807847532,1318.40268167953,11.5029073942666,10671457.0,1153000.0,13.902,15.8295930130992
HTI,Haití,2017,19.3712697,51.0965071,39.616906,44.246675,15.9097322,34.1321053,,11.0034703442067,31.0710774426844,2.48360915333592,2.51027134544685,1395.23945184461,10.6800887242584,10817754.0,1262000.0,13.932,16.0280141652909
HTI,Haití,2018,19.0680937,52.2146494,40.2012929,44.1796376,19.2410846,35.1618561,6.77773609475147,10.7808225917355,34.3577537109868,0.640093066153268,1.66781095484656,1496.38048970156,12.4814111170435,10962362.0,1333000.0,13.934,16.6739852493704
HTI,Haití,2019,18.5781899,48.9421846,40.2443295,42.9280996,16.0054633,34.8480062,,10.5576734334849,34.0110453423444,0.499464210439719,-1.72309699839232,1352.17204191532,18.7037825672506,11105163.0,938000.0,14.095,17.9484096513974
HTI,Haití,2020,18.8985742,47.5299844,39.3025714,41.9821098,15.126391,34.2860426,11.3840030566048,7.65100448067923,29.7628756445846,0.17231607778598,-3.30550546965893,1290.32538667383,22.7963113642528,11243848.0,,15.573,22.4512536627714
HTI,Haití,2021,18.1548723,44.5050846,36.1894292,38.7351236,10.8954158,32.3599945,14.1983189542019,4.35213301018327,29.0598696670291,0.247164798843834,-1.79823988931486,1824.6798742577,16.8415240198785,11374586.0,,15.296,19.2454738023594
HTI,Haití,2022,17.6610855,49.3845384,33.0798709,35.1708004,11.6625276,32.3384383,18.9766582756746,3.91430894905528,25.8602985263172,0.195958763168676,-1.68198396897978,1748.40890116803,33.98393194707,11503606.0,,14.54,18.8820733039589
HTI,Haití,2023,17.8193634,48.6945792,31.7942847,35.304756,11.7317356,30.3620269,41.1518089717388,3.19960218811037,22.0482963060687,0.1208234771512,-1.86388420254838,1681.84407667059,36.8135162780854,11637398.0,,14.459,19.1763569676585
HTI,Haití,2024,17.0438893,44.9932916,32.293503,34.5541897,10.7939187,30.9493306,,2.19043620968954,16.4643255688329,0.0824597396111034,-4.18495104762965,2060.35591768638,26.9490564091987,11772557.0,,14.609,16.9486338151218
MEX,México,2000,46.9773424,64.0357559,48.3826746,60.1920531,52.977173,60.5616159,10.8866310831903,24.2311734681303,25.6792357191195,2.47719212470142,5.02928399378261,7524.0271380091,9.49156149435403,98625552.0,105673000.0,2.646,1.01403249008326
MEX,México,2001,,,,,,,10.2748177070264,21.5412102050357,23.1988988072816,3.77607805696573,-0.450845253215945,7952.76479510706,6.36773806235037,100099099.0,100718000.0,2.627,1.27455273359175
MEX,México,2002,41.4130839,62.9353429,53.953474,63.0348491,45.3242518,65.5563,9.93415725652767,21.8517619236376,23.3580673360145,2.48685750053046,-0.236588001922641,7983.03398381759,5.03072733151295,101548624.0,100153000.0,3.003,1.36054139637086
MEX,México,2003,41.432269,63.9146078,54.6078155,63.6970372,46.1829191,65.2512882,9.79524704840011,23.6555935033272,25.0448233657183,2.37188032037657,1.18554486709559,7434.07465031562,4.54690012118718,102978515.0,92330000.0,3.455,2.17538855849346
MEX,México,2004,38.7665173,63.0362085,55.7844936,64.4790376,47.3362098,62.8650688,8.93632612354424,25.1033560080055,26.9372640255577,3.06821035154364,3.56544102622887,7849.66759649565,4.68840884843143,104394131.0,99250000.0,3.937,2.42376280545687
MEX,México,2005,39.2478724,59.2324538,55.2508945,64.6947558,49.4665514,62.1504865,9.37610715749773,25.4870738310602,27.0755708259848,2.74220134246066,2.11324711473297,8671.75891798441,3.98805714597437,105811504.0,103146000.0,3.558,2.47848065879594
MEX,México,2006,41.1571657,54.8958426,55.304032,62.5959161,50.3812122,62.9501886,9.74512148491559,26.5547481705759,27.927367918041,2.16893035275929,4.80501351664901,9512.63575346699,3.62946762439132,107253666.0,97701000.0,3.566,2.60156038099559
MEX,México,2007,39.860407,54.6555214,53.9048399,61.8713774,48.787886,62.4528679,8.15173722925145,26.7810613301488,28.477463068888,2.81398718042151,2.0778639395329,10134.3327129706,3.96684905458235,108774360.0,93582000.0,3.628,2.49619834709178
MEX,México,2008,40.1761357,52.604968,49.5616645,62.1468054,55.2890802,62.2544185,12.6895495806052,27.02006122825,29.3452206449273,2.56307995857491,0.943331872912935,10523.7685427665,5.12498274575896,110374288.0,92948000.0,3.874,2.33150871646991
MEX,México,2009,41.6655083,51.7194264,50.4519181,64.106107,57.0281646,62.1780231,17.6812940453664,26.5132697253683,28.0784724102639,2.08311648643152,-6.29525056697287,8423.56933148639,5.29735584228856,111999721.0,88044000.0,5.356,2.42656562239456
MEX,México,2010,40.329522,51.1378518,49.9932697,64.491388,53.7771162,58.4896612,22.6686472946558,29.0174601175767,30.2559244160519,2.76223720236461,4.9713345832195,9728.80078307432,4.15672722680174,113623895.0,81953000.0,5.303,2.05963610276583
MEX,México,2011,39.4770331,52.613505,48.5364549,61.9054026,56.6881954,59.0563606,23.6134785680132,30.4429662274867,31.7194210489631,1.9442261568419,3.44404505297089,10664.4944032313,3.40737824605742,115243504.0,75732000.0,5.175,1.96824777394668
MEX,México,2012,38.2150702,51.4441457,48.4221915,60.7943002,58.535077,61.0967349,22.2285552341782,31.5394503933211,32.7184815005778,1.45258915061197,3.55321076010608,10744.1335236186,4.11150981070289,116818208.0,76749000.0,4.892,1.91669184908156
MEX,México,2013,36.6865911,51.3516805,47.7466678,60.4794865,58.6066942,61.1202209,19.4881727966757,30.7558005807208,31.9358741854644,3.83670268116194,0.852101550164704,11216.800851866,3.80639069747204,118343573.0,78100000.0,4.921,1.80619576703496
MEX,México,2014,32.0923489,48.8357924,48.9210852,58.77198,56.2270179,60.1294287,16.7050327254596,31.4629921982533,32.6354168333342,2.08415748539387,2.50376350783593,11391.3773503964,4.01861608078679,119784261.0,81042000.0,4.819,1.87295707028152
MEX,México,2015,31.043835,49.9280415,47.7209362,57.5729325,55.6488036,59.5402728,17.1484302942078,34.1627726891004,36.2502019908254,2.98783786611186,2.70232343024026,10021.2386113616,2.72064064964023,121072306.0,87129000.0,4.311,2.21091481764298
MEX,México,2016,31.7159038,51.0391012,47.9635925,57.2129268,56.1021233,59.3405134,20.0889396309777,36.8156772514808,38.8746261573743,3.49768027047347,1.7724932254128,9097.92397674769,2.8217078474766,122251351.0,94853000.0,3.853,2.63693007782724
MEX,México,2017,28.8901617,47.4310288,46.8984243,56.2029678,54.2425593,59.4360773,25.9959360229634,37.514088621552,39.4380374225879,2.78307493364523,1.87172854648381,9649.27816729586,6.04145724018986,123400057.0,99349000.0,3.419,2.76495197169518
MEX,México,2018,28.6550646,49.4043039,45.3393469,58.0549214,53.1115997,56.6880892,29.4484283285099,39.0439304387032,41.1687312115588,3.0141785043816,1.97208211101069,10084.7937570364,4.89935015356551,124573711.0,96497000.0,3.275,2.90745049946994
MEX,México,2019,30.0414716,49.8031051,44.3596455,57.9904972,53.4672335,56.2938674,29.150867187807,38.5296507889335,38.9323214620124,2.29651449559824,-0.392690513290532,10369.5553593527,3.63596142127046,125762982.0,97406000.0,3.477,3.05446883203451
MEX,México,2020,30.7585351,51.7248742,42.9836475,57.4400797,52.5832181,54.9581648,29.0010048931398,39.2353720952982,37.6191836198755,2.81400875229273,-8.35403459379062,8841.27074929751,3.39683415570006,126799054.0,51128000.0,4.44,3.92284685532164
MEX,México,2021,30.3971662,52.2740284,42.3378151,55.4726283,51.8309705,53.6247346,27.9675034061893,40.5691931964594,42.500104429993,2.70530313479407,6.04848347173572,10314.0506733708,5.68920847683753,127648148.0,,4.019,4.18261481427367
MEX,México,2022,30.3217328,55.1512771,41.1615967,55.1456605,50.4272152,54.2049097,25.8814968854168,42.9322902148243,45.8661953749018,2.67267286267437,3.70975708309098,11405.7940469896,7.8962761916855,128613117.0,,3.256,4.18953324638892
MEX,México,2023,29.4641586,54.6280582,40.9458996,54.7262368,50.0522673,52.9628345,24.8589948436701,36.1479343675069,37.5911414580596,1.7099038174861,3.1067964131456,13830.843848864,5.52796087314389,129739759.0,,2.765,3.69134338108489
MEX,México,2024,29.3815441,55.4426436,40.2631224,53.2988104,48.5494138,52.7818959,,37.2836162309013,38.1422853106055,2.48429388161511,1.35057631384696,13988.0423745241,4.72225588452932,130861007.0,,2.678,3.69507286315508
NIC,Nicaragua,2000,30.77629,60.0728991,44.0632288,55.5258839,24.1068203,49.7752689,9.47710001137849,20.1081658866931,41.1903315733091,5.21568567857809,4.10159025073438,1017.3124434882,7.06991352252517,5022633.0,581000.0,7.181,6.26273702493429
NIC,Nicaragua,2001,,,,,,,10.5546083051206,19.0419108824493,38.9382206647775,2.80655753554232,2.96084349057273,1051.874235891,5.98604186279518,5087825.0,584000.0,7.222,6.27271214834592
NIC,Nicaragua,2002,31.3361991,59.3078309,48.8083856,55.4537723,24.5282398,47.1220684,10.7574705924444,18.8471358845682,39.2441485235103,3.90334311480045,0.753938876079573,1014.3339042591,3.75017465778466,5149909.0,579000.0,7.517,7.20749721786351
NIC,Nicaragua,2003,32.9821249,58.940248,51.2776184,59.1215383,24.8738788,48.8961141,12.185846245133,20.704998914845,41.4700669729064,3.78225034215297,2.52073289551447,1021.35216668794,5.30238773219936,5210963.0,646000.0,7.6,8.24466691573136
NIC,Nicaragua,2004,36.8271745,57.7608133,50.0419466,59.5887507,30.0360882,51.7920023,12.2512960818705,23.0598557398256,44.1354610401784,4.31560328721207,5.31217056950739,1098.62118662335,8.47021063584077,5272912.0,735000.0,6.41,8.95573994162249
NIC,Nicaragua,2005,33.7928568,58.868414,50.2782145,57.9546937,31.650935,52.4295316,13.6463048137106,24.3821308946094,47.2635928126897,3.81407422484717,4.28239833770654,1183.30214010175,9.59909986064425,5342105.0,804000.0,5.37,9.74004769903941
NIC,Nicaragua,2006,33.3419567,60.6569707,48.9272792,56.3529166,33.8150496,51.0870826,13.3238467052683,31.2666288650856,56.0430419669934,4.24030000066427,4.15294559846254,1248.17371577788,9.1401996677772,5418855.0,891000.0,5.31,10.3124450852975
NIC,Nicaragua,2007,31.5189713,63.8464378,48.1396804,55.8931439,34.0523326,49.8656134,12.9883276955078,33.0635730423674,59.9621571869656,5.14186605474194,5.0763520180987,1350.38145753377,11.1269347446118,5497243.0,978000.0,4.89,9.96312322265429
NIC,Nicaragua,2008,31.4207864,62.0440171,46.9960221,52.6737489,37.176065,48.7863549,13.1980225202019,34.4704620011048,62.3235227291007,7.38263377911966,3.43571693608081,1523.68437086409,19.8262031287429,5576593.0,1011000.0,6.2,9.64932478160403
NIC,Nicaragua,2009,31.5739851,60.6521116,45.8213526,52.2242749,38.2161813,47.5906337,14.1781256977468,33.9814942096139,53.0121162357305,5.22852820149836,-3.2926651586197,1467.08288052845,3.68700160498797,5656601.0,1010000.0,8.16,9.28217394241574
NIC,Nicaragua,2010,30.9568817,56.1074682,45.2589635,52.3221169,38.878824,47.6426668,13.682036444762,40.4671151559929,59.8969432679261,5.59335824334059,4.41009911716546,1526.56706951408,5.45513425887423,5737450.0,1071000.0,7.83,9.41702771812067
NIC,Nicaragua,2011,30.9474474,57.3803214,46.4669164,50.3331797,39.1021474,47.769868,12.682480356333,45.0169781525763,66.8104757834228,9.5791738556055,6.31668553491842,1679.71192084633,8.082387980991,5819051.0,1122000.0,6.613,9.34693285750421
NIC,Nicaragua,2012,30.7577121,57.0858938,45.097498,47.4411727,39.8037989,48.8765547,11.4042929452756,47.4691755587782,67.7081129154196,7.36516075625111,6.4961364710876,1784.69836017555,7.1935505333896,5901287.0,1233000.0,5.208,9.64962340670105
NIC,Nicaragua,2013,31.3138874,58.9055269,45.2567884,48.3655833,39.8701168,49.5108115,9.92672854383165,45.2142694902064,65.7699383901753,8.78722600899979,4.92709413447304,1835.43996363715,7.13546785289407,5983845.0,1273000.0,5.28,9.84522586626409
NIC,Nicaragua,2014,27.6320698,63.0979285,44.3139725,47.8160907,38.8338772,49.1497297,8.6540960289815,45.008072249634,61.6901279411621,9.06363827053251,4.78546013589983,1958.37047579547,6.03596861798425,6066492.0,1390000.0,4.52,9.59728859218162
NIC,Nicaragua,2015,27.573173,62.675682,43.1109349,46.4738127,38.9331289,50.4113556,8.52113297894743,40.0837782888412,58.1103863053949,7.58033255797744,4.79226768332697,2074.45620634731,3.99737996694396,6149417.0,1456000.0,4.7,9.38722671993586
NIC,Nicaragua,2016,26.0140069,62.8230877,43.764329,43.1463742,38.2007644,48.8552791,7.26815838263741,38.8820263906579,54.9317014223508,7.44462628012218,4.56314739524967,2131.68704828322,3.52317317628473,6232666.0,1596000.0,3.9,9.54456635913753
NIC,Nicaragua,2017,25.9757738,62.5133137,44.5847218,43.181796,42.5013775,47.2541276,6.82368909372622,41.338969262606,55.0416171725122,7.51057620596971,4.63120757580209,2182.61380995674,3.85067166284727,6316231.0,1958000.0,3.3,10.1168636608711
NIC,Nicaragua,2018,23.3334614,46.3491215,37.8323141,36.3716556,35.8540301,46.5105678,10.65611679854,42.2771474372665,51.7075930552738,6.43060058137235,-3.3633566598573,2035.16549390507,4.94723728039886,6400080.0,1412000.0,5.2,11.5529700989125
NIC,Nicaragua,2019,23.7722425,49.1764798,36.9437643,35.7030518,37.1846597,44.8406039,7.94304819024202,44.8044297851925,49.2377861394288,3.96093444094211,-2.89686986728901,1958.62051528095,5.37628990844126,6483657.0,1455000.0,5.457,13.2797611157152
NIC,Nicaragua,2020,24.8089499,56.4442218,35.9122865,35.6776168,36.914883,43.6913762,,41.7461005411755,46.8920225817213,5.86574902695673,-2.23654176262323,1938.44704754382,3.68181341625572,6565267.0,474000.0,6.18,14.575973804427
NIC,Nicaragua,2021,23.1346448,58.3250352,34.4840903,32.5602187,36.3401648,41.3370832,11.3473196321723,46.4042462306705,59.8031518362997,7.36996671682569,10.4543887816515,2138.38573878237,4.92841396948968,6644741.0,,6.076,15.1305304091898
NIC,Nicaragua,2022,22.9683266,62.681135,34.2325129,30.6364287,32.6920666,39.3914775,,49.895771373158,65.558899558761,8.23239594861789,3.55027477135765,2322.89069619459,10.4674244465991,6730654.0,,4.969,20.6414328376813
NIC,Nicaragua,2023,22.6526543,64.3659665,32.6545438,29.5501869,32.2556785,39.2588589,,45.8658095323572,59.1537260474944,6.25581191942426,4.42779393186883,2609.44491147975,8.38765854872536,6823613.0,,4.698,26.1841026231544
NIC,Nicaragua,2024,19.2956729,64.3681288,31.509348,25.8891172,30.9640393,39.3988712,,40.986351560247,58.1597135297009,6.86575238184716,3.58094495324541,2847.87639497305,4.62473841057141,6916140.0,,4.98,26.632397170907
PAN,Panamá,2000,38.189408,67.6610565,53.1716622,67.4207969,49.9922598,63.8607499,9.93233884821742,68.9601167325743,70.2378181350816,6.9176468268032,4.20900547865375,3975.09308659503,1.49896111605778,3010369.0,600000.0,6.188,0.137049296882789
PAN,Panamá,2001,,,,,,,9.9689317914936,68.7000854646216,66.8842656537739,4.9522944609476,0.949908149985234,3991.7767076924,0.307062436028722,3069537.0,737000.0,6.293,0.596593152760827
PAN,Panamá,2002,38.340529,71.1452299,58.0522546,67.61923,47.0026779,62.5013496,12.0152977748691,62.8290573143366,63.1954251355142,1.93034036728479,2.50884372716125,4090.58617397129,1.00583090379039,3129344.0,800000.0,6.302,0.660893545415999
PAN,Panamá,2003,39.6785688,67.3046163,58.2838857,67.3653116,46.3103661,59.940926,10.5649025160456,58.1335706161728,59.1339083244728,7.72303743989763,5.09686030493801,4264.66428846636,0.391666666666709,3189807.0,897000.0,6.303,0.785094611251729
PAN,Panamá,2004,39.8470736,67.5288149,59.5504961,67.2818166,48.94098,59.3222744,9.47355777770635,60.576824415491,64.1849321049543,8.46279991168861,8.17565333965649,4644.56582353041,0.474723078204362,3251155.0,1004000.0,6.097,0.721182338510751
PAN,Panamá,2005,38.3171583,64.1948667,58.3686571,68.1647843,49.3855146,60.7632965,10.9869362611305,68.2355959083914,70.9755691783328,6.64344440768547,8.27618334503531,5017.7410922824,2.85588324760957,3313026.0,1070000.0,5.967,0.779600140561424
PAN,Panamá,2006,39.2645281,67.0314366,58.5586407,69.3383088,50.6461706,60.8310862,6.54810061378814,69.1942342226276,72.2783370587819,15.7789064536681,9.85723870564752,5528.76705469354,2.45789346442102,3375024.0,1215000.0,5.792,1.61042060568803
PAN,Panamá,2007,38.2764723,67.6308668,59.1359355,68.9606253,52.4725409,62.10856,8.11638724767199,71.9791727879009,76.6864283016716,10.2406206022371,13.1530653782933,6317.81730274124,4.1686330029888,3437490.0,1428000.0,5.665,1.63601281473689
PAN,Panamá,2008,43.5961875,66.8910785,58.0503975,70.0823696,56.3960057,64.0873488,14.0831048875658,78.2985921255699,86.2876940102004,9.29189970284583,10.1974325907958,7347.59050324397,8.7586831772878,3500648.0,1575000.0,5.639,1.46959752622415
PAN,Panamá,2009,41.9603151,67.6325507,57.1315419,70.7919703,57.6276088,62.2024249,15.7671135605313,69.9648088440032,67.0812127666744,3.90591048455581,1.61186405976055,7796.92617035048,2.40905304082201,3564381.0,1562000.0,5.857,1.21261338857237
PAN,Panamá,2010,41.1526372,64.3407234,56.8693643,68.9888662,57.7828193,63.3490188,12.677292626363,70.025242127624,75.4234766788056,8.43207038785787,6.07339353106087,8331.46421351868,3.49128872618809,3628535.0,1726000.0,5.845,1.35622331765004
PAN,Panamá,2011,40.999257,65.0272305,58.1949008,68.4595179,57.4495104,64.8190063,14.8639320731842,77.7456721038553,80.4627232429577,12.31683544373,11.9088772249531,9662.29592216607,5.87580243678763,3693505.0,2004000.0,4.03,1.03172691108868
PAN,Panamá,2012,38.7692687,64.8678113,54.624519,65.9574404,59.2042287,63.7329755,16.9448445310514,74.5443157318036,78.6643046352987,8.13045858967083,9.62729346439019,11064.8063606203,5.69819959165993,3759256.0,2086000.0,3.691,0.987848675151762
PAN,Panamá,2013,39.3627533,64.1190427,54.3663159,65.4277801,58.8808471,63.0518861,17.3318403029072,64.5610772417975,68.5104916939844,8.09167357098281,6.32435388662846,12273.3225037637,4.02715991571061,3825329.0,2202000.0,3.674,0.982758143103835
PAN,Panamá,2014,40.1064209,70.4546434,57.2689219,66.9564766,59.2123178,62.5423034,15.5186126360303,54.8890820412486,60.0815228858041,9.69216526905834,4.62581375565551,13213.1989637473,2.62652699929143,3892101.0,2305000.0,4.391,1.47081971942776
PAN,Panamá,2015,39.495488,74.2319898,56.9326339,67.8057237,59.9483748,62.8676234,11.8938357734005,47.3866198943049,49.1925374485908,9.17966898468326,5.26691719595516,14082.6548502728,0.137492058461588,3960035.0,2553000.0,4.335,0.993763317506586
PAN,Panamá,2016,38.0727399,73.8820907,57.2809918,67.5201327,61.3626018,62.7110574,10.0519063068018,41.7407554754564,42.6552163983547,8.78226077131318,4.57196707937275,14832.3611608191,0.73973402529995,4029086.0,2379000.0,4.717,0.84088232821862
PAN,Panamá,2017,36.7794426,73.7530242,57.1999888,67.1002649,60.7958868,61.5996074,9.22242063167726,41.4710106917443,42.576526548549,6.34573158944271,5.7440594635578,15694.6297454295,0.875585918759963,4098707.0,2517000.0,5.338,0.82912336810086
PAN,Panamá,2018,36.98446,72.0083477,55.2783613,68.1915589,59.6399311,61.5349507,9.62124332136356,42.3471044929045,43.78385701834,6.39404563819442,3.91824253321265,16151.3273478476,0.761578359399945,4167860.0,2487000.0,5.161,0.799027587188795
PAN,Panamá,2019,37.0700881,72.6305083,54.7795714,68.5584188,62.6235199,61.6685867,11.3349220328569,40.2141745207689,40.2144760441879,6.71350419888271,3.10295395631086,16477.9066285687,-0.355083821021246,4234700.0,2494000.0,6.256,0.832419781313777
PAN,Panamá,2020,37.5600685,71.5267292,55.0269074,68.4383845,60.6608296,60.6521859,11.6461589453797,36.269088105591,32.431335405012,-2.85980025219661,-17.8211174074602,13290.5608347594,-1.55027540803761,4293261.0,647000.0,14.663,0.67742590721831
PAN,Panamá,2021,37.4881752,71.7946556,55.2287748,67.3124891,59.6297214,59.7515281,12.6570480772218,41.6067039493249,38.5267595739638,2.71982266279312,16.4669992022652,15509.8069109784,1.63070337301898,4345405.0,,10.177,0.840846144368929
PAN,Panamá,2022,36.6764246,72.9911154,55.2473963,67.1048161,56.2915386,56.9782327,11.3389170493456,48.0265978360198,45.4486710192298,3.09254919376261,11.0386022908773,17378.6070083597,2.85965128834711,4400773.0,,8.086,0.688288624172831
PAN,Panamá,2023,36.9282056,71.9653279,53.7744679,67.0665682,54.8230865,55.9613792,11.7072934419645,45.6292440025453,42.7196665144342,3.26384312723174,7.16634016390665,18797.1933894611,1.48641355277038,4458759.0,,6.544,0.615281967406083
PAN,Panamá,2024,37.131345,71.8407332,53.2051087,67.0129566,57.4707956,53.9586276,,44.3578422661429,39.3159365958787,2.41063281860388,2.74784148771307,19161.218843129,0.69322555100446,4515577.0,,8.451,0.61438608714797
PER,Perú,2000,37.7056706,42.5870286,45.2530134,50.249136,41.7907321,59.8252432,,16.7683737208169,18.7696584415009,1.56479019339424,2.69437139806912,1945.41338451698,3.75733833344474,26598331.0,,4.959,1.38693075533602
PER,Perú,2002,43.0565992,44.3900678,50.1921001,60.509691,38.9352003,53.6693672,,17.2748078529874,17.9743734787821,3.93562084538866,5.45352893818767,2007.37019626753,0.193135003853722,27288217.0,,4.84,1.28772179077061
PER,Perú,2003,46.8198734,43.6826859,50.6267602,59.9141495,33.2589311,54.9222343,,19.0146669472489,18.6099433778513,2.27308642513175,4.16502313666112,2129.44114197634,2.25937753363072,27580490.0,,4.15,1.47877535639654
PER,Perú,2004,39.7748152,49.6848115,52.8173608,59.6066818,35.8559009,57.1592212,,22.91223375085,19.0238445170772,2.39489207548148,4.95820320611745,2397.25147277714,3.66247320092233,27852190.0,1650000.0,4.71,1.6964738424159
PER,Perú,2005,39.977886,50.0262174,50.9984028,61.0739417,36.6730622,55.9784234,,26.8487611117093,20.5085563651301,3.39034816926813,6.28506032509601,2706.66947297608,1.61630193862544,28101180.0,1938000.0,4.87,1.89331588408079
PER,Perú,2006,42.7673597,53.3646146,49.876444,61.3744468,38.0349308,58.4099881,,30.536636453521,21.2484195803232,3.91065680458787,7.5288990440594,3129.55996496982,2.00225801248819,28324491.0,2227000.0,4.17,2.0729107456208
PER,Perú,2007,40.8731164,56.287841,49.520452,61.6047415,38.2895936,59.5704312,,31.5221165305465,24.165996753135,5.37428655925625,8.5183877690955,3581.0893081917,1.77998644680372,28530699.0,2451000.0,4.08,2.08553802579695
PER,Perú,2008,41.9037966,53.9682012,48.7726289,63.7283207,42.830437,59.6729585,,29.7276302098838,28.7061371800215,5.74335697642786,9.1265683014642,4197.58444634142,5.78587598206755,28719041.0,2581000.0,4.03,2.02706961928358
PER,Perú,2009,40.268253,49.8805096,50.1933969,62.729479,45.8179108,60.860544,,26.4420527390278,21.669876876324,5.32237544034606,1.0958236592427,4181.18755462253,2.936231535967,28896811.0,2681000.0,3.96,1.99357606247792
PER,Perú,2010,42.7914546,52.4511858,50.5163955,63.2647235,49.2705533,61.3778217,,27.8261641521747,23.8466447848286,5.73087732837535,8.33245910749577,5072.11494019615,1.52832059732901,29086019.0,2948000.0,3.6,1.71758394083601
PER,Perú,2011,43.0676854,54.3237285,51.0245003,63.7942314,49.8440598,61.5712961,5.5180019181967,30.5027597563889,25.4855205274718,4.47262658184166,6.32719240161117,5861.35793645245,3.36931095333853,29304086.0,3299000.0,3.477,1.57017608748452
PER,Perú,2012,40.7450837,53.7658077,50.3834794,64.4205555,50.7623191,60.5777994,6.65981599009637,27.4496143710972,25.1702808921321,7.36173683394684,6.13972470560435,6519.37852981527,3.61121294940163,29550366.0,3642000.0,3.238,1.47367128502939
PER,Perú,2013,39.953662,53.562447,49.4933675,62.6258012,50.7930955,60.2684082,6.75097413739705,24.8082994208508,24.9788430262935,4.75734900182415,5.85251821084928,6746.80025696601,2.76789666082002,29817919.0,4010000.0,3.575,1.36617622391414
PER,Perú,2014,36.273805,58.4245305,49.715313,62.4643186,48.9545465,60.9311157,6.89338555748064,22.6069703758151,24.2461507154749,2.12302965027806,2.38215737180541,6667.13410360861,3.41194579807465,30115826.0,4062000.0,3.208,1.33950365096341
PER,Perú,2015,36.082934,59.8939211,51.3968926,63.3449519,48.1264018,61.6039592,7.37746900609372,21.2873252858958,23.875443403219,3.90315707606412,3.25224477218451,6231.71150338894,3.39809194746308,30457600.0,4381000.0,3.272,1.45677840371066
PER,Perú,2016,37.8108631,62.508672,53.250673,63.5132374,50.0651133,61.7418232,7.88881315592262,22.6003137409908,22.7885274554247,3.66247550178788,3.95331871520767,6217.03599995447,3.55717663556279,30866494.0,4718000.0,3.741,1.53367517529191
PER,Perú,2017,36.0963662,61.6984847,52.7061969,63.9933032,51.8536209,61.0640081,7.9394377010568,24.7198719746973,22.7936783872998,3.65967264603654,2.51883544233135,6736.16693725487,2.99490045809443,31324637.0,4992000.0,3.691,1.47518841959064
PER,Perú,2018,36.0588653,62.6556256,51.6145638,64.9233384,49.859798,62.0299801,7.68710269227761,25.1921846722472,23.4392854994888,2.78225210860643,3.969351341365,6978.49121548627,1.50915423024742,31897584.0,5384000.0,3.492,1.45298846911572
PER,Perú,2019,38.158594,63.9696202,51.4347008,64.6792177,53.6589455,62.9452307,7.3499267457301,24.0390874349068,22.9044179405342,2.25881990677455,2.24063176875049,7037.00803692604,2.25212191358027,32449303.0,5275000.0,3.379,1.4646873478317
PER,Perú,2020,38.0035758,60.168047,51.96263,64.8398856,51.9941924,61.117186,5.79501314909191,23.0114431429931,21.2345240547509,0.464940476173709,-10.9333065010382,6133.32552410183,2.00241205759292,32838579.0,1119000.0,7.179,1.44323462669192
PER,Perú,2021,37.7622739,59.5255006,50.2425534,62.4510671,52.7826671,58.2869701,8.60480803979216,29.225876726221,26.1824464676564,3.15463147592016,13.4166456126513,6828.53422535638,4.27166381536798,33155882.0,,5.097,1.59356371233468
PER,Perú,2022,35.0743517,53.9206255,50.7964811,60.5089423,52.0399374,58.0141997,,28.8196452516984,28.4530550594954,4.6280339832618,2.81819976419922,7353.74598721667,8.33370630096231,33475438.0,,4.291,1.50741651149215
PER,Perú,2023,34.9615687,52.9063451,50.5383653,59.9426032,49.2436782,58.9123235,,27.1701618135233,23.736868907826,1.64334960973353,-0.350699814345759,7919.04634828547,6.45561348369586,33845617.0,,4.899,1.65910444690938
PER,Perú,2024,33.7059337,56.1033679,50.1051553,57.9843678,49.2665579,58.2295298,,28.8839339520309,22.7972140350108,2.29780708272736,3.5152749274832,8526.29665719783,2.00770739412712,34217848.0,,5.199,1.69108666823012
PRY,Paraguay,2000,18.5799025,43.888477,41.1895908,47.7171458,25.7723021,37.5127165,19.5064839944888,43.3309260294934,35.3138037316551,1.21729436901028,-2.31414056819045,1736.11729210765,8.98215976750022,5100868.0,3924000.0,7.61,1.7130199979486
PRY,Paraguay,2001,,,,,,,25.3291976446545,40.6425889608269,31.963110050997,1.16763488895181,-0.834054716746095,1637.68615122932,7.26806028584825,5187689.0,3550000.0,6.206,1.64787181908521
PRY,Paraguay,2002,15.5965159,42.3289885,39.9867773,48.4418937,23.6252848,42.5613119,26.0770664744718,47.4750765387374,31.9664891095553,1.25620797120523,-0.0214043949985694,1367.76506935997,10.5102420856612,5261328.0,3194000.0,9.393,1.3715456499774
PRY,Paraguay,2003,15.9492634,49.6547707,40.4110745,49.9903472,23.6611722,42.528857,24.1249473264161,47.1446575963153,33.982706173801,-0.750191694990596,4.32074548551591,1443.99885236205,14.2367970499143,5326436.0,2859000.0,6.814,1.4236740138903
PRY,Paraguay,2004,20.1882467,59.1158792,45.064353,52.1535304,29.3905142,42.2144683,22.4380260884275,45.6878246718486,34.4166219437055,0.976461922292792,4.05741836363771,1786.21533938543,4.32326492967491,5388175.0,2589000.0,6.513,1.3715082491051
PRY,Paraguay,2005,22.5340074,57.2842343,45.1803662,53.7744957,33.2656222,42.3953501,16.2809142348236,47.5935921119847,37.428371542061,0.067986029076693,2.13349066459601,1970.87169852378,6.80738203116377,5448097.0,2648000.0,4.825,1.50221184795487
PRY,Paraguay,2006,28.1397669,56.6111389,46.0317504,54.8917164,34.8148164,44.7376256,13.4782946324326,46.2930851780555,38.4404461267571,1.39842122336644,4.80711719268376,2439.43124694576,9.58934941129229,5505148.0,2830000.0,5.277,2.5019676839783
PRY,Paraguay,2007,26.7132911,58.7348582,45.9179897,56.0001689,34.8592125,45.8077414,14.0842878975945,43.374929155941,35.6262082643558,0.588024684579866,5.42162287218235,3211.93621659546,8.13047417698577,5559386.0,3005000.0,4.713,1.90848171580223
PRY,Paraguay,2008,29.8918151,58.0875526,46.4485486,58.7337469,39.4756031,46.7021795,14.8390325698951,42.4383687094115,38.3392059478565,1.83503669212202,6.4962921197091,4384.9546943793,10.1547846489023,5613574.0,3118000.0,4.415,1.4731913743804
PRY,Paraguay,2009,30.7347266,58.038689,46.6234172,58.8662289,40.528064,46.6223291,14.4765607993953,38.0972540491829,32.7447278132603,0.860674450934745,-0.261137328080281,3941.84815479271,2.59194673430567,5671236.0,3183000.0,5.46,1.68775418813293
PRY,Paraguay,2010,33.9012081,56.8502283,47.0308428,59.3116931,40.8566548,46.9339857,12.9139714270104,42.1398416256059,39.1176817490668,2.76173378510787,11.0952312685521,4750.96273669322,4.65116279069765,5737971.0,3171000.0,4.569,1.50356446194434
PRY,Paraguay,2011,34.4611313,56.3311027,47.0515669,59.2586376,41.1066201,47.8388938,11.2990930113132,40.238859668619,38.2532641803157,1.95875255092885,4.28637120702282,5805.40154543044,8.2539682539683,5814626.0,3365000.0,4.67,1.60168910920421
PRY,Paraguay,2012,32.7153646,56.1999457,46.3280897,56.9272752,40.0809177,48.1537352,11.0055811353826,37.995519198228,36.7694382578514,2.61172771954633,-0.708043112316886,5642.1699167298,3.67591897974496,5897008.0,3655000.0,4.085,1.90581120158975
PRY,Paraguay,2013,28.8965077,55.323211,46.184463,56.6221254,40.1387821,48.4660271,10.0962064841382,38.7136655822512,34.6562058018563,1.13236628162492,8.29307648940471,6435.68342733182,2.68385738718582,5982445.0,3538000.0,4.385,1.61886190670116
PRY,Paraguay,2014,28.3405744,65.517973,49.1518034,56.5437743,40.5758436,50.7542915,9.52253702792393,35.4644118987732,33.6193130643613,2.51353754605074,5.30123864473624,6652.25478942291,5.02882767456766,6069811.0,3455000.0,5.034,1.25474487879368
PRY,Paraguay,2015,28.8417581,66.7937052,50.1004047,56.8573236,40.069879,52.2783211,10.0176925113933,34.734658699956,32.1804068260013,2.22350808882673,2.95715168367079,5879.33792308671,3.12900274473925,6159103.0,4102000.0,4.556,1.52890986973172
PRY,Paraguay,2016,31.7519968,67.0765924,51.1739881,56.4659444,42.1097314,53.0269524,10.7054970567084,37.1432329052059,30.6160823269988,2.27032682691816,4.26802583314583,5775.1596339946,4.08682280577241,6249126.0,4318000.0,5.255,1.82007164354988
PRY,Paraguay,2017,31.3086872,64.8724986,51.1316749,56.8973424,43.0612254,53.0115452,8.53492626715061,38.1692845403814,32.9108498634563,1.94681321407537,4.81007885554041,6152.26711537703,3.60247741348943,6338660.0,4744000.0,6.138,2.15242904686494
PRY,Paraguay,2018,30.0163641,64.988495,51.8249072,57.274435,45.4742162,53.745451,7.73254240471022,36.8532235364332,35.2160000894818,0.787454987833175,3.20425034076639,6258.44991640954,3.97561015740694,6427382.0,4183000.0,6.217,2.11993649032651
PRY,Paraguay,2019,30.3467354,66.0999086,52.0833954,57.2778025,46.0693231,53.2492389,8.50337786708883,36.0872909434467,35.1348707907966,1.28022785728037,-0.40185510068001,5821.18199548637,2.75709727562775,6515058.0,4368000.0,6.595,2.17286084690711
PRY,Paraguay,2020,31.6692411,65.5554031,52.4750947,56.9520899,43.9063466,52.9542203,7.28375188027935,33.2706269850168,29.4895904898392,0.816723740272233,-0.819785390971916,5365.47220721191,1.76751592356698,6603739.0,1077000.0,7.548,2.13482355166193
PRY,Paraguay,2021,29.7840951,64.5788595,50.3725892,56.0507048,43.6708772,53.1886466,7.85436422886151,35.4652163043306,34.2667963783853,1.46244749899002,3.99461510731535,5974.9057185863,4.787983101236,6684182.0,,7.311,2.06573736480272
PRY,Paraguay,2022,28.7835673,64.3842251,50.1857282,56.0666558,44.6626326,52.960001,7.57344466296988,34.4000035331202,39.4736276112918,2.0438895221054,-0.0280771723899278,6189.10205375331,9.76556667164402,6760464.0,,6.755,2.07604879712509
PRY,Paraguay,2023,27.7938555,65.6452487,48.6572483,56.7526328,46.3571469,53.4116476,6.7795163925492,42.257662716231,40.3200625134206,2.57700191370443,5.28584584975323,6303.26495017292,4.63202285403356,6844146.0,,5.794,2.15770321691504
PRY,Paraguay,2024,27.5110749,65.640444,48.6645513,56.8785909,47.6020627,54.5919737,,37.7135431058066,39.3808953481131,2.45295029321833,4.66914577981763,6456.60723068562,3.83540271728533,6929153.0,,5.686,2.54020481421082
SLV,El Salvador,2000,33.5070747,65.5803869,42.9625873,52.7230773,31.1150803,53.6369347,59.7472879846202,26.8272702258496,41.8828186786415,1.47137092746017,1.12790697674419,1982.87093542615,2.27128756828723,5943366.0,867000.0,6.96,14.9699688017602
SLV,El Salvador,2001,,,,,,,60.1535507350797,25.0092920568115,40.8814464794137,2.2707041485317,0.879613659882722,2058.04459070452,3.7508205747202,5968060.0,804000.0,6.96,15.6669630441719
SLV,El Salvador,2002,33.3082279,65.0974946,46.041179,57.0248438,33.1771124,55.410247,47.3555199373003,25.5130894550755,40.4060013216952,3.71125187529755,1.57291844759789,2115.41187355626,1.86552503610077,5986631.0,885000.0,6.2,15.4182774717149
SLV,El Salvador,2003,36.8846311,59.8729956,46.5471268,57.2483632,34.1234708,56.3300647,55.9464014802791,25.9234207599485,42.3135617186615,1.06615183714648,1.56539303147618,2207.83089518069,2.1203909173333,5998599.0,798000.0,6.9,16.0171947035328
SLV,El Salvador,2004,40.2408056,62.8794965,50.2807702,56.5032637,41.4719866,62.1103986,64.8994757581223,25.9062104819237,43.8760536948454,2.64681242347754,0.889404485692197,2285.68907438892,4.45194392395045,6004671.0,1030000.0,6.8,18.6742099302803
SLV,El Salvador,2005,39.4296562,64.3493375,49.8127723,56.6009608,40.6319047,62.4208158,64.6399118153084,25.2665668798476,44.4492447952102,3.47761600217717,2.68083009363194,2447.39140845394,4.69094870903769,6005578.0,1306000.0,7.22,20.6055245611648
SLV,El Salvador,2006,40.3759952,61.6432692,47.2095013,58.5933462,42.4487059,59.0332894,65.4247078983383,25.9396783352886,47.5158891717381,1.50707286112592,4.3369986028604,2665.61807194853,4.03712359429612,6002319.0,1501000.0,6.57,21.7670246482945
SLV,El Salvador,2007,39.6437487,65.2295171,46.5897268,57.7439982,42.5656956,59.8504352,58.1880552418794,25.5670345496495,52.05402148515,9.11434743633077,1.84760220587859,2830.65693770733,4.57808572377153,6009824.0,1720000.0,6.41,21.8028715446677
SLV,El Salvador,2008,39.7293163,66.3888709,46.9200629,59.6886977,47.5952753,62.1236522,52.7258860134014,26.7405871721015,53.925386767807,5.0206011155903,2.15440298282768,2983.24829577976,6.70792293515939,6029297.0,1875000.0,5.88,20.8749261267512
SLV,El Salvador,2009,42.9353865,62.6945171,46.2576028,59.0044641,49.6318364,64.785584,72.4503614995274,23.9512044914048,42.1199866830439,2.09486399547314,-2.10876837627522,2910.18651752011,1.05595029731201,6048279.0,1482000.0,7.33,19.3296980618829
SLV,El Salvador,2010,42.8790615,65.9035937,44.9172297,60.2105035,51.2870533,64.0518589,65.7026379683301,26.9466693264064,46.5906183461333,-0.613406192808089,2.15419536693635,3040.07300952878,1.17933576873673,6068249.0,1606000.0,4.893,18.8196648675298
SLV,El Salvador,2011,44.7012501,65.5483485,46.9722941,59.270999,49.9253934,63.6809114,71.7719022936632,28.9817775582263,50.2948661442788,0.603930846788838,3.80688113429295,3330.60049486653,5.1289237668161,6090127.0,1634000.0,4.297,17.96484307191
SLV,El Salvador,2012,39.6360714,68.7188264,44.8487465,58.5683058,50.3473103,60.4505793,42.4273897096406,28.5710611774443,49.077510444844,2.01123945886672,2.82262371802327,3497.91256915509,1.72973481581383,6113975.0,1738000.0,3.843,18.3017912730118
SLV,El Salvador,2013,41.0277533,62.8250309,46.7961584,58.9561303,50.9202375,60.5090353,40.9360792814407,29.7248960481943,50.7262984426328,1.11490857279595,2.23562439198375,3582.26694005169,0.757669184522973,6138839.0,1822000.0,3.693,18.0368594542296
SLV,El Salvador,2014,38.2676453,63.2723383,48.403949,60.6110822,52.8364214,59.8218416,63.6220773963139,29.5528752334192,48.5515505143743,2.2408951362935,1.70870628357073,3666.01248913873,1.14134467538233,6162955.0,1886000.0,4.154,18.4140727443947
SLV,El Salvador,2015,37.5010265,62.5107624,46.2133864,59.1402971,49.5568092,58.2475226,107.638231074992,29.4861730232304,47.0740977138215,2.10997804482034,2.40000008852115,3790.34089108162,-0.731384487387957,6183676.0,1973000.0,3.998,18.23780572274
SLV,El Salvador,2016,36.7158438,60.3169369,46.6250271,59.3071769,49.228726,56.2966424,85.0858022421141,28.4585905008509,44.3605028722982,1.98198031581358,2.53906241135864,3901.34014965811,0.60404908699661,6200800.0,2052000.0,4.418,18.8561820072362
SLV,El Salvador,2017,37.4171956,58.9980114,44.8569639,59.0089106,48.0766368,55.5881747,63.764040219627,29.0297643758665,45.2748868157855,2.01688451540263,2.24761908134138,4020.12671373919,1.0123540331558,6213533.0,2247000.0,4.385,20.0020638968604
SLV,El Salvador,2018,36.3624105,57.5302486,45.2721572,58.3280225,46.6650707,56.2345696,53.7958771232068,28.9343737810256,46.69924310697,1.58620478716365,2.4124442237792,4183.54620971358,1.09033000581892,6219807.0,2536000.0,4.006,20.720840026323
SLV,El Salvador,2019,37.5455753,61.1402853,46.6096714,59.4776902,47.3572596,55.667142,38.5386955905095,29.9559096080003,46.0861034911466,2.59024369040438,2.43747159065784,4320.11671534627,0.0753241350024612,6222318.0,2639000.0,4.17,21.0435800685611
SLV,El Salvador,2020,37.7419733,62.0278402,47.9097515,58.350824,50.9781163,55.3478368,21.5087446038674,24.5267982788944,41.9327086708139,1.55101998611342,-7.893101359867,3997.19279583709,-0.371590212324095,6234673.0,707000.0,5.008,23.8002795557104
SLV,El Salvador,2021,36.7216613,60.9163267,45.3033875,53.5273159,48.1900609,51.6994888,17.343956146806,28.7814953892726,53.0635805908039,2.7560499827498,11.9047617015957,4642.60743101342,3.46692585313082,6255782.0,,4.327,26.2452495089243
SLV,El Salvador,2022,34.3058025,62.9718864,43.1191046,48.8347648,43.0097471,50.1326617,7.89768799960639,32.4334933265056,56.2676438832499,0.0823187826775637,2.9546041089332,5074.60050994225,7.19861615609867,6280319.0,,2.999,24.6343743602102
SLV,El Salvador,2023,36.1311218,66.8191376,47.1590826,48.0672051,46.6710434,51.1603346,2.4,28.7918551914872,51.0204099872994,2.31870856682009,3.35508721646165,5319.7195268688,4.04554694222477,6309624.0,,2.992,24.6887762522154
SLV,El Salvador,2024,36.7575081,68.0353506,47.3724053,45.0019761,46.8954926,53.4441283,1.9,32.6598571720595,53.0227154854696,3.01317166597907,2.5904637107794,5503.10317151907,0.853782292567288,6338193.0,,3.261,24.3362060637199
URY,Uruguay,2000,66.4012457,80.3214693,65.6475258,74.0983672,59.9874021,67.7895668,6.55194336304211,16.6980989454195,20.0156392053707,1.15156587871402,-1.92993063549235,6987.70098766257,4.76382472733251,3266206.0,2236000.0,12.627,
URY,Uruguay,2001,,,,,,,6.65801023531638,16.8046592733471,19.5048533701585,1.48526947201505,-3.84412995940374,6382.76104740859,4.3593406521727,3274251.0,2136000.0,15.052,2.88918074404212e-05
URY,Uruguay,2002,68.3561307,79.6707906,69.5940585,76.6239858,62.4197704,64.353359,7.04511757340532,20.6216724821799,19.40739482538,1.32180928215272,-7.73200721540044,4149.76140312687,13.9724725913515,3278867.0,1354000.0,16.648,0.264968642487607
URY,Uruguay,2003,68.0681156,77.8780162,68.9510421,76.3070618,62.193999,60.288787,6.00392662896892,27.4324201365808,24.3267794460664,3.34326299269857,0.805283915893824,3671.12329256883,19.3797301743995,3281186.0,1508000.0,16.661,0.512661024648079
URY,Uruguay,2004,64.1538958,74.5603938,67.6310009,74.9141451,58.0718036,60.1099933,6.09171534327958,32.1122956028892,29.364392483135,2.57711736584849,5.00416035564457,4168.66065438387,9.15760507540997,3283148.0,1871000.0,12.98,0.510700586359985
URY,Uruguay,2005,66.8929629,80.0067171,68.9885471,76.3307203,63.3157845,61.1889954,5.78250888452056,30.4040198202399,28.4736765053376,4.76089085880271,7.4601321302473,5284.25677987129,4.6992773903564,3285771.0,1917000.0,12.009,0.44198018204895
URY,Uruguay,2006,68.0254932,83.7370222,70.5633723,77.8484519,63.3471218,62.3040812,6.14073873999033,30.2975044020751,31.6740701145125,7.64053554410063,4.09857735445401,6001.33294783172,6.39764974385131,3289506.0,1824000.0,10.844,0.450497566369658
URY,Uruguay,2007,69.1941405,84.4507175,71.3537558,78.1572977,63.6113065,62.3569613,5.88743616570098,29.0904872479399,30.1199605894696,5.70951115694377,6.54151084504817,7222.05403645877,8.11464561179313,3295153.0,1815000.0,9.403,0.405399277911785
URY,Uruguay,2008,71.8165436,84.3951778,71.6349339,79.1562147,68.3427709,63.2002769,6.69255362560008,30.2030239718046,35.0050710353775,6.88302281006264,7.17614466455107,9423.96562595893,7.87707374730888,3302177.0,2255000.0,8.025,0.346765354298287
URY,Uruguay,2009,72.1584974,83.8205018,71.6723878,79.9071022,68.5436138,61.988534,6.82760685431307,27.0992157546178,26.2952035137558,4.89964589428753,4.24349419462426,9881.39573127081,7.06221874388574,3310091.0,2303000.0,7.74,0.30901312831289
URY,Uruguay,2010,75.1919719,81.308127,72.4724751,80.4153574,68.962004,64.6367904,6.17734091087152,26.3429945409681,25.3560426602576,5.22300143125049,7.8034096507169,12641.0576849008,6.69870886978132,3318580.0,2708000.0,7.158,0.297711381718448
URY,Uruguay,2011,75.1874817,81.9652434,71.2975799,79.9540963,68.2790525,64.4146588,5.98168012770136,26.4221494211811,26.8248845897207,5.34359480768242,5.16213302463606,15132.2675725587,8.0928320630299,3326825.0,3244000.0,6.307,0.255919432671405
URY,Uruguay,2012,74.9312872,81.2198654,70.2565417,78.6606366,66.3053358,66.50776,8.00503447711385,25.9196294244279,29.1415247389489,11.7901578728278,3.53817872056869,16259.5940814256,8.09776580573602,3335401.0,3155000.0,6.451,0.168907169778097
URY,Uruguay,2013,75.2326397,81.9857519,69.8933687,79.2551449,66.1164874,67.9474308,7.77201220684194,23.3531364247538,26.3647100498695,1.60901257578737,4.63753862902416,18335.2594772322,8.57513504005397,3345337.0,3242000.0,6.444,0.161154729026498
URY,Uruguay,2014,74.0663968,84.932746,71.5386956,79.119055,69.6257274,67.4440763,7.98490138572303,23.5426616139817,25.5449624492357,6.6430584199945,3.23879122952364,18322.4276767157,8.87735333229828,3356334.0,3195000.0,6.547,0.15908431079509
URY,Uruguay,2015,73.4348869,84.7445091,72.3565508,79.9229174,69.0977285,66.3381556,8.69948102993542,22.4778512515741,22.8503895571793,4.6342339444993,0.370741257681345,17125.9016800298,8.66626987079328,3368017.0,3286000.0,7.488,0.156495396899523
URY,Uruguay,2016,75.9148104,85.3946393,73.5817493,80.1613417,68.1532573,67.7268003,7.90108434244779,26.9316806727536,21.5388546346978,-0.897082488190792,1.68979822971775,17009.7584207276,9.6394134763508,3379283.0,3632000.0,7.841,0.157345013875127
URY,Uruguay,2017,75.2292327,85.0959028,73.0749134,80.0369031,66.3147738,67.2209462,8.35193212210643,25.9311643679828,20.4467992519014,4.13270730118374,1.74037649141989,19184.6626114272,6.2180938256186,3388438.0,4219000.0,7.89,0.168263680064354
URY,Uruguay,2018,75.674743,85.1920495,73.051253,80.3451965,66.9121998,65.4823233,12.4022914485464,26.4215937509495,21.3697515949613,2.64222389301977,0.164777608846705,19249.9404677501,7.60653360377047,3394534.0,3954000.0,8.336,0.174395036178059
URY,Uruguay,2019,76.0802512,85.8513353,73.1547497,80.4501442,69.5548348,65.8331641,11.5977676357818,27.9053781710424,21.8394879014241,2.35703298196688,0.928351027546341,18315.7350377437,7.88198870879619,3397206.0,3480000.0,8.836,0.180436375646829
URY,Uruguay,2020,78.5962535,85.5812799,73.2409136,80.6792185,69.8464022,66.825602,10.0324569104505,26.1882518426767,21.5435812775797,1.81750761000671,-7.35732706897301,15757.5341990356,9.75640636078194,3398968.0,,10.413,0.207465889667471
URY,Uruguay,2021,80.7470322,85.5589122,74.216891,79.911813,70.5772541,67.1735473,9.00875836787795,32.9446025347538,25.370452971577,8.50404500730576,5.84427325018082,17881.8119616753,7.74791402314762,3396695.0,,9.328,0.207005858411362
URY,Uruguay,2022,80.5656075,88.3433015,74.6806096,79.4618343,72.1342058,66.9979539,11.2948931452974,32.8913380602583,27.3113447733942,12.367138051104,4.60623000920732,21009.2883798725,9.10437983075437,3390913.0,,7.877,0.175695441980546
URY,Uruguay,2023,79.2878847,86.4585245,74.3272277,79.71467,70.1429271,65.9460598,11.2453054170348,27.9812486565884,24.3460621821134,-6.62564746176161,0.761749241321681,23378.6399733516,5.86910359896119,3388081.0,,8.355,0.169941418823101
URY,Uruguay,2024,79.0649127,88.4803636,74.1172302,79.7854474,70.0130198,64.3969879,,28.2349014551456,23.2233223003309,-4.78198682520397,3.32575905957381,24308.4954958447,4.84914366613156,3386588.0,,8.209,0.165351379944981
