country_code,country_name,year,time_trend,rule_of_law,control_corruption,political_stability,voice_accountability,government_effectiveness,regulatory_quality,homicide_rate,homicide_rate_log,homicide_rate_lag1,homicide_rate_lag2,homicide_rate_lag3,homicide_rate_log_lag1,homicide_rate_log_lag2,homicide_rate_log_lag3,population,population_log,gdp_per_capita,gdp_per_capita_log,gdp_growth,inflation,unemployment,exports_percent_gdp,trade_percent_gdp,fdi_percent_gdp,tourist_arrivals,tourist_arrivals_log,remittances_percent_gdp
BHS,Bahamas,2000,0,76.144701,74.9325762,84.2346616,79.0500668,74.9206647,73.5981155,22.8511433291645,3.171832154515094,,,,,,,323835.0,12.68798940579867,24940.0775086078,10.124231327032238,4.14841930754267,1.60632941740579,7.118,38.0475628585261,79.644943892567,3.09850714482936,4204000.0,15.251547248847647,
BHS,Bahamas,2001,1,,,,,,,13.1163142546883,2.647331167869579,22.8511433291645,,,3.171832154515094,,,327836.0,12.7002687623246,25371.9237667614,10.141398478128487,2.62600982683425,2.04498977505121,6.87,34.0725886439131,72.50088063833951,1.23072964943982,4183000.0,15.24653948948718,
BHS,Bahamas,2002,2,80.475401,74.8103509,79.9355752,77.6468421,75.0096657,78.2058011,15.6808819893008,2.8142632725890615,13.1163142546883,22.8511433291645,,2.647331167869579,3.171832154515094,,331614.0,12.711726920893673,26781.6195938652,10.19547109515601,2.70495624731029,2.17357792508093,9.05,36.175454557738,70.2779817050926,1.72038337334312,4406000.0,15.298478033307632,
BHS,Bahamas,2003,3,80.4580582,74.7708893,78.4833025,75.2519897,74.959608,76.6065552,14.8979120576251,2.7661877834728394,15.6808819893008,13.1163142546883,22.8511433291645,2.8142632725890615,2.647331167869579,3.171832154515094,335618.0,12.723728887416963,26429.1247787663,10.182221892360902,-1.26491667612372,3.02504526252236,10.84,35.8102341689881,71.0635405052259,2.14428489451629,4594000.0,15.340261879906386,
BHS,Bahamas,2004,4,79.8475277,71.5107554,77.6207331,75.9036405,70.7176576,73.6071274,12.949479372068,2.6354421865722193,14.8979120576251,15.6808819893008,13.1163142546883,2.7661877834728394,2.8142632725890615,2.647331167869579,339782.0,12.736059514480216,26650.2934234303,10.190555439793426,0.882373744518318,0.981914036757662,10.2,38.215231096961,76.0019833710461,3.02143829739302,5004000.0,15.425748350409046,
BHS,Bahamas,2005,5,82.367858,74.6985502,80.5180873,77.089231,74.8929831,76.5829694,15.1209384287019,2.780118950564063,12.949479372068,14.8979120576251,15.6808819893008,2.6354421865722193,2.7661877834728394,2.8142632725890615,343894.0,12.74808874933591,28602.4181869995,10.261246545226616,3.39608420536011,1.59160618079802,10.2,38.7598869482117,81.3962709176308,5.72797116772737,4779000.0,15.37974208680907,
BHS,Bahamas,2006,6,78.1421509,74.8037729,78.9879439,77.0754546,74.8791075,75.2009386,17.5098672407607,2.9183039542615057,15.1209384287019,12.949479372068,14.8979120576251,2.780118950564063,2.6354421865722193,2.7661877834728394,348375.0,12.761034764784249,29184.7865087908,10.281402842510598,2.51659221712706,2.38982627439254,7.54,38.3092773365463,87.5507143032777,6.94760136713467,4731000.0,15.369647365985065,
BHS,Bahamas,2007,7,80.687244,74.7292048,77.328848,78.6491339,74.8995002,75.2139323,22.0753988076454,3.1387670633444573,17.5098672407607,15.1209384287019,12.949479372068,2.9183039542615057,2.780118950564063,2.6354421865722193,353334.0,12.775169064210813,30051.8489587756,10.310679467480666,1.44609991235758,2.49257794939396,7.88,40.0919541095878,88.01281556250791,6.71809341196458,4601000.0,15.341784446481638,
BHS,Bahamas,2008,8,79.8227864,74.7495357,77.7042652,78.6629507,75.2104636,75.1714911,20.3842002901258,3.062652345147309,22.0753988076454,17.5098672407607,15.1209384287019,3.1387670633444573,2.9183039542615057,2.780118950564063,358120.0,12.788623404748092,29392.3824416397,10.288490819129906,-2.32364807041851,4.4895599537506,8.18,39.4936348090443,87.42922287668631,8.17172902365571,4394000.0,15.295750759509735,
BHS,Bahamas,2009,9,73.1621202,77.944798,80.3329098,75.28903,70.1893988,67.0502797,23.9794933987487,3.2180552242175127,20.3842002901258,22.0753988076454,17.5098672407607,3.062652345147309,3.1387670633444573,2.9183039542615057,362810.0,12.801634560239066,27512.9130950084,10.22241074053375,-4.17542805647342,2.06273473452682,14.25,34.190679986696,76.52104396330981,6.65159948547179,4645000.0,15.351302145515305,
BHS,Bahamas,2010,10,72.3973827,77.9515575,81.4495557,75.2780926,70.1951402,65.2772772,25.5797974025621,3.280151431080057,23.9794933987487,20.3842002901258,22.0753988076454,3.2180552242175127,3.062652345147309,3.1387670633444573,367478.0,12.814418731897533,27473.100430502,10.220962638774376,1.53866248693835,1.34402738392836,14.435,34.9532873206178,78.6756024311196,8.63699216304667,5255000.0,15.474690752588128,
BHS,Bahamas,2011,11,71.0079339,77.9353698,82.4188625,74.6921048,70.1865025,64.3996028,34.1646737273659,3.5600419913823975,25.5797974025621,23.9794933987487,20.3842002901258,3.280151431080057,3.2180552242175127,3.062652345147309,371729.0,12.825920373150478,27090.8376801379,10.206950856717633,0.613170735890648,3.1987814166032,14.52,37.4352685331837,88.3336891598687,6.61957509346653,5588000.0,15.536132178313878,
BHS,Bahamas,2012,12,68.6890326,77.901173,82.7542247,74.7157083,70.1880561,64.3457897,29.2966539226222,3.4110372748206785,34.1646737273659,25.5797974025621,23.9794933987487,3.5600419913823975,3.280151431080057,3.2180552242175127,375469.0,12.835931190187132,28552.0242683151,10.259483115138643,4.52003886739061,1.97336755976254,14.02,38.1273086825118,84.25152046565421,4.90812842804373,5940000.0,15.597219859688982,
BHS,Bahamas,2013,13,68.6557097,77.9039224,82.5831915,74.6580043,70.1838825,61.6650766,31.4023111045433,3.4782297506415314,29.2966539226222,34.1646737273659,25.5797974025621,3.4110372748206785,3.5600419913823975,3.280151431080057,378953.0,12.845167465820529,27642.7419759179,10.227118476142117,-2.86320081549439,0.722414784530551,16.18,39.8566150850095,84.5484138879077,3.64907926264642,6151000.0,15.632125390765683,
BHS,Bahamas,2014,14,65.5610917,74.4630234,79.9665062,74.7062555,65.9394084,60.3403811,31.9122778565412,3.493845775283241,31.4023111045433,29.2966539226222,34.1646737273659,3.4782297506415314,3.4110372748206785,3.5600419913823975,382298.0,12.853955688177228,29137.2175632622,10.279771590058498,1.8469701294558,1.51375643050831,13.8,37.3629826467129,80.5370272284116,2.25581446274834,6320000.0,15.659229924350877,
BHS,Bahamas,2015,15,66.1258684,69.9941674,78.5320189,70.2851245,65.9287054,58.3196471,37.8879787412108,3.6606851730759304,31.9122778565412,31.4023111045433,29.2966539226222,3.493845775283241,3.4782297506415314,3.4110372748206785,385346.0,12.861896910978396,30719.405417469,10.332649832174202,0.997411675486745,1.86148302863371,12.0,35.8315874839494,69.6779752652564,0.642663417838075,6112000.0,15.625764773441045,
BHS,Bahamas,2016,16,65.2978002,70.0088139,79.5485545,68.5230558,65.9416681,58.9246354,28.6041558488412,3.387914751773504,37.8879787412108,31.9122778565412,31.4023111045433,3.6606851730759304,3.493845775283241,3.4782297506415314,388055.0,12.868902361136783,30616.5363157284,10.329295544450423,-1.15650811269629,-0.346376929989397,12.7,32.8518883249585,67.21292158001489,3.28594665732394,6265000.0,15.650489305929213,
BHS,Bahamas,2017,17,64.2022652,69.7529805,79.8912184,68.8127171,65.9361928,56.2618101,31.2431975620062,3.4733070926833918,28.6041558488412,37.8879787412108,31.9122778565412,3.387914751773504,3.6606851730759304,3.493845775283241,390485.0,12.875144835232174,31875.4881749619,10.369592597636371,3.3713988456489,1.51820700736147,9.8,31.7259719287533,68.3342840385959,2.4470958481014,6136000.0,15.629683785001836,
BHS,Bahamas,2018,18,64.1575726,70.2782087,78.1642818,68.7978213,65.9472724,57.3197896,23.1718729111893,3.185189680798468,31.2431975620062,28.6041558488412,37.8879787412108,3.4733070926833918,3.387914751773504,3.6606851730759304,392717.0,12.880844529672403,32642.3353203452,10.393365354323315,2.39795510823548,2.26586346678736,10.0,35.251809785322,72.1542685971043,3.83334911094036,6622000.0,15.705908148101097,
BHS,Bahamas,2019,19,64.1737652,72.4628998,77.8317968,70.4794451,65.970543,54.4390073,24.0704681959437,3.2216905875420347,23.1718729111893,31.2431975620062,28.6041558488412,3.185189680798468,3.4733070926833918,3.387914751773504,394675.0,12.885817920399928,33640.3369861278,10.423481131460248,-0.838585871193203,2.49123527368046,9.336,34.9807938540333,68.7866234842208,3.63206527371394,7250000.0,15.796512164761882,
BHS,Bahamas,2020,20,63.6182359,72.4682614,78.1657975,70.4729579,62.9445497,54.4104205,18.4407464713126,2.9673711970251526,24.0704681959437,23.1718729111893,31.2431975620062,3.2216905875420347,3.185189680798468,3.4733070926833918,395863.0,12.888823470782832,26178.7537607708,10.172703435610098,-20.0893664891399,0.0385210980054558,12.016,23.2736992434769,53.420758067006304,4.19368341635396,1794500.0,14.400237546827933,0.49025118689208
BHS,Bahamas,2021,21,64.2508152,72.8020739,78.6525116,71.1318501,62.9559404,54.2839837,30.0222265391437,3.4347039327077664,18.4407464713126,24.0704681959437,23.1718729111893,2.9673711970251526,3.2216905875420347,3.185189680798468,396373.0,12.890110966101018,30367.8605757708,10.32114011024299,17.5861390037409,2.90491262928478,11.078,27.9712552961701,65.9325413308964,3.18239411083404,,,0.440646340450278
BHS,Bahamas,2022,22,62.7857451,72.8671472,80.8118017,70.2493173,65.563648,53.3489396,32.1981392997156,3.5024938291625634,30.0222265391437,18.4407464713126,24.0704681959437,3.4347039327077664,2.9673711970251526,3.2216905875420347,397538.0,12.893045805991653,34957.1613279737,10.461878628760337,10.8779009410268,5.60540633583044,9.25,37.1589142824247,75.98296010592361,3.82040434055862,,,0.416556329514708
BHS,Bahamas,2023,23,63.0843121,72.6317233,84.0030562,69.7097566,65.5648781,52.9700802,,,32.1981392997156,30.0222265391437,18.4407464713126,3.5024938291625634,3.4347039327077664,2.9673711970251526,399440.0,12.897818845174491,38231.774484278,10.551422241628911,3.04824180553773,3.05291578969743,8.645,37.8114502367185,76.54947515928569,2.11151935376225,,,0.410399245643789
BHS,Bahamas,2024,24,62.6911034,72.8773237,84.005469,69.4662177,65.5661308,52.7750152,,,,32.1981392997156,30.0222265391437,,3.5024938291625634,3.4347039327077664,401283.0,12.902422193035248,39455.4466548546,10.5829273815058,3.37866553336166,0.409162489083286,9.049,37.7835884998232,79.2424586933455,1.51932088638775,,,0.416407710575514
BLZ,Belice,2000,0,62.199109,46.8597001,67.1111856,75.1156373,45.6328552,59.5586563,17.026648781764,2.891851150930234,,,,,,,240799.0,12.39171783958426,4726.50675459616,8.4609416789549,12.2406120663359,3.06743966930585,10.841,42.870421436555,96.6018447146264,2.59763309185999,374000.0,12.832013750189885,2.18500558060573
BLZ,Belice,2001,1,,,,,,,25.7671255764891,3.287174476962882,17.026648781764,,,2.891851150930234,,,248379.0,12.422711084404861,4718.77715104739,8.45930496684513,4.99356206143864,3.65141786561502,9.07,41.8864239146419,93.1624050489864,5.21949933984009,385000.0,12.861001210669146,2.42293440764412
BLZ,Belice,2002,2,61.0415731,46.6682481,71.3697614,71.794541,45.7722312,59.8185743,33.9832466500136,3.5548692797492576,25.7671255764891,17.026648781764,,3.287174476962882,2.891851150930234,,256009.0,12.452967879093734,4858.86062599362,8.488559250313436,5.39907320663811,4.24026660688645,10.04,43.6216330567744,93.0794584713606,2.04686311047792,694000.0,13.450228680410094,2.15740041437119
BLZ,Belice,2003,3,63.1737468,46.6064365,71.9166097,72.7011508,45.693841,59.8539832,25.3999545075442,3.2733622869517025,33.9832466500136,25.7671255764891,17.026648781764,3.5548692797492576,3.287174476962882,2.891851150930234,263780.0,12.482870701379875,4959.74012434605,8.509108624061273,9.66522679614125,2.31808274663101,10.342,44.5690554451158,94.3631228859413,-0.83504705917142,999000.0,13.81451105863119,2.45750707704954
BLZ,Belice,2004,4,59.0467909,46.0550297,70.6778836,71.9708204,43.571083,53.7218411,29.0774177044667,3.403774647805656,25.3999545075442,33.9832466500136,25.7671255764891,3.2733622869517025,3.5548692797492576,3.287174476962882,271688.0,12.512409628079121,5153.71308265363,8.547472720794605,4.78066505273344,6.39443099742399,10.586,42.2851095770467,86.3853536846826,7.9628629551609,1329000.0,14.099938090140547,2.4032338577466
BLZ,Belice,2005,5,63.8419692,45.1238456,66.1474598,72.9006959,41.9634718,56.3447127,28.9564420040003,3.3997443933857663,29.0774177044667,25.3999545075442,33.9832466500136,3.403774647805656,3.2733622869517025,3.5548692797492576,279731.0,12.54158370608392,5270.41479135312,8.569864346474738,2.2191905367057,-1.1043104441191,10.91,45.729283841046,92.9971266332514,8.6080583090955,1037000.0,13.851843451531353,3.031497751378
BLZ,Belice,2006,6,60.3043253,42.584767,66.5922965,68.5447875,40.5766398,50.2388351,31.9579266947688,3.4952317993846207,28.9564420040003,29.0774177044667,25.3999545075442,3.3997443933857663,3.403774647805656,3.2733622869517025,287878.0,12.570292058258438,5524.78167834986,8.616999010374412,4.51145460193301,-7.11376771265014,9.39,51.802408996474,98.88107432357279,6.84256959940517,903000.0,13.713478939818222,4.01216166455308
BLZ,Belice,2007,7,59.7973477,42.4461927,67.9539387,67.9966438,39.6727924,50.2459809,32.7592029719689,3.5192530607988575,31.9579266947688,28.9564420040003,29.0774177044667,3.4952317993846207,3.3997443933857663,3.403774647805656,296100.0,12.598452514089683,5762.21023302938,8.659076401099902,3.33939738340764,2.31808274642021,8.51,50.5800129170809,95.9555511519831,8.22731936335606,880000.0,13.68767832281738,4.28552763184669
BLZ,Belice,2008,8,58.5975908,48.3291916,67.6486698,67.4877352,39.7619736,50.4294139,33.841336699944,3.5508045180664545,32.7592029719689,31.9579266947688,28.9564420040003,3.5192530607988575,3.4952317993846207,3.3997443933857663,304361.0,12.625969775867924,5711.81458859709,8.650292043513083,-1.62747776449082,6.39443100250034,8.18,53.8397113388589,105.4618742772312,9.75973413898317,846000.0,13.648275820620759,4.399830016353
BLZ,Belice,2009,9,56.6383462,53.0405739,65.075169,70.7603326,39.7637748,50.3821957,31.028680737267,3.466631774426472,33.841336699944,32.7592029719689,31.9579266947688,3.5508045180664545,3.5192530607988575,3.4952317993846207,312614.0,12.652724481635252,5399.67100001919,8.594093304773935,-0.446709636828217,-1.10431044864355,8.323,45.4443249910287,89.58088438609249,6.44782371601601,941000.0,13.754699481266208,4.65508341704994
BLZ,Belice,2010,10,57.0573986,51.697219,65.6634477,70.6709799,44.1546907,51.0869294,40.2816593545567,3.7204183179079635,31.028680737267,33.841336699944,32.7592029719689,3.466631774426472,3.5508045180664545,3.5192530607988575,320245.0,12.676841606834602,5461.40735999001,8.605461793764931,1.41741099233461,0.917977378808888,8.412,50.6252185549087,94.8581591507411,5.51460930694585,1054000.0,13.868103956849598,4.4674149692595
BLZ,Belice,2011,11,54.2129871,46.6806112,66.8685041,70.9707987,45.6710023,50.4739035,37.8859632506156,3.660633343618813,40.2816593545567,31.028680737267,33.841336699944,3.7204183179079635,3.466631774426472,3.5508045180664545,327298.0,12.698626349868707,5596.05222152289,8.629816667679444,-0.13007112300869,1.602056156402,8.424,56.7220499146992,106.9149602088736,5.20581667105349,1106000.0,13.916261365223141,4.11249792720126
BLZ,Belice,2012,12,53.7440977,46.5347509,66.8454653,70.9582078,45.6723471,49.7555874,43.3594287320507,3.7923252844021906,37.8859632506156,40.2816593545567,31.028680737267,3.660633343618813,3.7204183179079635,3.466631774426472,334414.0,12.720135025345034,5732.66519942347,8.653935832358428,3.94389321816617,1.30058074547858,8.378,59.326479519541,111.166652365429,10.1300443506209,1028000.0,13.84312669775942,3.96152002185937
BLZ,Belice,2013,13,53.7111175,46.5372199,66.8536607,71.3457938,45.6687364,49.7517158,28.9789741443153,3.4004962740875113,43.3594287320507,37.8859632506156,40.2816593545567,3.7923252844021906,3.660633343618813,3.7204183179079635,341627.0,12.741474777585717,5957.34953619006,8.692380952454215,4.06646561608865,0.50974776898322,8.349,56.023852203192,108.67261406783129,4.53263160783493,1022000.0,13.83727302821889,3.65575977484598
BLZ,Belice,2014,14,48.5287087,42.298874,65.9463753,65.4614328,42.5685858,46.3773156,35.2513810373364,3.590477478156683,28.9789741443153,43.3594287320507,37.8859632506156,3.4004962740875113,3.7923252844021906,3.660633343618813,348923.0,12.76260654646961,6128.12053089077,8.72064338010604,3.89226067249989,1.20139964481058,8.244,55.4922660304805,107.1125174687881,6.5987393918196,1289000.0,14.069378057716214,3.7570307808845
BLZ,Belice,2015,15,48.8461806,42.7091003,65.9213021,64.1994145,43.4750633,47.2861951,33.3957281531601,3.537932375073997,35.2513810373364,28.9789741443153,43.3594287320507,3.590477478156683,3.4004962740875113,3.7923252844021906,356333.0,12.78362096588494,6154.62264230369,8.724958727608884,2.7602602736023,-0.861584009427748,7.578,51.5667685462712,104.0709587999408,2.69569808214426,1299000.0,14.07710606547538,3.86413122740168
BLZ,Belice,2016,16,49.2528187,45.5851906,65.9169197,64.1863722,41.8680007,47.3765878,37.8388012229062,3.659419778449025,33.3957281531601,35.2513810373364,28.9789741443153,3.537932375073997,3.590477478156683,3.4004962740875113,364705.0,12.80684408660134,6140.86713919469,8.72272123905134,-0.0187414958130319,0.663427167917601,7.0,47.3072672928322,96.4998358304218,1.46157075571746,1391000.0,14.145534189812583,4.31643119387222
BLZ,Belice,2017,17,49.7250349,44.0479973,65.9175733,64.3036262,41.8621774,46.4256373,38.0491503919464,3.6648211191206204,37.8388012229062,33.3957281531601,35.2513810373364,3.659419778449025,3.537932375073997,3.590477478156683,373202.0,12.829875106997772,6071.85451846453,8.711419359378771,-1.83323729057784,1.14765339305816,6.596,49.8095974752301,97.7072571800462,1.40473162686238,1441000.0,14.180848568943944,3.98117350466052
BLZ,Belice,2018,18,48.9276879,45.8844492,65.9544672,61.5725367,42.2170293,44.1457101,37.609161907442,3.653489603421594,38.0491503919464,37.8388012229062,33.3957281531601,3.6648211191206204,3.659419778449025,3.537932375073997,380226.0,12.848521091758808,6011.99036888587,8.701511148889857,0.822068592512508,0.269982622646335,9.346,51.7351399388179,100.9892143629747,5.33885311944147,1697000.0,14.34437313349138,4.04707684933587
BLZ,Belice,2019,19,49.5160871,46.5214075,67.6481301,61.9406794,42.5238928,45.4987702,34.7304566666278,3.5760034529955615,37.609161907442,38.0491503919464,37.8388012229062,3.653489603421594,3.6648211191206204,3.659419778449025,385829.0,12.863149545109835,6171.61449761423,8.727715751651314,4.25658710030072,0.187069385181424,9.053,52.0189198848801,102.44185690767739,3.94384011758557,1674000.0,14.330727127402945,4.06590139952572
BLZ,Belice,2020,20,50.3241512,46.5271644,75.8565223,62.0556267,42.4255991,45.4700629,26.0995390360826,3.2995167180023386,34.7304566666278,37.609161907442,38.0491503919464,3.5760034529955615,3.653489603421594,3.6648211191206204,390812.0,12.875981904922941,5238.54078175696,8.563798261769294,-13.5228997055506,0.121434644614894,10.763,37.6373221387979,81.6431433128545,3.72214070775569,487000.0,13.096021455450709,5.89481400963481
BLZ,Belice,2021,21,50.0851941,46.2532674,71.5818712,61.9200525,42.4381626,45.0469738,31.6178339760185,3.484859193272005,26.0995390360826,34.7304566666278,37.609161907442,3.2995167180023386,3.5760034529955615,3.653489603421594,395346.0,12.88751660983059,6142.98930557031,8.723066760249228,17.9899244143607,3.23563659237071,10.302,47.5814821772776,98.9824369429997,5.16738739330779,,,5.57356290247454
BLZ,Belice,2022,22,51.5137924,47.1115456,78.294843,62.3629274,47.1564167,44.8884556,28.0582917218107,3.369303871892948,31.6178339760185,26.0995390360826,34.7304566666278,3.484859193272005,3.2995167180023386,3.5760034529955615,402733.0,12.90602909034079,7068.21728043145,8.863363574397674,9.25051329530994,6.27689319447544,8.682,52.5787874243921,107.84025008603669,4.95003696669658,,,5.00304345845639
BLZ,Belice,2023,23,52.0486686,45.7190024,79.3110106,62.4209011,48.26858,46.9720664,,,28.0582917218107,31.6178339760185,26.0995390360826,3.369303871892948,3.484859193272005,3.2995167180023386,411106.0,12.926606367768517,7424.75821321022,8.912575399263273,0.500127941638667,4.38984017487675,8.278,54.9308418513115,106.4005058507711,0.553310090034322,,,3.87408142483921
BLZ,Belice,2024,24,52.1296122,44.8289016,79.3135636,62.028219,47.4920057,47.6492893,,,,28.0582917218107,31.6178339760185,,3.369303871892948,3.484859193272005,417072.0,12.941014147747097,7681.24400583113,8.946536792950315,3.50466435023895,3.28955985952768,8.698,55.2233936496697,108.972446521476,4.01045578413843,,,3.79385953140795
BRA,Brasil,2000,0,51.2669721,50.2288187,72.5352254,62.2037239,47.6438552,57.5695078,26.0748466246634,3.2986051280386324,,,,,,,174018282.0,18.974670920624963,3766.54811466032,8.23391424155302,4.38794944745618,7.04414105947266,10.889,10.1880480043795,22.6397613567941,5.03391680528314,5313000.0,15.485667393650642,0.205903522832894
BRA,Brasil,2001,1,,,,,,,27.2006084949971,3.339343555548046,26.0748466246634,,,3.2986051280386324,,,176301203.0,18.98770447094096,3176.28935747524,8.063468925734382,1.38989640095637,6.84035902487523,10.649,12.37171066993,26.936285022064,4.14759377398385,4773000.0,15.37848580549985,0.2587422042289
BRA,Brasil,2002,2,52.9984315,49.9832264,71.3733098,65.2781763,50.077026,57.088925,27.848196026942,3.3620474616036398,27.2006084949971,26.0748466246634,,3.339343555548046,3.2986051280386324,,178503484.0,19.000118677200774,2855.94018885769,7.957156380963463,3.05346185909312,8.45016437708331,10.641,14.2305902713775,27.6183574022309,3.25358061271527,3785000.0,15.146556709054444,0.393057978948569
BRA,Brasil,2003,3,51.4312224,49.1092931,67.6922503,65.3549528,49.0659954,58.9187652,28.2710884352715,3.376600286048335,27.848196026942,27.2006084949971,26.0748466246634,3.3620474616036398,3.339343555548046,3.2986051280386324,180622688.0,19.01192081674905,3090.6070097455,8.036122793882669,1.14082899824888,14.7149197228147,11.168,15.1807837086861,28.1403847231593,1.81340052439304,4133000.0,15.234514335448836,0.409627690516944
BRA,Brasil,2004,4,53.1543556,45.8691673,61.9485783,66.8904907,47.7351263,56.6010086,26.4918363852054,3.31388910188145,28.2710884352715,27.848196026942,27.2006084949971,3.376600286048335,3.3620474616036398,3.339343555548046,182675143.0,19.023219958452252,3663.823188064,8.206262468096886,5.75996463670954,6.59718509985963,10.072,16.5457615119353,29.6782524787536,2.71353166307823,4794000.0,15.382875902570522,0.420223881591128
BRA,Brasil,2005,5,52.3644499,42.9818798,62.588202,70.0522734,45.5166535,57.5772131,25.7693915381983,3.287259128032196,26.4918363852054,28.2710884352715,27.848196026942,3.31388910188145,3.376600286048335,3.3620474616036398,184688101.0,19.03417901970491,4827.78173074714,8.48214237215386,3.20213206130431,6.86953720898964,10.551,15.2438292665623,27.0867952043314,1.73389354602718,5358000.0,15.494101515723479,0.314631171954278
BRA,Brasil,2006,6,53.04785,43.618007,61.2166332,70.0094616,44.7332714,55.9185731,26.3403064568888,3.3083620403364495,25.7693915381983,26.4918363852054,28.2710884352715,3.287259128032196,3.31388910188145,3.376600286048335,186653106.0,19.044762403957908,5934.14470924968,8.688478187012755,3.96198871122617,4.18356812896909,9.692,14.3743163038801,26.04169989179,1.753125703626,5017000.0,15.428342902788675,0.296775300792405
BRA,Brasil,2007,7,53.1572211,42.2388194,61.5429643,69.7304404,44.6292055,55.1671565,25.3144591379199,3.2701185652188736,26.3403064568888,25.7693915381983,26.4918363852054,3.3083620403364495,3.287259128032196,3.31388910188145,188552320.0,19.054886086021476,7409.69130673473,8.910544058412214,6.06987060678338,3.64127299102652,9.28,13.3276751040789,25.2926113755394,3.19082601308524,5026000.0,15.430135196051035,0.236608669672595
BRA,Brasil,2008,8,54.1564667,46.215238,62.8951723,71.5936801,54.5653882,58.5000365,26.3359303856077,3.308201968190188,25.3144591379199,26.3403064568888,25.7693915381983,3.2701185652188736,3.3083620403364495,3.287259128032196,190367302.0,19.06446593238043,8908.33176538648,9.09474227121612,5.09419544658736,5.67859390284168,8.268,13.5340005128387,27.257569417356002,2.99060946922903,5050000.0,15.434898999271326,0.214793412211116
BRA,Brasil,2009,9,54.8834208,47.302699,67.8835888,70.2754974,56.2533055,58.4628131,26.7914479705158,3.3247283464098487,26.3359303856077,25.3144591379199,26.3403064568888,3.308201968190188,3.2701185652188736,3.3083620403364495,192079951.0,19.0734222547752,8678.6592244676,9.06862232849587,-0.125812002161169,4.88803479876799,9.419,10.8513711347491,22.105975606033297,1.88848224095724,4802000.0,15.384543264009878,0.173315277293489
BRA,Brasil,2010,10,57.7508418,47.8126856,63.0464452,71.0309562,56.3120951,59.2217199,26.9945684769237,3.332010508391064,26.7914479705158,26.3359303856077,25.3144591379199,3.3247283464098487,3.308201968190188,3.2701185652188736,193701929.0,19.081831087026657,11403.2821278747,9.341656498899543,7.52822581815364,5.03872690108075,8.42,10.8655847752557,22.772178113177,3.73001288350945,5161000.0,15.456641110891745,0.13956669623869
BRA,Brasil,2011,11,57.5344872,52.3845455,62.6779669,69.3096881,55.8223682,58.8209668,26.7470983503833,3.323131270775101,26.9945684769237,26.7914479705158,26.3359303856077,3.332010508391064,3.3247283464098487,3.308201968190188,195284734.0,19.08996922586903,13396.6243562986,9.502758040494355,3.97442307944702,6.6364496221309,7.578,11.5825126785455,23.9344051758721,3.91518011405433,5433000.0,15.508002209594014,0.122875010809796
BRA,Brasil,2012,12,57.6336026,47.5530902,64.0710973,70.7668345,56.3118454,58.8669025,28.6413621085766,3.389170754452166,26.7470983503833,26.9945684769237,26.7914479705158,3.323131270775101,3.332010508391064,3.3247283464098487,196876111.0,19.098085210702852,12521.7213519966,9.435220123382098,1.92117598576537,5.40349914036997,7.251,11.8775390704316,25.1142736107399,3.75496285641218,5677000.0,15.551933658302222,0.112933662857454
BRA,Brasil,2013,13,56.1310999,46.5058088,59.2143897,68.5810607,58.0697629,58.0544012,28.6404106359245,3.3891386544454307,28.6413621085766,26.7470983503833,26.9945684769237,3.389170754452166,3.323131270775101,3.332010508391064,198478299.0,19.106190327178084,12458.8912138813,9.430189800731833,3.00482266944432,6.20431066640101,7.071,11.7422306460189,25.7859573274673,3.04150901624338,5813000.0,15.575607518711685,0.109901876363478
BRA,Brasil,2014,14,56.267282,42.8934358,61.2533361,68.1007124,55.1687194,55.50442,29.8537931807395,3.4292596984085177,28.6404106359245,28.6413621085766,26.7470983503833,3.3891386544454307,3.389170754452166,3.323131270775101,200085127.0,19.11425346895543,12274.9939689363,9.415319461333583,0.503955740242247,6.32904015516139,6.755,11.0119428190539,24.6854058131291,3.57135266957477,6430000.0,15.676485251734785,0.107811945028355
BRA,Brasil,2015,15,55.1805295,40.998321,56.9559669,68.4346188,53.1568658,54.4312675,28.8503019791216,3.3961949563409264,29.8537931807395,28.6404106359245,28.6413621085766,3.4292596984085177,3.3891386544454307,3.389170754452166,201675532.0,19.12217068669136,8936.19661712113,9.097865343318206,-3.54576339269425,9.02990102416136,8.538,12.900191418386,26.9536259373601,3.59214931791344,6306000.0,15.657012277666261,0.160741889371087
BRA,Brasil,2016,16,56.2588141,41.2756109,56.4369324,67.6796444,52.8588672,54.3071581,30.1193623667804,3.437830209600934,28.8503019791216,29.8537931807395,28.6404106359245,3.3961949563409264,3.4292596984085177,3.3891386544454307,203218114.0,19.129790413396325,8836.28652735657,9.086621991284124,-3.27591690782192,8.73914352329393,11.58,12.4666790429968,24.533682077700497,4.13737803865892,6547000.0,15.69451764016493,0.152575400687928
BRA,Brasil,2017,17,54.2687462,38.6262748,55.1824692,67.291007,51.4875052,54.1722861,31.1611756216413,3.4707599990419276,30.1193623667804,28.8503019791216,29.8537931807395,3.437830209600934,3.3961949563409264,3.4292596984085177,204703445.0,19.1370728799965,10080.5092819305,9.218359064350107,1.32286905404399,3.44637335032669,12.792,12.5189678698768,24.3197343743057,3.33825981739039,6589000.0,15.700912301664044,0.130785125421543
BRA,Brasil,2018,18,52.0782115,39.3707937,54.2908087,64.9751148,49.4529603,51.8580259,27.1606152370358,3.3379243789572803,31.1611756216413,30.1193623667804,28.8503019791216,3.4707599990419276,3.437830209600934,3.3961949563409264,206107261.0,19.143907275710756,9300.66164923219,9.137840821689386,1.783666761634,3.66485028376729,12.329,14.6349994955075,28.8762033763866,4.07858821454947,6621000.0,15.70575712494156,0.1530302781715
BRA,Brasil,2019,19,52.6863115,40.5299866,52.9676235,63.6123329,54.0912051,54.2251507,21.2445602088385,3.102097493724898,27.1606152370358,31.1611756216413,30.1193623667804,3.3379243789572803,3.4707599990419276,3.437830209600934,207455459.0,19.15042721917157,9029.83326681073,9.108289181878517,1.22077782360842,3.73297621216894,11.936,14.1229191913178,28.890257869896303,3.692673213156,6353000.0,15.664437857654608,0.171549773709679
BRA,Brasil,2020,20,52.7405481,41.2417853,58.2173358,62.9761413,51.9092236,53.3876813,21.8129091470528,3.1273265663951495,21.2445602088385,27.1606152370358,31.1611756216413,3.102097493724898,3.3379243789572803,3.4707599990419276,208660842.0,19.156220726268646,7074.19378337644,8.864208763138661,-3.2767587964736,3.21176803803376,13.697,16.4535520094071,32.302078543794,2.59263795310275,,,0.241596231143309
BRA,Brasil,2021,21,52.3834537,39.896633,58.7377582,60.712967,52.12953,53.3850079,20.5048626655709,3.068279080052597,21.8129091470528,21.2445602088385,27.1606152370358,3.1273265663951495,3.102097493724898,3.3379243789572803,209550294.0,19.160474335340812,7972.5366498646,8.98375799590903,4.76260437908608,8.30165975585673,13.158,19.1094303688709,37.6563307598082,2.77979084938159,,,0.2455346442576
BRA,Brasil,2022,22,51.6171524,38.8330208,58.3340629,59.8482223,48.2928884,52.6085043,20.0811754127452,3.0483804817365456,20.5048626655709,21.8129091470528,21.2445602088385,3.068279080052597,3.1273265663951495,3.102097493724898,210306415.0,19.164076144249535,9281.33334441234,9.135760494814134,3.01669435393015,9.28010608956873,9.231,19.6307650034371,38.8160659763398,3.8680317970139,,,0.25481314242508
BRA,Brasil,2023,23,50.3081118,39.178204,56.7369585,62.950075,47.2257782,50.0352781,19.2752957673079,3.0094031876784495,20.0811754127452,20.5048626655709,21.8129091470528,3.0483804817365456,3.068279080052597,3.1273265663951495,211140729.0,19.168035431205283,10377.5892792557,9.247403883046601,3.24165532906981,4.59356282283204,7.947,17.9693243032741,33.6662298301438,2.86383344298207,,,0.202347527557964
BRA,Brasil,2024,24,50.5567512,40.0584954,58.8375408,65.097744,48.5365411,48.9102525,,,19.2752957673079,20.0811754127452,20.5048626655709,3.0094031876784495,3.0483804817365456,3.068279080052597,211998573.0,19.172090101481558,10310.5486973693,9.240922795514305,3.41931516501906,4.36746407652337,6.801,17.9385794398559,35.5845239386244,3.38960808548439,,,0.224281818071329
CHL,Chile,2000,0,79.4059667,79.0456368,76.0221691,73.5101607,71.9495146,79.5761499,,,,,,,,,15503635.0,16.556585070523898,5052.99245766325,8.527735912645484,4.9716214882971,3.84327295706565,10.491,30.1237545610247,58.7119233335812,6.20376708218785,,,0.0169773325515229
CHL,Chile,2002,2,80.2083098,79.3512192,82.8526897,79.6925676,74.8234926,80.9908989,,,,,,,,,15857925.0,16.579179933329215,4430.84741157984,8.396346134041393,3.20279913520113,2.48939816650705,10.168,32.2572216653296,62.4838547414591,3.62905823074114,,,0.0176477170283023
CHL,Chile,2003,3,79.5682561,71.7346734,79.7807171,78.8776394,75.8480856,82.6519077,3.20129769251024,1.4353934519737601,,,,,,,16024752.0,16.589645084832224,4773.40177520754,8.470814490125202,4.72324526861041,2.8101787574361,9.765,35.0609735492762,65.69341619564909,4.556949756395,,,0.0154263329265511
CHL,Chile,2004,4,79.4091288,73.5706009,76.8896378,78.598598,75.7360964,80.9857586,,,3.20129769251024,,,1.4353934519737601,,,16187322.0,16.599738901224576,6120.59152055344,8.719414024520908,6.67425416822923,1.05473871403517,10.162,39.6857497510041,69.8893603825954,5.01507138064187,,,0.0117081852977969
CHL,Chile,2005,5,80.3015311,78.3605129,81.9218486,81.2276338,78.8567749,83.0389131,3.52319921168418,1.5092195336744048,,3.20129769251024,,,1.4353934519737601,,16348778.0,16.609663712453198,7480.32330998636,8.920031293294633,5.83704571917758,3.05257621387849,9.34,40.1755713149739,72.062533372953,4.89870698303569,,,
CHL,Chile,2006,6,79.5661849,77.726175,81.042482,81.2275861,78.4125596,82.8838276,3.57376612166027,1.5203369621683023,3.52319921168418,,3.20129769251024,1.5092195336744048,,1.4353934519737601,16509195.0,16.6194280563793,9318.65655296121,9.139773750611525,6.04999082563968,3.39201733699405,9.024,43.8656741327676,73.7116341203328,3.0910197191962,,,
CHL,Chile,2007,7,79.6104425,76.2011976,79.255816,81.43102,78.5611383,82.9163359,3.6949106294991,1.5464790772285957,3.57376612166027,3.52319921168418,,1.5203369621683023,1.5092195336744048,,16671581.0,16.629216091261643,10346.4138184533,9.244395247680954,5.16823098528431,4.40779938398044,8.427,45.1298514125536,76.9770240591422,6.11348994449279,,,
CHL,Chile,2008,8,78.9354922,76.2371998,79.0104272,79.3842044,78.2667278,82.8866405,3.4918963063576,1.5022749525397643,3.6949106294991,3.57376612166027,3.52319921168418,1.5464790772285957,1.5203369621683023,1.5092195336744048,16838988.0,16.6392074699608,10683.2188772511,9.27642946010548,3.78939280635238,8.71626873039607,9.285,41.1625609327669,80.676626653784,10.4571112913238,3713000.0,15.127351002483177,
CHL,Chile,2009,9,79.1030067,76.7514849,80.75779,79.8870203,79.6486044,82.3828057,3.70376238471268,1.5483626958665413,3.4918963063576,3.6949106294991,3.57376612166027,1.5022749525397643,1.5464790772285957,1.5203369621683023,17009731.0,16.649296150020074,10098.8017167286,9.220172053882784,-1.11803723642878,0.353045178360937,11.313,37.1156346662754,66.6860312494995,7.42256247898025,3657000.0,15.112153970579662,0.0302355853046632
CHL,Chile,2010,10,78.6159556,78.5064358,81.5888361,79.3589034,77.0775702,81.2020769,3.14874215608169,1.4228051933799835,3.70376238471268,3.4918963063576,3.6949106294991,1.5483626958665413,1.5022749525397643,1.5464790772285957,17181464.0,16.659341686256464,12632.8704724192,9.444057463664135,5.85165102224047,1.41071107954321,8.547,37.903993986295,69.7176802332623,6.84144686828522,3584000.0,15.091990332094776,0.0287143864918113
CHL,Chile,2011,11,77.0037819,79.2035395,76.2954329,77.9947139,78.4038421,81.4170919,3.66532251337043,1.5401569666085273,3.14874215608169,3.70376238471268,3.4918963063576,1.4228051933799835,1.5483626958665413,1.5022749525397643,17351816.0,16.669207727467665,14487.3927832032,9.58103408697891,6.22389678509138,3.34121694259302,7.492,37.6897797617714,72.481642209343,10.4897738058645,3963000.0,15.19251212450663,0.0282109379327787
CHL,Chile,2012,12,77.3960794,77.8938568,76.2774704,77.7104571,79.1144752,82.5158874,2.47729352143792,1.2462542674776567,3.66532251337043,3.14874215608169,3.70376238471268,1.5401569666085273,1.4228051933799835,1.5483626958665413,17519119.0,16.67880335682004,15241.9069981119,9.631803952522098,6.15534001855494,3.00744840213047,6.79,33.845591494963,68.1561435339271,11.9097449981544,4397000.0,15.296433275590713,0.0269750395725642
CHL,Chile,2013,13,76.3663565,76.9131879,75.7435048,77.8429556,78.49655,81.8067846,3.14355060592079,1.4215530545594663,2.47729352143792,3.66532251337043,3.14874215608169,1.2462542674776567,1.5401569666085273,1.4228051933799835,17687006.0,16.688340803649076,15683.5486369155,9.660367584428581,3.30850824710085,1.7895555398459,6.361,32.0874628670083,65.1432877063738,7.61396398974862,4457000.0,15.309986676294834,0.0256342544301111
CHL,Chile,2014,14,76.1738188,76.0003074,78.3444548,78.0143866,76.4538156,78.9899428,2.4518317226161,1.2389050242392554,3.14355060592079,2.47729352143792,3.66532251337043,1.4215530545594663,1.2462542674776567,1.5401569666085273,17864195.0,16.698308988250883,14529.6767206336,9.58394850722071,1.79264947139259,4.71867527854672,6.761,33.0039028305543,65.63462743477069,9.83500371419039,4601000.0,15.341784446481638,0.0233520103179811
CHL,Chile,2015,15,75.3680731,71.1566241,77.5783423,77.567401,75.2653007,76.8755349,2.32163505387454,1.2004571478037052,2.4518317226161,3.14355060592079,2.47729352143792,1.2389050242392554,1.4215530545594663,1.2462542674776567,18047625.0,16.708524655138525,13433.9202987032,9.505538153004625,2.15194249981184,4.34877353217044,6.605,29.1910790733686,59.349110568123095,7.32780348711267,5487000.0,15.517892398290048,0.0243316680794115
CHL,Chile,2016,16,74.9994097,70.813797,75.9993546,77.6951337,73.9034382,77.8441374,3.39405749254204,1.4802530582059137,2.32163505387454,2.4518317226161,3.14355060592079,1.2004571478037052,1.2389050242392554,1.4215530545594663,18267221.0,16.72061880950501,13649.8520452803,9.521483961380758,1.753038749071,3.78619355893118,6.926,27.9231577302995,56.0578603070994,4.55707488153847,6712000.0,15.719407676116058,0.0258882864665846
CHL,Chile,2017,17,74.7807861,70.5091162,75.9653572,77.5799497,73.5557524,77.2043082,4.19745439747334,1.6481689667766364,3.39405749254204,2.32163505387454,2.4518317226161,1.4802530582059137,1.2004571478037052,1.2389050242392554,18558868.0,16.73645829208297,14879.9086227187,9.607767167421903,1.35769537343957,2.18271846868519,7.257,28.3313768888156,56.0261586393214,1.89647029836548,7621000.0,15.846418283864622,0.0240958635192695
CHL,Chile,2018,18,74.7948894,70.271304,77.5123118,77.5133545,74.8301919,76.4016331,4.36665251518391,1.6802043463965781,4.19745439747334,3.39405749254204,2.32163505387454,1.6481689667766364,1.4802530582059137,1.2004571478037052,18893191.0,16.754312150568744,15659.4808675628,9.658831818775825,3.99002947789977,2.43488981353057,7.623,28.5290452274717,58.1770513035882,2.68461345207245,6603000.0,15.703034800623008,0.0236116491601402
CHL,Chile,2019,19,73.6376056,71.4009235,68.7938355,76.5925371,74.9968934,74.7415436,4.81306553520039,1.7601080625590508,4.36665251518391,4.19745439747334,3.39405749254204,1.6802043463965781,1.6481689667766364,1.4802530582059137,19197744.0,16.770303330094343,14496.9345640362,9.58169249668174,0.644223402631923,2.55754475703327,7.493,27.8723266080413,57.6069157856537,4.87915172452024,5431000.0,15.507634021145119,0.0249265784840927
CHL,Chile,2020,20,71.0293451,72.5988982,68.1126903,76.8580334,71.4177044,71.6425443,5.75613878004137,1.9104515404813733,4.81306553520039,4.36665251518391,4.19745439747334,1.7601080625590508,1.6802043463965781,1.6481689667766364,19370624.0,16.779268249629396,13117.9930230086,9.481740079989581,-6.1396969411886,3.04549084804326,10.934,31.3228006627665,58.1687693933374,4.50500989019161,,,0.0260513620463149
CHL,Chile,2021,21,71.4146807,71.207884,68.2395559,76.0580285,71.0200979,71.4520739,4.65658124495601,1.732819689395531,5.75613878004137,4.81306553520039,4.36665251518391,1.9104515404813733,1.7601080625590508,1.6802043463965781,19456334.0,16.78368323054147,16216.1840860289,9.693765040190545,11.3374032409913,4.52456838259144,9.281,31.974345622206,64.8399924791736,4.81031437211446,,,0.0210723910740891
CHL,Chile,2022,22,71.1338157,71.1759041,65.7117419,76.424815,71.3573981,70.8021139,6.80201256720408,2.0543817218501603,4.65658124495601,5.75613878004137,4.81306553520039,1.732819689395531,1.9104515404813733,1.7601080625590508,19553036.0,16.78864112645641,15399.1044717559,9.642064635526193,2.06391864254198,11.643866711056,8.249,35.6216861605322,75.2334197533759,6.2344860828365,,,0.0282871022985963
CHL,Chile,2023,23,69.6314531,69.3644366,67.6242975,76.7269699,72.9278283,69.7164463,6.34829073035101,1.994467732486202,6.80201256720408,4.65658124495601,5.75613878004137,2.0543817218501603,1.732819689395531,1.9104515404813733,19658835.0,16.794037413552125,17081.5180740049,9.745752343604009,0.677024831595858,7.58168251407962,9.013,30.7750617433637,60.676644473615696,5.72340675956374,,,0.0289060771358775
CHL,Chile,2024,24,70.1858521,71.0890616,70.4888283,76.3941407,73.0996449,68.0529345,,,6.34829073035101,6.80201256720408,4.65658124495601,1.994467732486202,2.0543817218501603,1.732819689395531,19764771.0,16.799411668508693,16658.9652720351,9.720703805270718,2.80512637106611,4.29763891572524,8.718,33.7320704435058,63.9577465302564,3.97989457086765,,,0.0304727117459801
COL,Colombia,2000,0,39.2135289,35.4298466,29.1560141,47.8392685,43.3289675,53.0869422,67.8921586309151,4.2325423635736925,,,,,,,39089934.0,17.481375549356354,2555.00751039968,7.845810442124553,2.92486148176778,9.22534818585366,20.52,15.915139715438,32.6670854693067,2.43950747934181,707000.0,13.468787359304866,1.61213693911831
COL,Colombia,2001,1,,,,,,,70.1095871523678,4.26422216811803,67.8921586309151,,,4.2325423635736925,,,39709262.0,17.497095018195374,2472.99084035833,7.813183563656219,1.67789830787579,7.96556090304834,15.04,15.3871357665009,33.9011117949444,2.58851936306874,788000.0,13.577254637874743,2.09403813220323
COL,Colombia,2002,2,44.9274508,43.2981391,24.1999829,48.3982817,36.1470937,55.0288381,70.3960948977152,4.268243174540494,70.1095871523678,67.8921586309151,,4.26422216811803,4.2325423635736925,,40324680.0,17.51247424642019,2428.92969771584,7.795205985691528,2.50398046659659,6.35150728778872,14.481,14.8155696775272,32.9826392144235,2.17844751407948,661000.0,13.401510631691982,2.53195366414596
COL,Colombia,2003,3,45.6596316,44.3916475,25.0167043,48.2701966,42.4417773,55.2438893,57.4608630160922,4.068357522079989,70.3960948977152,70.1095871523678,67.8921586309151,4.268243174540494,4.26422216811803,4.2325423635736925,40937429.0,17.527555337007097,2311.94218760291,7.745843224117566,3.91827190322513,7.1297886294186,13.221,16.5752997117627,36.516183517230004,1.81783931129221,668000.0,13.41204494952365,3.25006038249131
COL,Colombia,2004,4,49.5012851,46.5663476,31.037227,52.5561516,46.4825573,54.6285911,48.6481875848116,3.9049618859943185,57.4608630160922,70.3960948977152,70.1095871523678,4.068357522079989,4.268243174540494,4.26422216811803,41543171.0,17.54224370956042,2818.57195413044,7.943985636424234,5.33302206759905,5.90402005546502,13.717,16.7707514248023,35.8634269337995,2.66083488771203,840000.0,13.641158361294979,2.72409600444899
COL,Colombia,2005,5,49.0780292,46.0328794,30.8758996,52.6699759,45.4321617,56.5621757,42.9894132012747,3.7839489959053183,48.6481875848116,57.4608630160922,70.3960948977152,3.9049618859943185,4.068357522079989,4.268243174540494,42128977.0,17.55624635167605,3456.06610874512,8.14788625842882,4.82876110773741,5.05101962689696,11.062,16.9710437391629,37.422697494955,7.02979401438219,981000.0,13.796328757914972,2.29780092865447
COL,Colombia,2006,6,49.2299508,43.9298386,33.9730592,53.5943845,47.4106516,57.4871596,40.9429758324124,3.736310977472892,42.9894132012747,48.6481875848116,57.4608630160922,3.7839489959053183,3.9049618859943185,4.068357522079989,42691084.0,17.569500650775314,3789.85361217027,8.240082672573331,6.71686869844402,4.29342363628927,11.088,17.7285877506525,39.6413559606293,4.17238510059526,2096000.0,14.555541801522192,2.40996885200382
COL,Colombia,2007,7,50.942736,42.7079909,37.4967793,54.4192261,47.6396878,57.9856732,39.7776140409658,3.7081332553661266,40.9429758324124,42.9894132012747,48.6481875848116,3.736310977472892,3.7839489959053183,3.9049618859943185,43235374.0,17.582169560738237,4769.926147194,8.470086100993974,6.73819469090975,5.54438485815156,11.204,16.4331421263646,37.0988970982903,4.30867680626701,2381000.0,14.683031545460512,2.16273306753812
COL,Colombia,2008,8,51.518047,43.425613,36.9281645,55.8282168,50.532024,59.9228575,36.8840024517578,3.6345289240813536,39.7776140409658,40.9429758324124,42.9894132012747,3.7081332553661266,3.736310977472892,3.7839489959053183,43758808.0,17.59420347621888,5541.83629665898,8.620081186310896,3.28344618616541,6.99688495554511,11.273,18.1095951350739,39.167649416435495,4.35627834630067,2545000.0,14.749641600893991,1.99042004970298
COL,Colombia,2009,9,50.5062255,42.233716,38.0455411,55.4945288,49.2792463,57.3197827,35.7272410703666,3.603518743216944,36.8840024517578,39.7776140409658,40.9429758324124,3.6345289240813536,3.7081332553661266,3.736310977472892,44271541.0,17.60585261322832,5250.97292433518,8.566168657337226,1.13964864548062,4.20251661216482,12.066,16.4244956875755,35.156128507458504,3.45627065154005,2649000.0,14.789693145755079,1.77437358615557
COL,Colombia,2010,10,52.242414,40.4961933,42.0439092,55.5353954,51.6477735,57.3086362,34.5241750628259,3.5702134523997073,35.7272410703666,36.8840024517578,39.7776140409658,3.603518743216944,3.6345289240813536,3.7081332553661266,44777319.0,17.617212296864682,6398.2958447102,8.763786959626445,4.49465897070922,2.27200227892008,11.153,16.3408447597691,34.264603168768105,2.24433595561184,1701000.0,14.346727459267303,1.40693436300273
COL,Colombia,2011,11,52.1375084,43.9491266,45.2566674,57.6869769,53.7301226,60.0392736,35.6322084408409,3.600927865468571,34.5241750628259,35.7272410703666,36.8840024517578,3.5702134523997073,3.603518743216944,3.6345289240813536,45259614.0,17.62792566963131,7400.9940695669,8.90936960389555,6.94789198173555,3.4150334477625,10.288,19.2765050733171,39.4704235545367,4.37269536127322,2356000.0,14.672476248201741,1.22439717479203
COL,Colombia,2012,12,51.228686,39.8127477,42.3233813,57.5403882,52.985737,60.5726626,35.9613009153726,3.609871444080799,35.6322084408409,34.5241750628259,35.7272410703666,3.600927865468571,3.5702134523997073,3.603518743216944,45715810.0,17.637954747896842,8108.59838244229,9.00068030633393,3.91263576716115,3.16930188840055,9.959,18.8112052836654,38.8351510186689,4.05728041313345,2434000.0,14.70504696337587,1.08410323361976
COL,Colombia,2013,13,50.5839313,39.1534778,42.7518466,56.4846701,53.6383828,60.5193469,33.4159707994424,3.5385207240662275,35.9613009153726,35.6322084408409,34.5241750628259,3.609871444080799,3.600927865468571,3.5702134523997073,46151584.0,17.647441841184357,8279.10255642981,9.021489854600409,5.13399351995672,2.01699224310383,9.246,18.0864397214368,37.986648797845604,4.24252457969381,2595000.0,14.769097459938507,1.16459175184649
COL,Colombia,2014,14,52.0987692,40.5609499,47.7700428,57.3089025,50.9681399,61.208658,28.654305199833,3.3896073155720416,33.4159707994424,35.9613009153726,35.6322084408409,3.5385207240662275,3.609871444080799,3.600927865468571,46565429.0,17.65636895682362,8187.20824890084,9.010328245586576,4.49903000110972,2.89883787761738,8.799,16.6347491096509,37.487465641110305,4.24107256687862,2866000.0,14.868428236288546,1.09267695626741
COL,Colombia,2015,15,52.5361218,41.6516464,48.5332728,58.549793,52.3188062,61.6067532,27.2152782480106,3.3398636130776196,28.654305199833,33.4159707994424,35.9613009153726,3.3896073155720416,3.5385207240662275,3.609871444080799,46969940.0,17.66501838059125,6248.51490534512,8.740099099350715,2.95590137527523,4.9898311584953,8.572,15.6502115094968,38.3607641184453,3.95939854860993,3371000.0,15.030720290864032,1.70416576384897
COL,Colombia,2016,16,53.4704434,40.6082158,49.9440415,59.2582889,52.6759157,60.9984682,26.1438669043183,3.301151124151248,27.2152782480106,28.654305199833,33.4159707994424,3.3398636130776196,3.3896073155720416,3.5385207240662275,47437512.0,17.67492386608452,5959.84250367574,8.692799334152472,2.08738250162794,7.51346024627675,8.922,14.7171392781975,36.202652984202004,4.90164572903473,3675000.0,15.11706396273788,1.83643004865322
COL,Colombia,2017,17,53.1095575,39.7795999,51.5596918,58.9980172,51.8043635,59.4137154,25.5510587151196,3.2790696231686014,26.1438669043183,27.2152782480106,28.654305199833,3.301151124151248,3.3398636130776196,3.3896073155720416,48131078.0,17.689438638701436,6479.53231292429,8.77640361281022,1.35936086788746,4.31431325695011,9.086,15.1452897484005,35.2829149424588,4.3931823276543,4056000.0,15.21570807080145,1.86578764806417
COL,Colombia,2018,18,52.0339144,41.6339601,53.5621824,59.8568639,52.2340298,58.5352044,23.8207594532571,3.2116803777473835,25.5510587151196,26.1438669043183,27.2152782480106,3.2790696231686014,3.301151124151248,3.3398636130776196,49024465.0,17.707830017187547,6816.96818309544,8.827170104063562,2.56432428277704,3.24056932930569,9.36,15.8997196775431,36.5347527968973,3.38083573220188,4397000.0,15.296433275590713,1.99734137782816
COL,Colombia,2019,19,51.3858014,42.5515607,49.7099758,60.0400617,52.9209808,60.7114045,23.3990612924966,3.194544659940113,23.8207594532571,25.5510587151196,26.1438669043183,3.2116803777473835,3.2790696231686014,3.301151124151248,49907985.0,17.725691567959988,6472.54544924705,8.77532473350093,3.18685539245533,3.52301932741447,10.28,15.8680386541241,37.558533980839,4.33058240931506,4531000.0,15.326453444351083,2.20297175864251
COL,Colombia,2020,20,51.2088287,42.8684473,53.6015733,59.830504,51.9685065,59.5069227,22.6427030734102,3.1630545292080723,23.3990612924966,23.8207594532571,25.5510587151196,3.194544659940113,3.2116803777473835,3.2790696231686014,50629997.0,17.740054784692685,5339.68711357943,8.582922337274953,-7.18591413760859,2.52663500084706,15.983,13.5222755593302,34.0555709680101,2.7588942895314,1396000.0,14.149122278636577,2.56133478402854
COL,Colombia,2021,21,50.7518116,42.5969406,47.9510464,58.0577255,51.8450651,60.8003821,25.5801274097033,3.280163846716173,22.6427030734102,23.3990612924966,23.8207594532571,3.1630545292080723,3.194544659940113,3.2116803777473835,51188173.0,17.751019067232278,6222.62164397614,8.735946583102677,10.8011981904878,3.49505757399448,13.898,16.1970059548864,40.0591463936128,3.00175693787234,,,2.70254419060708
COL,Colombia,2022,22,50.1475937,42.8342303,51.2663646,59.8925077,52.7237015,59.7688238,24.9488076386337,3.2561256601413504,25.5801274097033,22.6427030734102,23.3990612924966,3.280163846716173,3.1630545292080723,3.194544659940113,51737944.0,17.76170199678534,6680.44506854481,8.806939891338876,7.32827729427979,10.1772313546166,10.541,20.3883679938331,48.2826551123359,4.97124137726565,,,2.7354220776326
COL,Colombia,2023,23,49.2170521,42.0850276,51.957149,59.9027918,51.5080576,58.8600458,24.9134420347488,3.254761831553529,24.9488076386337,25.5801274097033,22.6427030734102,3.2561256601413504,3.280163846716173,3.1630545292080723,52321152.0,17.77291128321944,7012.49169137756,8.855448364999955,0.841819555752039,11.7359044948689,9.591,17.8077746975806,40.133316532258,4.57716748279263,,,2.75594116248495
COL,Colombia,2024,24,49.2940147,42.3503719,50.9539061,60.0046088,51.5641126,56.7782168,,,24.9134420347488,24.9488076386337,25.5801274097033,3.254761831553529,3.2561256601413504,3.280163846716173,52886363.0,17.783656075315644,7951.08624019412,8.981063832301487,1.49330728771066,6.60908593728228,9.619,16.0804545104347,36.317993878537294,3.25416050189283,,,2.82357172356115
CRI,Costa Rica,2000,0,66.8114468,68.7675874,77.992751,76.5700035,54.4109105,68.9043634,6.3234257019066,1.9910782105628315,,,,,,,3937739.0,15.18611725868665,3812.75386183689,8.246107005410186,3.80207210664838,10.9615496593622,5.08,42.9303224591994,86.524923382617,4.81846452551762,1278000.0,14.060807696391924,0.905678756997877
CRI,Costa Rica,2001,1,,,,,,,6.41066095411089,2.0029196329159427,6.3234257019066,,,1.9910782105628315,,,4008947.0,15.204039171282828,3985.12987980056,8.290325182863983,3.49117013515725,11.2556157091172,6.051,40.5085719500705,80.8527575070405,3.89233614145036,1320000.0,14.093143052138025,1.24212096848605
CRI,Costa Rica,2002,2,68.8175509,57.2729975,82.0687129,78.6443479,56.77246,61.9171653,6.33019318130238,1.992001870435639,6.41066095411089,6.3234257019066,,2.0029196329159427,1.9910782105628315,,4075705.0,15.220554295828235,4067.71854177094,8.3108375664196,3.41687615891895,9.16752048509119,6.396,39.2245350275681,80.41394367541321,4.3620269108637,1335000.0,14.104442598879876,1.51184749154414
CRI,Costa Rica,2003,3,68.2319018,57.7467076,76.6677399,77.8556364,56.653141,62.8055524,7.24850496564873,2.1100319676399324,6.33019318130238,6.41066095411089,6.3234257019066,1.992001870435639,2.0029196329159427,1.9910782105628315,4138784.0,15.235912582850624,4173.14853766977,8.33642607489451,4.31718000096654,9.44758091616984,6.654,40.6717129761414,83.3277075502937,4.48353973161802,1514000.0,14.230266373481294,1.85782761929458
CRI,Costa Rica,2004,4,68.045255,55.6774117,78.2044822,76.5085155,58.0735598,65.9256363,6.66654365306355,2.036865881879733,7.24850496564873,6.33019318130238,6.41066095411089,2.1100319676399324,1.992001870435639,2.0029196329159427,4200078.0,15.25061365450972,4431.01172024063,8.396383216251426,4.42459978667458,12.3148150178852,6.445,42.2076544521738,85.25647750397539,5.82312653403309,1771000.0,14.38705548141755,1.7170131035565
CRI,Costa Rica,2005,5,69.1984737,55.7893153,80.3342047,76.1306228,57.5919916,67.6116701,7.86156142343543,2.181722981983187,6.66654365306355,7.24850496564873,6.33019318130238,2.036865881879733,2.1100319676399324,1.992001870435639,4261240.0,15.26507075570225,4703.00720463794,8.45595741386774,3.97666631433462,13.7982949108987,6.749,43.464522824224,89.2226646399546,7.62843541650427,1959000.0,14.48794520739107,2.0974697376268
CRI,Costa Rica,2006,6,67.607151,56.0364084,81.1039252,76.5653313,56.236984,65.5904144,8.12248146668412,2.2107418577214824,7.86156142343543,6.66654365306355,7.24850496564873,2.181722981983187,2.036865881879733,2.1100319676399324,4321340.0,15.279076097308,5256.59641275583,8.567239026473445,7.3266951372695,11.4705968149052,5.926,43.3140350907406,89.814554322106,7.92850432469026,2071000.0,14.543542623236126,2.2590538597994
CRI,Costa Rica,2007,7,67.5715986,57.2387704,80.0309457,76.6648506,57.6058017,66.1523608,8.42418151029137,2.2432788871536506,8.12248146668412,7.86156142343543,6.66654365306355,2.2107418577214824,2.181722981983187,2.036865881879733,4380248.0,15.292615901754287,6137.71199435022,8.722207312337249,8.21513209207497,9.35724456417157,4.557,40.5821371736585,86.4565956113537,8.33742598522417,2302000.0,14.649289302668736,2.29840791117787
CRI,Costa Rica,2008,8,67.9848442,57.8673111,75.860945,76.425327,61.3479873,68.6218477,11.5313873891892,2.528236488172563,8.42418151029137,8.12248146668412,7.86156142343543,2.2432788871536506,2.2107418577214824,2.181722981983187,4440056.0,15.306177546941482,6937.24261660254,8.844659657056912,4.73817511214847,13.4244635507284,4.934,38.8064601026245,86.40151249048469,7.90900698205041,2409000.0,14.694722696706926,1.96342379690243
CRI,Costa Rica,2009,9,69.3791803,60.4991182,78.2401198,77.0043468,63.5088331,68.3997488,11.6672085436857,2.5390166499079085,11.5313873891892,8.42418151029137,8.12248146668412,2.528236488172563,2.2432788871536506,2.2107418577214824,4499791.0,15.319541509217528,6832.69828187486,8.829474937779947,-0.87345608994562,7.84270167700654,7.824,34.6323048229081,69.75931728973319,5.2515106858073,2309000.0,14.652325521424455,1.66882404923088
CRI,Costa Rica,2010,10,69.627159,62.1403057,79.5011207,77.7917095,63.5048151,66.4420791,11.5672606575735,2.5310950718497125,11.6672085436857,11.5313873891892,8.42418151029137,2.5390166499079085,2.528236488172563,2.2432788871536506,4555962.0,15.331947262864734,8265.78820580299,9.019880372411336,5.36034347722267,5.66275708420021,7.171,32.8294112720049,67.5120894036892,5.06371170026852,2495000.0,14.72979968796928,1.40920944198123
CRI,Costa Rica,2011,11,66.4434145,61.307371,76.3597742,77.705126,62.8204881,65.6384813,10.282368146525,2.4232411661029802,11.5672606575735,11.6672085436857,11.5313873891892,2.5310950718497125,2.5390166499079085,2.528236488172563,4609833.0,15.343702188720139,9276.39109377477,9.135227859385596,4.40315921836142,4.87799830970702,9.518,32.4724707460503,68.63914590501119,6.39172538358965,2526000.0,14.742147977775314,1.2165291764591
CRI,Costa Rica,2012,12,66.216038,61.5600476,77.0292845,77.6400411,64.0029832,67.5675419,8.72653951862736,2.274858182232867,10.282368146525,11.5672606575735,11.6672085436857,2.4232411661029802,2.5310950718497125,2.5390166499079085,4663934.0,15.355369855968943,10126.9991155066,9.222960315992161,4.88259252932575,4.49545314354605,9.11,31.6513172644756,67.0485391393947,5.70866124116913,2542000.0,14.74846212412249,1.19060562069868
CRI,Costa Rica,2013,13,66.3758491,61.4136608,77.2472696,77.5181203,62.0784544,68.5035758,8.71474107995362,2.2736444308997323,8.72653951862736,10.282368146525,11.5672606575735,2.274858182232867,2.4232411661029802,2.5310950718497125,4716147.0,15.36650271063707,10803.2401795009,9.287601384736778,2.49476596233289,5.23133614174428,8.218,30.5916494074101,64.0664108162845,6.29127736182893,2641000.0,14.78666856992365,1.17056543355752
CRI,Costa Rica,2014,14,67.4949886,63.8221832,77.6374637,78.3287855,62.6778023,65.2193291,10.0060434824472,2.398444529424529,8.71474107995362,8.72653951862736,10.282368146525,2.2736444308997323,2.274858182232867,2.4232411661029802,4767119.0,15.377252697164666,10911.4978703456,9.297572362743816,3.54210997703849,4.51920098516954,8.499,31.362915449766,65.19124221810111,6.23293662665086,2760000.0,14.830741600012107,1.14180389976092
CRI,Costa Rica,2015,15,67.2843551,63.6152798,78.8142788,78.6088087,62.1875452,66.4661022,11.5607212354156,2.5305745825932826,10.0060434824472,8.71474107995362,8.72653951862736,2.398444529424529,2.2736444308997323,2.274858182232867,4818038.0,15.38787734921593,11714.7106121672,9.368600648303643,3.65208093006359,0.801982005099623,8.415,29.9956579824958,60.753562147484104,5.23639457041545,2899000.0,14.879876752850267,0.977976119424714
CRI,Costa Rica,2016,16,67.2259513,64.2782593,78.3766211,78.2549213,60.9142847,67.149958,11.8759050112518,2.555357736215486,11.5607212354156,10.0060434824472,8.71474107995362,2.5305745825932826,2.398444529424529,2.2736444308997323,4866998.0,15.397987877884749,12091.0301560892,9.400219147265025,4.20432320775184,-0.0174788505908217,8.085,31.2600961080703,62.178478293067,4.45296211937019,3204000.0,14.9799108992802,0.926850292389643
CRI,Costa Rica,2017,17,67.4164655,59.8867107,78.7192203,78.8102716,61.2441302,65.5142737,12.2731177810203,2.585740770334845,11.8759050112518,11.5607212354156,10.0060434824472,2.555357736215486,2.5305745825932826,2.398444529424529,4913177.0,15.407431337369328,12317.0902779911,9.418743030458433,4.15769914676933,1.62590692991732,7.729,32.7626831133763,65.0719536997344,4.83327522044665,3231000.0,14.988302554308289,0.925980245797786
CRI,Costa Rica,2018,18,66.9557639,61.1658072,76.9351248,79.2710519,62.0528155,67.3737577,11.7995456872358,2.5494096771109707,12.2731177810203,11.8759050112518,11.5607212354156,2.585740770334845,2.555357736215486,2.5305745825932826,4957818.0,15.416476282553363,12620.0207321581,9.443039778895606,2.85285959760458,2.22111461526581,9.01,33.6589195458941,66.78741378877251,4.81804579792257,3313000.0,15.01336498312322,0.852690926498558
CRI,Costa Rica,2019,19,68.1874547,62.6655197,76.7980943,79.2014471,61.2189458,67.5564281,11.2610056078008,2.5064239506191037,11.7995456872358,12.2731177810203,11.8759050112518,2.5494096771109707,2.585740770334845,2.555357736215486,4999553.0,15.424859066401956,12951.8588421841,9.468994596763809,2.70813912948329,2.09604635327807,10.807,34.1472985859666,65.4194732486775,4.19904890207774,3366000.0,15.029235950821377,0.854591545845158
CRI,Costa Rica,2020,20,68.7392865,63.2960634,82.0305766,79.4594651,58.1387683,65.4475496,11.3222838436969,2.5114093178486447,11.2610056078008,11.7995456872358,12.2731177810203,2.5064239506191037,2.5494096771109707,2.585740770334845,5034320.0,15.431789020396428,12475.6852076814,9.431536845578764,-4.14159340574358,0.724911478131376,16.432,31.6977144131717,59.7463550719484,3.34838047556023,1146500.0,13.952225253499515,0.835559986392123
CRI,Costa Rica,2021,21,68.2686719,59.995998,83.5034419,78.6807882,58.5166349,65.7959355,11.6205820666553,2.5353289786053423,11.3222838436969,11.2610056078008,11.7995456872358,2.5114093178486447,2.5064239506191037,2.5494096771109707,5059988.0,15.436874669719334,12962.2716075659,9.469798232908374,8.21817953969082,1.72647755109241,15.139,35.8298587276824,70.10369330590899,5.47775634815964,,,0.905839776397581
CRI,Costa Rica,2022,22,69.195918,59.4934123,85.7815847,78.2623977,56.7819594,66.340972,12.908902016219,2.632529067968574,11.6205820666553,11.3222838436969,11.2610056078008,2.5353289786053423,2.5114093178486447,2.5064239506191037,5081765.0,15.441169200155919,13971.7649991294,9.544793786369972,5.46119455235068,8.27477490232654,11.325,40.5888104743828,79.0523903153884,7.34017474268191,,,0.87366874836676
CRI,Costa Rica,2023,23,68.5784998,61.8899064,86.7219213,78.0226098,60.4106617,64.123491,17.7454798727379,2.9309526498995653,12.908902016219,11.6205820666553,11.3222838436969,2.632529067968574,2.5353289786053423,2.5114093178486447,5105525.0,15.445833844645792,17140.771430122,9.749215198730674,4.79187732359398,0.525193508693455,8.325,38.0957487081207,71.43803103405361,6.05567371313475,,,0.756581407260131
CRI,Costa Rica,2024,24,68.2626888,61.8341927,87.7441552,76.2004148,60.364712,64.4721886,,,17.7454798727379,12.908902016219,11.6205820666553,2.9309526498995653,2.632529067968574,2.5353289786053423,5129910.0,15.450598673133408,18853.2828705886,9.844442335303391,4.08292444182048,-0.412853001047069,6.936,37.5298397915012,69.853378639451,5.58692738273204,,,0.749409322311289
DOM,República Dominicana,2000,0,46.5379685,37.0568051,63.1911314,58.0422314,30.5232689,54.654012,14.0956805476114,2.714408646449352,,,,,,,8584190.0,15.965432697250883,2831.45883638033,7.948547347705056,4.65172550299128,7.72413566181616,6.432,35.4978251417642,79.3003930961433,4.0689908919589,3161000.0,14.966399307553289,7.56527851580792
DOM,República Dominicana,2001,1,,,,,,,12.5569312052756,2.606897944604448,14.0956805476114,,,2.714408646449352,,,8720283.0,15.981162249486978,2935.89367312668,7.984767174203522,2.46937023763239,8.88306848812961,7.262,31.8906200886267,70.5105678080061,4.24930666375932,3090000.0,14.94368197249847,7.74085480856533
DOM,República Dominicana,2002,2,46.9022323,36.0654554,62.6458024,59.0555194,33.7892757,50.303163,14.4483285859447,2.7375008153521434,12.5569312052756,14.0956805476114,,2.606897944604448,2.714408646449352,,8852235.0,15.996180527473536,3065.60329524196,8.027999662685266,4.48650367045651,5.22336769759447,6.779,30.724010155589,68.7232829028777,3.41225986375611,3058000.0,14.93327199248221,8.08587669442767
DOM,República Dominicana,2003,3,45.1591759,30.6631742,55.4026376,57.6956681,33.9424475,48.5995633,21.1789386478885,3.099143129013921,14.4483285859447,12.5569312052756,14.0956805476114,2.7375008153521434,2.606897944604448,2.714408646449352,8980620.0,16.01057948021133,2383.26171780393,7.776225298094603,-1.34935744782766,27.4497127394395,6.938,42.1529981602708,84.4495031861592,2.88055489904245,3680000.0,15.118423581884207,10.8647468285944
DOM,República Dominicana,2004,4,48.1919429,33.4875527,57.7333991,59.0153776,35.156679,48.3069151,24.5911758206467,3.2422475975587224,21.1789386478885,14.4483285859447,12.5569312052756,3.099143129013921,2.7375008153521434,2.606897944604448,9104892.0,16.024322409459,2451.69161616569,7.804533520861816,2.58556667449577,51.4608598338065,6.303,41.1474766418853,81.35142293819109,4.18629057899448,3907000.0,15.178280629988032,11.2048946967094
DOM,República Dominicana,2005,5,49.6626369,30.8303396,58.7752899,59.3831955,34.6003906,50.5111045,25.9511238657765,3.294024998369607,24.5911758206467,21.1789386478885,14.4483285859447,3.2422475975587224,3.099143129013921,2.7375008153521434,9225034.0,16.03743143352093,3878.31206735244,8.263155303774978,9.43178931977285,4.19020260472056,6.587,28.3311381514539,61.6535587358027,3.12598170087694,3981000.0,15.19704385317559,7.60029456457848
DOM,República Dominicana,2006,6,51.2807475,34.766857,63.1209164,60.3671359,37.3905399,52.8024158,22.9521262431175,3.176057098334621,25.9511238657765,24.5911758206467,21.1789386478885,3.294024998369607,3.2422475975587224,3.099143129013921,9341183.0,16.049943461713294,4055.14270347371,8.30774115790901,9.17120650955299,7.57280523853074,5.654,28.2249162691947,63.7664826351505,4.0356569620282,4268000.0,15.266656125705534,8.0618101855444
DOM,República Dominicana,2007,7,51.0807652,32.8648154,64.1749084,59.8553279,36.9951584,52.8471655,22.3252575336375,3.1495367877715976,22.9521262431175,25.9511238657765,24.5911758206467,3.176057098334621,3.294024998369607,3.2422475975587224,9455658.0,16.062123850461266,4649.64558875814,8.444546278205335,7.41840577774235,6.14356655248047,5.158,26.7620220119612,61.229259153164,5.12424998266344,4365000.0,15.289128976350888,7.72652012566368
DOM,República Dominicana,2008,8,49.6336723,32.9944638,65.2090209,60.6352509,41.7972391,53.1546063,25.0074949363479,3.2583847632632077,22.3252575336375,22.9521262431175,25.9511238657765,3.1495367877715976,3.176057098334621,3.294024998369607,9573130.0,16.07447077369631,5023.58513403515,8.521899127914168,3.26808671288212,10.6446210953712,4.764,23.9483515015273,61.4285058325394,5.67335967834237,4455000.0,15.309537843353914,7.49717721751335
DOM,República Dominicana,2009,9,48.8798661,33.47595,64.3335548,60.5749778,42.2508801,53.2219467,24.4964939070773,3.23854094887113,25.0074949363479,22.3252575336375,22.9521262431175,3.2583847632632077,3.1495367877715976,3.176057098334621,9695265.0,16.087148179962483,4973.95186999952,8.51196994799959,1.00345293018719,1.44215131834353,5.467,21.0931826103163,50.6509376792025,3.51548540591409,4489000.0,15.317140740530808,7.0809461544121
DOM,República Dominicana,2010,10,47.9343824,32.6620149,64.1999798,60.3084061,41.927433,54.4082291,25.1930337290323,3.2654934872076415,24.4964939070773,25.0074949363479,22.3252575336375,3.23854094887113,3.2583847632632077,3.1495367877715976,9820175.0,16.09994950094579,5478.62470398954,8.608609382019452,8.40114541209596,6.32993220146146,5.212,22.7751186165488,56.057396417532104,3.38320513554667,4478000.0,15.314687299454791,7.22476560920223
DOM,República Dominicana,2011,11,48.7177497,33.7981599,64.2416013,59.2273595,42.5612376,52.7278624,25.2674003329003,3.268328639261243,25.1930337290323,24.4964939070773,25.0074949363479,3.2654934872076415,3.23854094887113,3.2583847632632077,9945621.0,16.112642911759615,5826.51014109195,8.670173496523594,3.19196227475523,5.79676809206533,6.087,24.3269602141381,59.0692578401697,3.79217588020774,4654000.0,15.35323783771328,7.31807975208052
DOM,República Dominicana,2012,12,48.8053109,32.2596313,66.0132452,59.9397312,44.8888237,52.9200732,22.5214243986665,3.157911682364466,25.2674003329003,25.1930337290323,24.4964939070773,3.268328639261243,3.2654934872076415,3.23854094887113,10070411.0,16.125112078161767,6013.81965002603,8.701815374742651,2.77567100848816,3.69449707884777,6.722,24.7666213993906,58.5062536731089,5.64036946601582,4901000.0,15.404950027931655,7.03762367197693
DOM,República Dominicana,2013,13,50.2567687,32.4842614,65.1487746,58.9816277,47.083119,53.2291855,19.4038895577301,3.0157255472705997,22.5214243986665,25.2674003329003,25.1930337290323,3.157911682364466,3.268328639261243,3.2654934872076415,10193833.0,16.137293487562335,6136.59429329301,8.722025191892458,4.93473300709881,4.830950967408,7.351,25.3838177066263,56.8137658014945,2.55757225532805,5114000.0,15.4474926303749,7.17044212217886
DOM,República Dominicana,2014,14,52.4781876,32.7943805,66.2497464,60.2577803,52.3594361,53.7021974,17.5463639644216,2.9202737571408,19.4038895577301,22.5214243986665,25.2674003329003,3.0157255472705997,3.157911682364466,3.268328639261243,10315528.0,16.149160890768336,6496.45166971142,8.779011409860257,7.11122629673892,2.99864226125219,6.719,25.4069026925032,55.6601041506633,3.55938801753347,5576000.0,15.53398241076251,7.17816631851046
DOM,República Dominicana,2015,15,50.85226,32.100597,67.4460467,59.3724031,48.8741443,54.5546315,,,17.5463639644216,19.4038895577301,22.5214243986665,2.9202737571408,3.0157255472705997,3.157911682364466,10434829.0,16.160659711200566,6800.95309395474,8.824818042218277,6.98771131236387,0.836746346724557,7.605,24.0368347236543,52.3471238667007,3.13851060913817,6129000.0,15.62854232562661,7.32201716302417
DOM,República Dominicana,2016,16,50.9238377,32.0314087,68.3866462,59.3377741,49.9833765,55.197024,15.3154603364407,2.7921131451814474,,17.5463639644216,19.4038895577301,,2.9202737571408,3.0157255472705997,10551430.0,16.17177195372465,7160.44200982307,8.876326991264788,6.71974078681295,1.61416607245223,7.284,24.1938670386292,51.730657124547704,3.33024928523507,6769000.0,15.727864071223042,7.29078540709387
DOM,República Dominicana,2017,17,50.5257467,31.8975404,67.2042764,59.3491647,48.3562506,54.6600045,11.3998115468654,2.5176812746620674,15.3154603364407,,17.5463639644216,2.7921131451814474,,2.9202737571408,10666843.0,16.18265070320925,7412.71571571512,8.910952144496719,3.93386176401576,3.27955694678546,5.832,24.1797519638034,50.759535550847104,4.55025610026855,7296000.0,15.802836947797699,7.81304987249201
DOM,República Dominicana,2018,18,50.7755906,30.9229128,65.7974766,59.5411767,47.4096937,54.1095885,9.90534873528498,2.389253378535658,11.3998115468654,15.3154603364407,,2.5176812746620674,2.7921131451814474,,10782053.0,16.193393550581742,7882.98221584944,8.972461565044354,7.09751640210159,3.56443426013508,5.861,23.993089643769,52.3351709577012,3.22902365102652,7551000.0,15.837190695218345,8.02132065789888
DOM,República Dominicana,2019,19,51.7576203,31.8595937,66.5750893,60.1086939,48.3287942,54.7113301,9.41799066618377,2.3435341833909193,9.90534873528498,11.3998115468654,15.3154603364407,2.389253378535658,2.5176812746620674,2.7921131451814474,10894043.0,16.203726684044828,8183.01623600375,9.009816094639277,4.8940301149584,1.81060377042959,6.356,23.325332586795,50.912982200697,3.17366550445317,7550000.0,15.83705825367553,8.32408533944056
DOM,República Dominicana,2020,20,53.1311846,33.8041609,69.4518509,61.230831,47.4613889,54.7623562,8.72977662309348,2.2751909383900357,9.41799066618377,9.90534873528498,11.3998115468654,2.3435341833909193,2.389253378535658,2.5176812746620674,11008300.0,16.214160091690886,7135.22273255899,8.872798746320544,-7.92905234231061,3.78103179915517,6.126,18.7972072415048,44.7331613466756,3.13265976088131,2748000.0,14.82638429622533,10.6071966446228
DOM,República Dominicana,2021,21,53.9454493,37.0379972,71.4850078,61.761651,50.5133691,56.0933212,10.5362752855436,2.4454964434291275,8.72977662309348,9.41799066618377,9.90534873528498,2.2751909383900357,2.3435341833909193,2.389253378535658,11123476.0,16.224568387868715,8527.0754858205,9.05100173126772,14.0124289062207,8.24300347981809,7.702,21.5282997986043,51.9500227303114,3.53154938314388,,,11.3260079151082
DOM,República Dominicana,2022,22,54.5692147,39.4915989,74.0892959,62.6760068,51.2561909,55.0538941,12.3678475675698,2.5928523884430565,10.5362752855436,8.72977662309348,9.41799066618377,2.4454964434291275,2.2751909383900357,2.3435341833909193,11230734.0,16.234164685219852,10104.2464008585,9.22071105019958,5.23795652902595,8.81109209279587,5.504,22.0261866198241,54.3781976712844,3.56897046352612,,,9.05734205460934
DOM,República Dominicana,2023,23,54.6895584,39.5157241,73.6492482,63.2301771,53.0531274,56.2835248,10.9166976980638,2.4779405845018423,12.3678475675698,10.5362752855436,8.72977662309348,2.5928523884430565,2.4454964434291275,2.2751909383900357,11331265.0,16.243076277257174,10630.431743829,9.271476086111296,2.19229848237939,4.78561281021135,5.555,21.3233165320401,49.8436131764418,3.94375586800192,,,8.81581566434817
DOM,República Dominicana,2024,24,55.8897387,42.7411629,76.5216624,63.9269227,53.9090315,59.5051737,,,10.9166976980638,12.3678475675698,10.5362752855436,2.4779405845018423,2.5928523884430565,2.4454964434291275,11427557.0,16.25153827714322,10875.6618443092,9.294282713351858,4.95352204492849,3.30223338951227,5.312,22.7679273981921,51.7835143952325,3.6013993607877,,,9.13243878213105
ECU,Ecuador,2000,0,45.2310765,32.7530409,52.1278248,52.2843517,29.280142,44.6088131,14.4453488439446,2.7373079123210227,,,,,,,12689206.0,16.356262268781123,1382.23421759909,7.231456467246611,1.09180164720277,96.0963756926096,4.8,37.5510597560791,65.40429538263899,-0.133637950998727,627000.0,13.348703414510117,7.53900859835198
ECU,Ecuador,2001,1,,,,,,,12.8420209514706,2.6277089620343763,14.4453488439446,,,2.7373079123210227,,,12910740.0,16.373570081087152,1791.30359685037,7.490698900174364,4.20627185748789,37.6767454518094,4.252,27.6071337228194,56.128486744205,2.32873824691471,641000.0,13.370786295963992,6.14240830281378
ECU,Ecuador,2002,2,46.4629288,31.8038235,50.4177029,56.5527022,29.6008525,42.0866939,14.5070142098716,2.7412924512336656,12.8420209514706,14.4453488439446,,2.6277089620343763,2.7373079123210227,,13138472.0,16.391055278109818,2059.1585535974,7.630052709209913,4.92809549611376,12.4835980082095,4.825,25.7144168795696,54.796643936613705,2.8951552675912,683000.0,13.434251602680698,5.31534116234239
ECU,Ecuador,2003,3,47.7437266,34.4901743,46.9767859,57.2190616,30.3409356,43.2065086,,,14.5070142098716,12.8420209514706,14.4453488439446,2.7412924512336656,2.6277089620343763,2.7373079123210227,13372306.0,16.40869640989775,2315.62215223014,7.747433678677548,2.88450036512064,7.92936487461556,5.662,26.8417735156179,52.3575426975979,2.81449236195545,761000.0,13.542389950903406,5.27503980472213
ECU,Ecuador,2004,4,48.0582803,32.4127776,49.6847888,56.1525126,32.9198215,42.0897186,,,,14.5070142098716,12.8420209514706,,2.7412924512336656,2.6277089620343763,13608701.0,16.426219925546448,2586.20914663347,7.857948432563203,6.83239736646514,2.74323198926704,5.002,29.0996886570109,56.0745467239942,2.37801066697343,819000.0,13.615840583835682,5.22245926639398
ECU,Ecuador,2005,5,46.1848304,31.1420865,50.6359544,56.2291001,32.689201,41.1950963,,,,,14.5070142098716,,,2.7412924512336656,13846163.0,16.443518712503842,2909.02606014388,7.975573616909485,5.39862243994342,2.1682770118372,3.779,32.6271488045748,61.9581507902572,1.22499487397379,860000.0,13.664688831019712,6.10742377469624
ECU,Ecuador,2006,6,41.9305756,31.6171884,52.3869425,56.3660525,33.0691063,40.0396351,,,,,,,,,14086131.0,16.460701254258446,3243.67010359339,8.084460715734057,4.34113198577639,3.29874846258215,3.55,35.7016851677807,65.8423556166561,0.594056305145447,841000.0,13.642348128015021,6.42101090681869
ECU,Ecuador,2007,7,42.875565,32.2061324,54.1045256,57.83857,34.2032058,39.475437,15.8631866106051,2.8251329389023963,,,,,,,14328773.0,16.477780171574512,3478.92488770671,8.154478584722467,1.90242859700484,2.27618478002121,3.142,37.4824331013481,68.8505854462677,0.388921736574003,937000.0,13.75043962845585,6.70295541841078
ECU,Ecuador,2008,8,40.2339535,33.6519405,55.8742892,57.0674116,40.1809553,36.5858924,17.886543943386,2.938449707833834,15.8631866106051,,,2.8251329389023963,,,14575202.0,16.49483214945299,4194.75750661981,8.341590811895546,6.56492068224719,8.40009593987462,3.917,40.2763008714604,74.59029636484391,1.7294958127597,1005000.0,13.820499094499693,5.05178528024742
ECU,Ecuador,2009,9,39.9149623,33.903431,56.4665351,57.0266441,44.1550715,32.9802368,17.705436773059,2.9288142181320858,17.886543943386,15.8631866106051,,2.938449707833834,2.8251329389023963,,14825954.0,16.511889851536495,4053.36331139298,8.307302262727573,1.0910129698311,5.15996829181047,4.608,29.3096288345425,57.3473460627608,0.513570185696715,968000.0,13.782988399316032,4.5635031450049
ECU,Ecuador,2010,10,40.9116259,33.7158318,53.7671166,56.2679261,44.3765057,33.9937507,17.4043449177688,2.9125867735742865,17.705436773059,17.886543943386,15.8631866106051,2.9288142181320858,2.938449707833834,2.8251329389023963,15076695.0,16.528660732067813,4520.30959039763,8.41633576393151,4.02913787986621,3.55437734567843,4.088,32.4856951799135,65.7773849135062,0.243419054034351,1047000.0,13.861440444962055,3.81361167392642
ECU,Ecuador,2011,11,40.6232289,34.5708503,52.1839673,55.7602673,47.7351058,35.7276156,15.2875203821371,2.7903991938477,17.4043449177688,17.705436773059,17.886543943386,2.9125867735742865,2.9288142181320858,2.938449707833834,15326227.0,16.545076101834354,5153.6916424375,8.547468560636602,8.48147656332823,4.4745326579584,3.458,36.1133694393513,70.0356837525248,0.817966548837347,1141000.0,13.947416505268018,3.39373350415588
ECU,Ecuador,2012,12,41.0003042,35.7217467,53.6025773,53.4730124,47.9195616,37.7759259,12.3425125579607,2.5909553704254975,15.2875203821371,17.4043449177688,17.705436773059,2.7903991938477,2.9125867735742865,2.9288142181320858,15572194.0,16.560997445893292,5634.08393191094,8.636589845718136,5.783212336172,5.10172180958666,3.235,34.8314108177156,67.0029290916898,0.646739602691481,1272000.0,14.056101809045417,2.82239084408483
ECU,Ecuador,2013,13,42.5096418,36.2845101,60.8771619,53.1686535,49.7492764,40.2676232,10.9127986726241,2.4776133408695102,12.3425125579607,15.2875203821371,17.4043449177688,2.5909553704254975,2.7903991938477,2.9125867735742865,15807128.0,16.57597153550499,6109.29031510341,8.717565894045311,7.21123653679159,2.72177577710371,3.083,32.3752665078284,63.433300334241395,0.752903273859877,1364000.0,14.125932850523105,2.54612673206732
ECU,Ecuador,2014,14,42.0833442,32.8251642,64.9945543,53.3100451,51.2177777,41.3878648,8.16956550602398,2.2158899030328265,10.9127986726241,12.3425125579607,15.2875203821371,2.4776133408695102,2.5909553704254975,2.7903991938477,16035124.0,16.590292124163373,6405.79979300441,8.764959076637384,4.22606520388456,3.58922016616663,3.48,31.3550366940318,61.4263766217565,0.751953401658059,1695000.0,14.343193888767015,2.40703123870624
ECU,Ecuador,2015,15,41.5005095,33.4743262,62.4870648,51.9716704,49.672233,37.7780174,6.45509329915208,2.008897463115195,8.16956550602398,10.9127986726241,12.3425125579607,2.2158899030328265,2.4776133408695102,2.5909553704254975,16266225.0,16.60460143014731,5976.1596805651,8.695533446764424,0.119692109287612,3.96664623255358,3.616,22.754485726599,47.8280397077826,1.36067004574537,1676000.0,14.331921156682698,2.45609170654041
ECU,Ecuador,2016,16,43.4268827,32.6236971,62.7860623,52.4034849,50.5986899,39.7742498,5.81031174018927,1.9184378959403123,6.45509329915208,8.16956550602398,10.9127986726241,2.008897463115195,2.2158899030328265,2.4776133408695102,16505139.0,16.619182344924365,5917.63771271481,8.685692613228005,-0.687954245877947,1.72826463324533,4.597,20.53929115589,40.53449179966471,0.78469706502846,1569000.0,14.265949669063597,2.67435295214931
ECU,Ecuador,2017,17,44.6977822,32.4442552,63.5146361,53.4249429,50.7761128,38.7725521,5.78775543057783,1.9151203170496236,5.81031174018927,6.45509329915208,8.16956550602398,1.9184378959403123,2.008897463115195,2.2158899030328265,16759519.0,16.63447695332237,6233.32244797718,8.737664767859222,5.97039880954841,0.417335588666825,3.836,21.4855873912769,43.6177233172817,0.605279629548276,1806000.0,14.40662556666877,2.72722996049999
ECU,Ecuador,2018,18,46.7736366,35.4192445,64.5651761,57.1756258,50.0827183,41.2548261,5.8300670929869,1.9213344968121813,5.78775543057783,5.81031174018927,6.45509329915208,1.9151203170496236,1.9184378959403123,2.008897463115195,17049547.0,16.651634192425885,6303.91886658338,8.748926761306318,1.04429460679607,-0.224103246005552,3.53,23.5438701347327,48.0093476154836,1.29341012436864,2535000.0,14.74570458948466,2.82760317052208
ECU,Ecuador,2019,19,48.6066946,37.4276909,61.9845103,57.1633561,50.3953314,43.1505316,6.84543557226847,2.0599319069213804,5.8300670929869,5.78775543057783,5.81031174018927,1.9213344968121813,1.9151203170496236,1.9184378959403123,17340021.0,16.6685277403886,6205.05765246766,8.733119988887672,0.1654044646003,0.266012515466155,3.812,24.0486345985713,48.0828494933307,0.915058228783613,2108000.0,14.561250663026579,3.0137639320716
ECU,Ecuador,2020,20,49.5581185,37.6052427,63.0577368,57.0508826,46.434704,43.2410757,7.81941728300383,2.1769558001494937,6.84543557226847,5.8300670929869,5.78775543057783,2.0599319069213804,1.9213344968121813,1.9151203170496236,17546065.0,16.68034026621165,5463.64515348598,8.605871456514745,-9.24509619165865,-0.338872392562139,6.116,23.2835621642424,43.9893109378389,1.16754746598289,,,3.48790451754192
ECU,Ecuador,2021,21,52.0904446,35.3144453,62.286159,58.3049199,50.4767878,46.6847651,14.1156873894402,2.7157331045007145,7.81941728300383,6.84543557226847,5.8300670929869,2.1769558001494937,2.0599319069213804,1.9213344968121813,17682454.0,16.688083406446793,6061.32350181711,8.709683454857418,9.42189269033631,0.133251386096389,4.504,27.0659755840025,53.261275610573,0.607504922954352,,,4.07490158068369
ECU,Ecuador,2022,22,49.2697084,34.8317307,61.6903192,58.2162517,52.6979808,47.8768918,27.4126359684417,3.346833974682097,14.1156873894402,7.81941728300383,6.84543557226847,2.7157331045007145,2.1769558001494937,2.0599319069213804,17823897.0,16.696050642967137,6515.58528418336,8.781952321929632,5.86842354862311,3.46616972213077,3.713,30.9252456928287,61.880792818786,0.759637557255968,,,4.08839477102189
ECU,Ecuador,2023,23,43.4672087,33.8179966,59.6225725,57.4003362,48.7335687,45.3797185,45.7228145164847,3.844232578924761,27.4126359684417,14.1156873894402,7.81941728300383,3.346833974682097,2.7157331045007145,2.1769558001494937,17980083.0,16.70477520323736,6718.1447938811,8.81256732306309,1.8328406107788,2.21568764237058,3.51,28.649536821321,57.162693826430896,0.398026146047552,,,4.51387204495537
ECU,Ecuador,2024,24,41.9851335,32.4325699,55.325729,57.5179096,49.3236097,44.7640501,,,45.7228145164847,27.4126359684417,14.1156873894402,3.844232578924761,3.346833974682097,2.7157331045007145,18135478.0,16.713380688223296,6826.5294137822,8.82857168488022,-1.94409022506859,1.54732515615369,3.453,30.4978780132278,57.4436448205751,0.360313100049938,,,5.28613118568203
GTM,Guatemala,2000,0,40.9669812,36.6410337,48.7789577,48.6743612,29.6051877,49.5816259,24.8256222306266,3.251367108834576,,,,,,,11697592.0,16.274893566619983,1648.96578971559,7.407903576265312,3.6088687174876,5.97757734737136,2.143,20.1950343956927,49.1455879049537,-4.08835554722306,826000.0,13.624351263156136,3.09089218520719
GTM,Guatemala,2001,1,,,,,,,26.9854300399802,3.331684019028192,24.8256222306266,,,3.251367108834576,,,11969422.0,16.297865788983152,1537.68663578252,7.338034381440451,2.33257486608854,7.28587366610138,2.251,28.6635482851857,70.66903317694751,-5.088199966054,835000.0,13.635188201437066,3.44333629274611
GTM,Guatemala,2002,2,41.7438102,31.8074442,47.5866806,48.6453422,33.432557,51.7128233,29.6482816428349,3.422576596955279,26.9854300399802,24.8256222306266,,3.331684019028192,3.251367108834576,,12246915.0,16.32078462650412,1669.33517469705,7.420180727164561,3.83928708556792,8.13263054281054,2.254,26.7262767971618,67.1048115244644,-4.97449876130187,884000.0,13.69221347284086,7.82711765505829
GTM,Guatemala,2003,3,41.0027099,31.5893679,48.9497859,48.9433093,33.1146262,50.8942177,33.8260706875462,3.5503662639899902,29.6482816428349,26.9854300399802,24.8256222306266,3.422576596955279,3.331684019028192,3.251367108834576,12525842.0,16.34330442822457,1722.54701910774,7.45155929952991,2.56037766801896,5.60347675434469,2.807,26.1810997164793,67.0023391862424,0.0903239703402523,880000.0,13.68767832281738,9.95052323955904
GTM,Guatemala,2004,4,43.7568448,36.0072726,48.9448025,53.4082156,33.556418,49.030554,35.1905874431052,3.5887990696380303,33.8260706875462,29.6482816428349,26.9854300399802,3.5503662639899902,3.422576596955279,3.331684019028192,12807402.0,16.365533842999678,1840.91184884,7.518016297870501,3.13791683609193,7.57862247309729,2.971,27.4194097089723,70.2148723581872,1.36317570702825,1182000.0,13.982719322971512,11.1441946802014
GTM,Guatemala,2005,5,43.5027067,35.1053029,49.5050118,53.9481086,33.4249612,47.9396687,40.7866100416894,3.7325759542819616,35.1905874431052,33.8260706875462,29.6482816428349,3.5887990696380303,3.5503662639899902,3.422576596955279,13087629.0,16.387177990845878,2046.46611650758,7.623869738994796,3.27602692588886,9.1086498571922,3.059,25.454901513817,67.1036996082037,2.01617500337249,1316000.0,14.09010815074553,11.4496338247076
GTM,Guatemala,2006,6,42.977498,34.946904,50.0587622,56.7114175,37.0082214,49.4205428,44.0248234172562,3.8072139691721794,40.7866100416894,35.1905874431052,33.8260706875462,3.7325759542819616,3.5887990696380303,3.5503662639899902,13367459.0,16.408333878659867,2225.1234753878,7.70756768761689,5.35139778711536,6.56085282795384,2.96,25.3398334344627,67.9119237396617,2.13587522888421,1502000.0,14.222308777084956,12.4397165660231
GTM,Guatemala,2007,7,43.0796107,35.6435377,50.8040963,55.9487338,37.4728335,48.55585,42.3453198203345,3.769198734776126,44.0248234172562,40.7866100416894,35.1905874431052,3.8072139691721794,3.7325759542819616,3.5887990696380303,13652040.0,16.429399518978073,2458.81573919384,7.807435106181165,6.33771869016203,6.82161753590326,2.847,25.9805176037841,69.0013643101763,2.55959192771149,1628000.0,14.302863439795049,12.6198129936818
GTM,Guatemala,2008,8,42.586499,38.7438607,51.9237649,56.8314151,44.600349,48.9246079,45.1519299292567,3.8319387786932673,42.3453198203345,44.0248234172562,40.7866100416894,3.769198734776126,3.8072139691721794,3.7325759542819616,13935174.0,16.449926705364902,2763.05988172926,7.924093997409978,3.29352400028485,11.355761126315,2.898,25.1243459208619,65.1787305213103,1.89952208705823,1715000.0,14.354924221672386,11.4940758820625
GTM,Guatemala,2009,9,43.1314365,37.7046661,51.4490311,56.4619512,45.7880882,48.6329839,45.7103110094951,3.843964932798318,45.1519299292567,42.3453198203345,44.0248234172562,3.8319387786932673,3.769198734776126,3.8072139691721794,14215611.0,16.46985128490819,2611.64632773352,7.867736078369997,0.476898106596394,1.85910254733028,3.22,24.3678264820599,58.040686973867295,1.34627822535543,1311000.0,14.086301525522053,10.7798821237051
GTM,Guatemala,2010,10,43.3351526,35.5132962,51.2474752,54.6668996,44.7927753,48.8463636,41.1031293722721,3.740122069808806,45.7103110094951,45.1519299292567,42.3453198203345,3.843964932798318,3.8319387786932673,3.769198734776126,14500112.0,16.489666931498903,2805.25960237322,7.939251363539998,2.88417542800377,3.8595090983316,3.497,26.2254643341594,63.125192574622204,2.71030706792051,1384000.0,14.140489137702843,10.3860258746852
GTM,Guatemala,2011,11,41.4438293,36.9515703,51.9002933,53.4181382,43.4557882,48.4997043,38.4055692334411,3.6739071574173283,41.1031293722721,45.7103110094951,45.1519299292567,3.740122069808806,3.843964932798318,3.8319387786932673,14792126.0,16.50960557013072,3168.98370607705,8.061166218016941,4.16390688293349,6.214123930671,3.169,27.0677057848772,65.0470510420457,1.87038244023626,1434000.0,14.17597899749153,9.67029683304015
GTM,Guatemala,2012,12,42.1429492,31.9388738,52.8007905,53.9598901,43.2481681,47.7978126,34.1624967821479,3.559980082302225,38.4055692334411,41.1031293722721,45.7103110094951,3.6739071574173283,3.740122069808806,3.843964932798318,15089647.0,16.52951943749493,3286.61959336267,8.097614836319716,2.97470856847661,3.78180754679678,2.765,25.267092636425,61.9594193352042,2.82256297187213,1491000.0,14.214958264437461,10.0118587523679
GTM,Guatemala,2013,13,41.0375769,32.9608278,52.596713,53.3196025,43.7378111,47.3003404,33.5015723155484,3.5410048973625563,34.1624967821479,38.4055692334411,41.1031293722721,3.559980082302225,3.6739071574173283,3.740122069808806,15387337.0,16.54905545640493,3444.15802275864,8.144434747990546,3.69476814623695,4.34337131279521,3.017,21.9981664670011,56.685248900737996,2.87216286478145,1516000.0,14.231586504814842,10.0077092042108
GTM,Guatemala,2014,14,42.7400931,29.8408598,52.6953567,53.5113318,45.0348827,47.9350844,33.4975903480006,3.54088947661255,33.5015723155484,34.1624967821479,38.4055692334411,3.5410048973625563,3.559980082302225,3.6739071574173283,15681725.0,16.56800657959068,3689.14510410202,8.213150031087679,4.44397825774911,3.4183616966296,2.717,21.7443606885213,55.0832736168677,2.43302117698753,1739000.0,14.368821368379383,9.94162203910492
GTM,Guatemala,2015,15,43.4926816,29.7569805,53.1864427,53.8771384,43.6459404,49.1210999,,,33.4975903480006,33.5015723155484,34.1624967821479,3.54088947661255,3.5410048973625563,3.559980082302225,15971743.0,16.58633165637714,3893.50533299068,8.267065144732472,4.09217170075418,2.3887203283955,2.506,19.8299071093932,49.893451855098505,1.93508794944894,1865000.0,14.438772147252939,10.4233903506866
GTM,Guatemala,2016,16,42.8561377,30.7721186,54.0529231,54.3354045,43.1626733,50.0212464,,,,33.4975903480006,33.5015723155484,,3.54088947661255,3.5410048973625563,16268760.0,16.6047572624002,4060.13784737643,8.308972204575173,2.6778031930216,4.44844199942827,2.583,18.753087949948,46.3727343925686,1.28045862124744,1906000.0,14.460517887855119,11.1465467414657
GTM,Guatemala,2017,17,43.2936781,30.229089,53.2007692,54.7263249,42.4114082,48.6578557,32.8054740415143,3.5206227432668133,,,33.4975903480006,,,3.54088947661255,16567357.0,16.622944871550697,4324.99768915601,8.37216688506665,3.0798512212244,4.42453655182546,2.462,18.4950394164293,46.0694034412912,1.39328931381397,2120000.0,14.566927118346197,11.7144999374258
GTM,Guatemala,2018,18,42.7707203,28.0364322,53.4356567,53.0839896,40.5509621,49.6562568,28.9035441420162,3.397977006549938,32.8054740415143,,,3.5206227432668133,,,16845685.0,16.63960509888172,4352.94593289707,8.378608120822063,3.40687328176345,3.75186186704508,2.283,18.1693258488802,47.0116853424691,1.25790065429015,2406000.0,14.693476591144272,12.8704296861911
GTM,Guatemala,2019,19,42.2356563,27.7851878,53.2129632,52.5514408,39.647213,49.2252506,25.9415998284592,3.2936715540912855,28.9035441420162,32.8054740415143,,3.397977006549938,3.5206227432668133,,17103803.0,16.654811394407012,4511.99839552697,8.414495437576539,4.01789830861587,3.69998398008605,2.193,17.6119727745274,45.516734184958,1.51707073546928,2560000.0,14.75551820708067,13.8075410269222
GTM,Guatemala,2020,20,42.7879231,25.8627648,55.44489,52.416564,38.7529776,49.9469116,18.1882859775834,2.9542999875095446,25.9415998284592,28.9035441420162,32.8054740415143,3.2936715540912855,3.397977006549938,3.5206227432668133,17357325.0,16.669525165461664,4477.61785000665,8.40684645408132,-1.78555117570465,3.21444062197345,2.965,16.3436118075967,41.1407594007819,1.29230382378627,594000.0,13.29463628184505,14.6751379764358
GTM,Guatemala,2021,21,42.5873048,23.4977807,55.2773771,50.4743236,39.0457404,49.8246596,20.2458705569498,3.0561625497547658,18.1882859775834,25.9415998284592,28.9035441420162,2.9542999875095446,3.2936715540912855,3.397977006549938,17598650.0,16.683332752520982,4912.62240414681,8.499563172741766,8.04170398855833,4.26105127422813,2.174,17.6296569856584,49.261149442668,4.19448571319716,,,17.8213863093606
GTM,Guatemala,2022,22,41.282466,23.4971554,60.175191,49.8073017,36.2855344,49.8721602,22.0474401521257,3.137554706968538,20.2458705569498,18.1882859775834,25.9415998284592,3.0561625497547658,2.9542999875095446,3.2936715540912855,17847877.0,16.697395123542297,5356.92435887895,8.586145275728807,4.15492196609047,6.88512823344287,3.051,18.9517853338562,54.4490964612191,1.51665826758099,,,19.0404824285485
GTM,Guatemala,2023,23,41.1815348,26.462081,61.9825372,49.4354374,35.585897,49.1318918,23.3657267272051,3.1931775025366917,22.0474401521257,20.2458705569498,18.1882859775834,3.137554706968538,3.0561625497547658,2.9542999875095446,18124838.0,16.712793820734035,5754.42833909847,8.657724983311365,3.52430434049013,6.20657592272126,2.344,16.6174908714024,48.3297978472592,1.58230175223989,,,19.1575563867358
GTM,Guatemala,2024,24,42.0421926,29.356717,63.7385299,51.1608034,37.0120878,50.874865,,,23.3657267272051,22.0474401521257,20.2458705569498,3.1931775025366917,3.137554706968538,3.0561625497547658,18406359.0,16.72820676070013,6150.89465281457,8.724352822222906,3.71558453779777,2.86992752918294,2.613,15.8834632887959,47.3052981448815,1.63228788754296,,,19.1179716140238
HND,Honduras,2000,0,37.6896464,26.9386535,58.9755071,50.9366123,29.0623164,47.0084548,48.2838225250265,3.8975958836891924,,,,,,,6577773.0,15.699206796166399,1092.56400746252,6.996282513319912,9.61221879337278,11.0480349344976,3.883,53.972182998888,120.3921645842358,4.8698431531529,689000.0,13.442998001373553,6.60250645825481
HND,Honduras,2001,1,,,,,,,51.6129566869927,3.96296241425845,48.2838225250265,,,3.8975958836891924,,,6757993.0,15.726236510446425,1132.1648753329,7.0318868977446245,2.72319327321379,9.67415556864781,4.0,51.3817002306282,115.9430717379537,4.04940697578742,672000.0,13.418015107599418,7.9784156429783
HND,Honduras,2002,2,42.899634,25.5883514,59.1101615,50.7312241,30.4694183,45.8074057,52.2131990441944,3.9743064679097855,51.6129566869927,48.2838225250265,,3.96296241425845,3.8975958836891924,,6938859.0,15.752647909744407,1132.49965345317,7.032182551355526,3.75433786119939,7.6905097203429,4.02,52.730582054494,117.9974544502991,3.6562173778393,788000.0,13.577254637874743,10.1981792127611
HND,Honduras,2003,3,42.1692295,27.0406286,54.986864,52.0387923,29.6389566,44.9612187,57.211379965735,4.064080867680794,52.2131990441944,51.6129566869927,48.2838225250265,3.9743064679097855,3.96296241425845,3.8975958836891924,7119213.0,15.778307743570993,1156.08162681357,7.052791658169877,4.54703805165397,7.67416639397743,5.3,54.0940274951722,122.2482771755342,4.74055553954205,887000.0,13.695601388686796,10.51455531516
HND,Honduras,2004,4,44.8189316,28.03923,54.4070083,52.8098039,36.3816298,46.1211505,49.8561822453764,3.9290016931847185,57.211379965735,52.2131990441944,51.6129566869927,4.064080867680794,3.9743064679097855,3.96296241425845,7298994.0,15.803247088403017,1215.13995412761,7.1026145377233485,6.23230296069102,8.11379097093383,5.99,58.4229834527808,135.4617587418541,6.67606399673031,1026000.0,13.841179279371246,13.1814704759739
HND,Honduras,2005,5,46.5857523,28.9218552,53.8767716,53.7504352,37.4778482,48.6259793,42.9506250338895,3.783066845506501,49.8561822453764,57.211379965735,52.2131990441944,3.9290016931847185,4.064080867680794,3.9743064679097855,7478355.0,15.827523405978662,1304.70039153826,7.173728708369963,6.05059922215973,8.80906074819817,4.909,59.0058417153113,136.4897680184862,6.16028277171203,1118000.0,13.927052827151165,18.5015124633633
HND,Honduras,2006,6,43.7718972,29.1543482,53.7655764,55.2380669,36.9422658,49.1157909,40.7218024373527,3.731023832395714,42.9506250338895,49.8561822453764,57.211379965735,3.783066845506501,3.9290016931847185,4.064080867680794,7656832.0,15.851108879146711,1425.84780051892,7.262521863524089,6.56724355177587,5.57775207654292,3.574,56.0546420538277,133.1318351043202,6.57287305327357,1136000.0,13.943024758544537,21.6026915899283
HND,Honduras,2007,7,43.8644198,29.3182519,57.4253476,53.8455576,38.7255048,50.9082374,45.7956895764454,3.845791095614447,40.7218024373527,42.9506250338895,49.8561822453764,3.731023832395714,3.783066845506501,3.9290016931847185,7834798.0,15.87408565169134,1577.73789197407,7.363747386198851,6.18832716678008,6.93621470895786,3.211,53.5090115392915,135.0706349179166,7.82223281251053,1309000.0,14.084774808833686,21.1438409427367
HND,Honduras,2008,8,42.0790369,29.0399776,55.6790993,53.335537,42.7700284,49.7516624,55.6000203180321,4.036009344184905,45.7956895764454,40.7218024373527,42.9506250338895,3.845791095614447,3.731023832395714,3.783066845506501,8012587.0,15.896524238186435,1732.49062702803,7.457315320964593,4.23160011009342,11.4034270813932,3.156,51.3252766875914,135.74895519305352,8.65020371949481,1561000.0,14.260837840112353,20.324150822379
HND,Honduras,2009,9,42.1613911,27.8612324,56.0140831,50.0542227,43.3894785,49.1146392,64.4696634518731,4.181586881946021,55.6000203180321,45.7956895764454,40.7218024373527,4.036009344184905,3.845791095614447,3.731023832395714,8189899.0,15.918412123640879,1781.15703614674,7.485018452421594,-2.43162787988011,5.49634273772203,3.292,39.5302508197518,96.90500601889039,3.38987200238321,1589000.0,14.278616074845276,16.9826205436393
HND,Honduras,2010,10,41.7090701,27.8363145,54.0444474,49.6602762,43.6931305,49.3593531,74.5408954410341,4.324674171080007,64.4696634518731,55.6000203180321,45.7956895764454,4.181586881946021,4.036009344184905,3.845791095614447,8365878.0,15.939671848042664,1893.32722662035,7.54609099766531,3.73114034433009,4.69889064976232,4.119,45.7589061967483,109.4418382416819,3.83460574737835,1965000.0,14.491003312191221,16.5278735126143
HND,Honduras,2011,11,41.1740984,28.471068,55.6369504,50.5000283,44.1496187,50.6994626,83.1793333078082,4.432949443470343,74.5408954410341,64.4696634518731,55.6000203180321,4.324674171080007,4.181586881946021,4.036009344184905,8540583.0,15.960339830413591,2073.66121088074,7.637071024858434,3.83569066207505,6.7622795731476,4.474,51.2576866755535,122.2169025973367,5.88681418228473,1852000.0,14.431777234144919,15.8698406825036
HND,Honduras,2012,12,38.2833267,25.6781127,55.921737,52.2588121,42.5883501,49.2403978,82.2941714854712,4.422378576562361,83.1793333078082,74.5408954410341,64.4696634518731,4.432949443470343,4.324674171080007,4.181586881946021,8715076.0,15.980564957494906,2126.03474686503,7.662013902543044,4.12868774866939,5.19618615531848,3.755,50.9027988216362,121.18821580828481,5.83610988955542,1903000.0,14.458942671764223,15.7614551051777
HND,Honduras,2013,13,37.5525515,25.4597418,55.5043898,52.381511,40.2580151,48.2732035,72.3455871413622,4.295182341107251,82.2941714854712,83.1793333078082,74.5408954410341,4.422378576562361,4.432949443470343,4.324674171080007,8889278.0,16.00035638934384,2081.12843527945,7.640665542547515,2.79155975746801,5.16189898581494,5.646,47.9414903194725,116.30604924743591,5.77862113948416,1857000.0,14.43447337883766,16.7474848196542
HND,Honduras,2014,14,38.9854505,28.4408733,53.4529725,50.7002653,44.1021461,46.007592,64.9996731259012,4.1896497893763005,72.3455871413622,82.2941714854712,83.1793333078082,4.295182341107251,4.422378576562361,4.432949443470343,9063122.0,16.01972421027259,2179.88171977271,7.687025897326175,3.0580805621437,6.12924930313031,7.078,47.5626547300206,112.9750972847105,8.62899693066618,2082000.0,14.548840008464333,17.055189798725
HND,Honduras,2015,15,39.5934368,31.6906491,53.8787376,49.5295265,44.9663951,46.7004735,55.7305404552518,4.038312698091119,64.9996731259012,72.3455871413622,82.2941714854712,4.1896497893763005,4.295182341107251,4.422378576562361,9237305.0,16.038760734408207,2271.20265980349,7.728064776258591,3.84007997093951,3.15783117980915,6.147,45.1667574562581,107.2644053542401,6.27594328427599,2093000.0,14.554109479211109,17.4749176819329
HND,Honduras,2016,16,39.4845732,29.4470652,52.9159142,48.325469,46.082339,45.7275622,54.7151729955654,4.020252515502999,55.7305404552518,64.9996731259012,72.3455871413622,4.038312698091119,4.1896497893763005,4.295182341107251,9412380.0,16.057536402005034,2307.34468351082,7.74385265469053,3.89297219726413,2.72461223295289,6.727,42.7141047814182,99.8157169505924,5.28156973350556,2228000.0,14.616615328862245,17.790816103454
HND,Honduras,2017,17,41.0666387,28.9677959,49.3152433,47.1606284,45.9738274,48.8065064,40.2998017393682,3.7208576994559053,54.7151729955654,55.7305404552518,64.9996731259012,4.020252515502999,4.038312698091119,4.1896497893763005,9588137.0,16.076037163128532,2413.0076562942,7.7886292385558455,4.84291391050387,3.93436084442037,5.528,43.0938548370178,101.8131110796223,4.10592046689605,2144000.0,14.57818426759063,18.6839353350606
HND,Honduras,2018,18,40.9391734,28.5007101,50.0723422,45.7170179,43.0201001,48.2441468,37.9817721287217,3.6630941555581273,40.2998017393682,54.7151729955654,55.7305404552518,3.7208576994559053,4.020252515502999,4.038312698091119,9765210.0,16.09433662743802,2464.64241531918,7.80980201117464,3.84499476966735,4.34734937777536,5.648,41.4548165613247,103.5511622154519,5.99386120691106,2323000.0,14.658370442230284,19.846249991541
HND,Honduras,2019,19,41.1935718,26.7021605,50.6002222,45.0507026,42.9824954,47.6523484,41.0111655865032,3.7379354302499324,37.9817721287217,40.2998017393682,54.7151729955654,3.6630941555581273,3.7208576994559053,4.020252515502999,9943633.0,16.11244300481422,2502.32744328073,7.824976555077984,2.55963434592314,4.36587159819274,5.698,40.2185209903792,99.4595352452416,3.83846408231678,2315000.0,14.654920677467821,21.7081290113686
HND,Honduras,2020,20,39.8551546,27.3481657,53.313827,45.3902997,40.632136,45.9181909,35.7028493255269,3.6028543903445636,41.0111655865032,37.9817721287217,40.2998017393682,3.7379354302499324,3.6630941555581273,3.7208576994559053,10119640.0,16.129988648068327,2307.61494319511,7.743969778005341,-8.96508223267296,3.46841177951171,10.982,35.8751401030378,88.0008563836292,1.0106822391556,669000.0,13.41354083387756,23.9319582167015
HND,Honduras,2021,21,40.4990278,25.486816,50.8680943,45.9754618,39.2739701,46.4372245,38.2025965034663,3.6687429819361457,35.7028493255269,41.0111655865032,37.9817721287217,3.6028543903445636,3.7379354302499324,3.6630941555581273,10289877.0,16.14667115438602,2735.14751503977,7.913940649430753,12.5652843771279,4.48087963413446,8.506,39.3653983599255,103.37264345991841,2.84361329738544,,,25.5945914762165
HND,Honduras,2022,22,41.0373347,27.262832,56.817659,48.1077065,38.9018653,46.1748139,34.9679353875888,3.582627857883625,38.2025965034663,35.7028493255269,41.0111655865032,3.6687429819361457,3.6028543903445636,3.7379354302499324,10463872.0,16.1634391201884,3003.28996826399,8.007463622850228,4.14356194013767,9.08963911525032,8.774,42.4391817948962,112.6985249139663,2.41292398026651,,,27.0011044721289
HND,Honduras,2023,23,39.1783868,26.1630725,59.3382064,48.4559086,38.3947811,44.4232403,31.4424316507577,3.479467184846038,34.9679353875888,38.2025965034663,35.7028493255269,3.582627857883625,3.6687429819361457,3.6028543903445636,10644851.0,16.18058685902998,3227.45762509776,8.07944999330781,3.57584760454412,6.66325180347463,6.07,37.3686804713719,98.7919798336365,1.68381240542467,,,26.1039039273527
HND,Honduras,2024,24,38.6045194,23.1946934,58.552621,47.7090657,40.5524727,45.1520988,,,31.4424316507577,34.9679353875888,38.2025965034663,3.479467184846038,3.582627857883625,3.6687429819361457,10825703.0,16.19743377200745,3415.96027916712,8.136213926962379,3.63240745450875,4.60621098127101,4.91,33.9216124364928,91.6694117874121,1.29157460831069,,,25.743791487013
HTI,Haití,2000,0,31.4244728,23.8196516,47.7480764,41.9547828,22.9670756,31.0386921,,,,,,,,,8303151.0,15.93214563927656,820.600046761464,6.710035836992564,0.870059259424892,9.33322197565603,8.443,7.35798043194839,27.153522063691792,0.194464980712557,445000.0,13.005831808336863,8.48307613976286
HTI,Haití,2002,2,28.5405262,16.1240335,38.4362661,34.8105671,15.6891494,31.6939336,,,,,,,,,8607641.0,15.968160855123674,720.969568042522,6.58059692840876,1.05182013450109,7.03287406224601,11.008,6.28442947052392,24.939678475982817,0.0918488613041635,482000.0,13.085701467719382,10.8874739699598
HTI,Haití,2003,3,30.3228277,17.3318459,40.7016874,37.2228112,15.7898728,31.4759249,,,,,,,,,8759912.0,15.985696417200016,578.995291079709,6.3612943446896795,3.48077973188326,28.6995777887374,12.151,9.27243551684809,37.19734344446409,0.272084819262136,518000.0,13.157732451741687,15.9899122044632
HTI,Haití,2004,4,31.5042712,19.8613853,32.9143729,38.5258687,15.2649708,29.4737638,,,,,,,,,8910263.0,16.002714316407545,683.185298155273,6.526766123149251,-1.3178567596495,21.0318339277222,13.415,8.37501274392717,33.78097035310587,0.0969221359795515,385000.0,12.861001210669146,15.302855347524
HTI,Haití,2005,5,30.078283,16.6130941,35.059461,40.9704992,19.8051245,31.2606103,,,,,,,,,9061273.0,16.019520175875144,775.845704056916,6.653953665434723,3.07217337664731,13.973008326384,14.559,8.60730926012051,34.96510450382281,0.369835650694654,480000.0,13.081543466215237,14.0274963951975
HTI,Haití,2006,6,34.3696276,22.4458861,41.1668276,43.7141832,18.878029,40.5654031,,,,,,,,,9216562.0,16.036512640961327,828.805700289589,6.719985749244102,1.76875060288195,11.3452152244299,15.866,9.02116806690294,37.05707041289964,2.10244121995639,558000.0,13.232116033476537,13.9141942528881
HTI,Haití,2007,7,36.0791914,22.0614471,42.2355718,45.2341022,18.8855327,40.1754781,5.18494241513337,1.8221176953942166,,,,,,,9373296.0,16.0533753533004,984.566983448521,6.892201933802809,4.70652994008303,6.55722772638066,16.8,8.4436893222519,34.2825489611293,0.807269738778004,868000.0,13.673948145715556,13.2423552723956
HTI,Haití,2008,8,39.1550988,24.4368882,41.4131083,47.9271971,25.6465048,41.3224352,5.22517870924341,1.82860215025089,5.18494241513337,,,1.8221176953942166,,,9530774.0,16.07003648954126,1094.66058421644,6.998199625448248,2.6580323082747,15.2817744823772,16.204,8.79139007136153,36.14503814542443,0.285633151798952,758000.0,13.538439983884853,13.1290988116483
HTI,Haití,2009,9,38.9165042,26.0186706,42.6985217,46.8121895,25.5015388,41.4042446,6.17157780979269,1.9701256875562971,5.22517870924341,5.18494241513337,,1.82860215025089,1.8221176953942166,,9689581.0,16.086561742477976,1196.8528706018,7.087450782883659,5.89037894844316,0.393886040173341,15.398,8.91611581819929,33.09649982461079,0.478313239983432,826000.0,13.624351263156136,11.8612273498359
HTI,Haití,2010,10,36.8604989,22.5690312,42.2244327,45.4286412,20.9883687,36.74858,6.90584205676174,2.067601987032861,6.17157780979269,5.22517870924341,5.18494241513337,1.9701256875562971,1.82860215025089,1.8221176953942166,9803294.0,16.098229009613284,1209.72733503094,7.098150270247613,-5.65151153448299,4.82734190074673,15.244,8.57028815816493,44.72152412604573,1.50093014768549,793000.0,13.583579761650238,12.4274041426186
HTI,Haití,2011,11,35.8412905,21.8586325,43.0728613,45.2138717,20.975273,35.7246426,9.21844574684968,2.3241944936456784,6.90584205676174,6.17157780979269,5.22517870924341,2.067601987032861,1.9701256875562971,1.82860215025089,9914904.0,16.109549637589613,1312.03953552013,7.179338102830608,5.09821354410036,6.33279483849042,14.506,10.0831141670054,44.1635704019387,0.91476918408797,946000.0,13.759998905115909,11.9255644590233
HTI,Haití,2012,12,36.272515,20.7795044,45.7689645,44.0246605,21.6322622,35.5417346,10.2584264457666,2.421116865678365,9.21844574684968,6.90584205676174,6.17157780979269,2.3241944936456784,2.067601987032861,1.9701256875562971,10069771.0,16.125048523621867,1361.39396587374,7.216264428709141,0.502424403581585,5.01804155429246,14.1,9.65509365703807,40.258241498812865,1.13794476642421,959000.0,13.7736473966179,11.7611409672879
HTI,Haití,2013,13,36.5528543,22.4121593,49.4928984,43.5361146,22.9794304,35.6943223,10.1639909561024,2.4126935055790146,10.2584264457666,9.21844574684968,6.90584205676174,2.421116865678365,2.3241944936456784,2.067601987032861,10222362.0,16.14008823149665,1457.83221179626,7.284705824873745,4.32478411472874,4.76502404779142,13.704,10.5162857583955,40.3325097562551,1.0865204500402,1064000.0,13.877546888732908,11.9509923558058
HTI,Haití,2014,14,38.8915355,19.1758359,49.6150785,43.4023571,15.2189106,33.9707674,9.44739032712553,2.3463522177615537,10.1639909561024,10.2584264457666,9.21844574684968,2.4126935055790146,2.421116865678365,2.3241944936456784,10373235.0,16.154739489126978,1460.18898613914,7.286321148886471,2.88877250863379,3.43816659958601,13.808,10.9748356235428,42.3515259071619,0.653599798370867,1127599.97558594,13.935602903409677,13.05241389516
HTI,Haití,2015,15,39.2976462,18.8468161,49.5294541,42.7443825,16.2881576,33.6892244,10.1774724071475,2.4139003605161524,9.44739032712553,10.1639909561024,10.2584264457666,2.3463522177615537,2.4126935055790146,2.421116865678365,10523242.0,16.169096892702647,1411.12684746796,7.252143846797231,1.40000000859727,6.73184069658997,13.785,11.767746984448,41.9457381172044,0.711667596569424,1190000.0,13.989464705423494,14.7852864304503
HTI,Haití,2016,16,39.4786,18.7979123,50.0517741,43.4951672,16.0393857,33.5229854,9.63317380185292,2.3639787180496032,10.1774724071475,9.44739032712553,10.1639909561024,2.4139003605161524,2.3463522177615537,2.4126935055790146,10671457.0,16.183083165033473,1318.40268167953,7.184176193194044,1.81246807847532,11.5029073942666,13.902,11.6019709432331,41.4109022161974,0.745596209929376,1153000.0,13.957878666553508,15.8295930130992
HTI,Haití,2017,17,39.616906,19.3712697,51.0965071,44.246675,15.9097322,34.1321053,,,9.63317380185292,10.1774724071475,9.44739032712553,2.3639787180496032,2.4139003605161524,2.3463522177615537,10817754.0,16.196699231276973,1395.23945184461,7.2408213295931,2.51027134544685,10.6800887242584,13.932,11.0034703442067,42.0745477868911,2.48360915333592,1262000.0,14.048209114476009,16.0280141652909
HTI,Haití,2018,18,40.2012929,19.0680937,52.2146494,44.1796376,19.2410846,35.1618561,6.77773609475147,2.051265305452539,,9.63317380185292,10.1774724071475,,2.3639787180496032,2.4139003605161524,10962362.0,16.2099783272139,1496.38048970156,7.31080446423179,1.66781095484656,12.4814111170435,13.934,10.7808225917355,45.1385763027223,0.640093066153268,1333000.0,14.102943349348111,16.6739852493704
HTI,Haití,2019,19,40.2443295,18.5781899,48.9421846,42.9280996,16.0054633,34.8480062,,,6.77773609475147,,9.63317380185292,2.051265305452539,,2.3639787180496032,11105163.0,16.22292069327588,1352.17204191532,7.20946749844469,-1.72309699839232,18.7037825672506,14.095,10.5576734334849,44.5687187758293,0.499464210439719,938000.0,13.751506294085875,17.9484096513974
HTI,Haití,2020,20,39.3025714,18.8985742,47.5299844,41.9821098,15.126391,34.2860426,11.3840030566048,2.516405563666204,,6.77773609475147,,,2.051265305452539,,11243848.0,16.235331692596304,1290.32538667383,7.162649703280781,-3.30550546965893,22.7963113642528,15.573,7.65100448067923,37.41388012526383,0.17231607778598,,,22.4512536627714
HTI,Haití,2021,21,36.1894292,18.1548723,44.5050846,38.7351236,10.8954158,32.3599945,14.1983189542019,2.7211848266178436,11.3840030566048,,6.77773609475147,2.516405563666204,,2.051265305452539,11374586.0,16.246892126534558,1824.6798742577,7.5091598392645755,-1.79823988931486,16.8415240198785,15.296,4.35213301018327,33.41200267721237,0.247164798843834,,,19.2454738023594
HTI,Haití,2022,22,33.0798709,17.6610855,49.3845384,35.1708004,11.6625276,32.3384383,18.9766582756746,2.9945645057622463,14.1983189542019,11.3840030566048,,2.7211848266178436,2.516405563666204,,11503606.0,16.258171109399573,1748.40890116803,7.4664614540125935,-1.68198396897978,33.98393194707,14.54,3.91430894905528,29.77460747537248,0.195958763168676,,,18.8820733039589
HTI,Haití,2023,23,31.7942847,17.8193634,48.6945792,35.304756,11.7317356,30.3620269,41.1518089717388,3.741277601005911,18.9766582756746,14.1983189542019,11.3840030566048,2.9945645057622463,2.7211848266178436,2.516405563666204,11637398.0,16.269734435759982,1681.84407667059,7.427646135088784,-1.86388420254838,36.8135162780854,14.459,3.19960218811037,25.24789849417907,0.1208234771512,,,19.1763569676585
HTI,Haití,2024,24,32.293503,17.0438893,44.9932916,34.5541897,10.7939187,30.9493306,,,41.1518089717388,18.9766582756746,14.1983189542019,3.741277601005911,2.9945645057622463,2.7211848266178436,11772557.0,16.281281702880438,2060.35591768638,7.630634022435559,-4.18495104762965,26.9490564091987,14.609,2.19043620968954,18.65476177852244,0.0824597396111034,,,16.9486338151218
MEX,México,2000,0,48.3826746,46.9773424,64.0357559,60.1920531,52.977173,60.5616159,10.8866310831903,2.4754143302001745,,,,,,,98625552.0,18.406840934072825,7524.0271380091,8.92585679727368,5.02928399378261,9.49156149435403,2.646,24.2311734681303,49.9104091872498,2.47719212470142,105673000.0,18.475859987748972,1.01403249008326
MEX,México,2001,1,,,,,,,10.2748177070264,2.4225717173668118,10.8866310831903,,,2.4754143302001745,,,100099099.0,18.42167124324594,7952.76479510706,8.981274920158818,-0.450845253215945,6.36773806235037,2.627,21.5412102050357,44.740109012317305,3.77607805696573,100718000.0,18.427835100402536,1.27455273359175
MEX,México,2002,2,53.953474,41.4130839,62.9353429,63.0348491,45.3242518,65.5563,9.93415725652767,2.3918915827114047,10.2748177070264,10.8866310831903,,2.4225717173668118,2.4754143302001745,,101548624.0,18.436048295923484,7983.03398381759,8.985073816660112,-0.236588001922641,5.03072733151295,3.003,21.8517619236376,45.209829259652096,2.48685750053046,100153000.0,18.422209584679578,1.36054139637086
MEX,México,2003,3,54.6078155,41.432269,63.9146078,63.6970372,46.1829191,65.2512882,9.79524704840011,2.3791059491518793,9.93415725652767,10.2748177070264,10.8866310831903,2.3918915827114047,2.4225717173668118,2.4754143302001745,102978515.0,18.450030932202516,7434.07465031562,8.913829392549532,1.18554486709559,4.54690012118718,3.455,23.6555935033272,48.7004168690455,2.37188032037657,92330000.0,18.340879684579527,2.17538855849346
MEX,México,2004,4,55.7844936,38.7665173,63.0362085,64.4790376,47.3362098,62.8650688,8.93632612354424,2.2961973470703776,9.79524704840011,9.93415725652767,10.2748177070264,2.3791059491518793,2.3918915827114047,2.4225717173668118,104394131.0,18.46368401535751,7849.66759649565,8.968226465484447,3.56544102622887,4.68840884843143,3.937,25.1033560080055,52.0406200335632,3.06821035154364,99250000.0,18.41315248760714,2.42376280545687
MEX,México,2005,5,55.2508945,39.2478724,59.2324538,64.6947558,49.4665514,62.1504865,9.37610715749773,2.3395057743989156,8.93632612354424,9.79524704840011,9.93415725652767,2.2961973470703776,2.3791059491518793,2.3918915827114047,105811504.0,18.477169804936775,8671.75891798441,9.067826923245075,2.11324711473297,3.98805714597437,3.558,25.4870738310602,52.562644657045,2.74220134246066,103146000.0,18.45165602794668,2.47848065879594
MEX,México,2006,6,55.304032,41.1571657,54.8958426,62.5959161,50.3812122,62.9501886,9.74512148491559,2.3744518362116285,9.37610715749773,8.93632612354424,9.79524704840011,2.3395057743989156,2.2961973470703776,2.3791059491518793,107253666.0,18.4907072970064,9512.63575346699,9.16037627312903,4.80501351664901,3.62946762439132,3.566,26.5547481705759,54.4821160886169,2.16893035275929,97701000.0,18.397422362610474,2.60156038099559
MEX,México,2007,7,53.9048399,39.860407,54.6555214,61.8713774,48.787886,62.4528679,8.15173722925145,2.2139437223864658,9.74512148491559,9.37610715749773,8.93632612354424,2.3744518362116285,2.3395057743989156,2.2961973470703776,108774360.0,18.504786202848813,10134.3327129706,9.223684216853796,2.0778639395329,3.96684905458235,3.628,26.7810613301488,55.2585243990368,2.81398718042151,93582000.0,18.354348625947832,2.49619834709178
MEX,México,2008,8,49.5616645,40.1761357,52.604968,62.1468054,55.2890802,62.2544185,12.6895495806052,2.6166327374154297,8.15173722925145,9.74512148491559,9.37610715749773,2.2139437223864658,2.3744518362116285,2.3395057743989156,110374288.0,18.519387766131466,10523.7685427665,9.261391648642624,0.943331872912935,5.12498274575896,3.874,27.02006122825,56.365281873177295,2.56307995857491,92948000.0,18.347550765714345,2.33150871646991
MEX,México,2009,9,50.4519181,41.6655083,51.7194264,64.106107,57.0281646,62.1780231,17.6812940453664,2.927522704778554,12.6895495806052,8.15173722925145,9.74512148491559,2.6166327374154297,2.2139437223864658,2.3744518362116285,111999721.0,18.534006938184838,8423.56933148639,9.038788928514341,-6.29525056697287,5.29735584228856,5.356,26.5132697253683,54.5917421356322,2.08311648643152,88044000.0,18.29334725884209,2.42656562239456
MEX,México,2010,10,49.9932697,40.329522,51.1378518,64.491388,53.7771162,58.4896612,22.6686472946558,3.164151273378101,17.6812940453664,12.6895495806052,8.15173722925145,2.927522704778554,2.6166327374154297,2.2139437223864658,113623895.0,18.548404385442133,9728.80078307432,9.182845918157117,4.9713345832195,4.15672722680174,5.303,29.0174601175767,59.2733845336286,2.76223720236461,81953000.0,18.2216564823738,2.05963610276583
MEX,México,2011,11,48.5364549,39.4770331,52.613505,61.9054026,56.6881954,59.0563606,23.6134785680132,3.2032942021596686,22.6686472946558,17.6812940453664,12.6895495806052,3.164151273378101,2.927522704778554,2.6166327374154297,115243504.0,18.562557873827334,10664.4944032313,9.274675222677272,3.44404505297089,3.40737824605742,5.175,30.4429662274867,62.1623872764498,1.9442261568419,75732000.0,18.142711363558835,1.96824777394668
MEX,México,2012,12,48.4221915,38.2150702,51.4441457,60.7943002,58.535077,61.0967349,22.2285552341782,3.145382350882554,23.6134785680132,22.6686472946558,17.6812940453664,3.2032942021596686,3.164151273378101,2.927522704778554,116818208.0,18.57612950661971,10744.1335236186,9.282115165863992,3.55321076010608,4.11150981070289,4.892,31.5394503933211,64.2579318938989,1.45258915061197,76749000.0,18.156050928060225,1.91669184908156
MEX,México,2013,13,47.7466678,36.6865911,51.3516805,60.4794865,58.6066942,61.1202209,19.4881727966757,3.0198477829047903,22.2285552341782,23.6134785680132,22.6686472946558,3.145382350882554,3.2032942021596686,3.164151273378101,118343573.0,18.589102587422236,11216.800851866,9.325168009352465,0.852101550164704,3.80639069747204,4.921,30.7558005807208,62.6916747661852,3.83670268116194,78100000.0,18.17350062761401,1.80619576703496
MEX,México,2014,14,48.9210852,32.0923489,48.8357924,58.77198,56.2270179,60.1294287,16.7050327254596,2.873848933936042,19.4881727966757,22.2285552341782,23.6134785680132,3.0198477829047903,3.145382350882554,3.2032942021596686,119784261.0,18.60120285771938,11391.3773503964,9.340611975416135,2.50376350783593,4.01861608078679,4.819,31.4629921982533,64.0984090315875,2.08415748539387,81042000.0,18.210478109110237,1.87295707028152
MEX,México,2015,15,47.7209362,31.043835,49.9280415,57.5729325,55.6488036,59.5402728,17.1484302942078,2.8985840718031874,16.7050327254596,19.4881727966757,22.2285552341782,2.873848933936042,3.0198477829047903,3.145382350882554,121072306.0,18.611898495334945,10021.2386113616,9.21246198090763,2.70232343024026,2.72064064964023,4.311,34.1627726891004,70.41297467992581,2.98783786611186,87129000.0,18.282900348515664,2.21091481764298
MEX,México,2016,16,47.9635925,31.7159038,51.0391012,57.2129268,56.1021233,59.3405134,20.0889396309777,3.0487487149420835,17.1484302942078,16.7050327254596,19.4881727966757,2.8985840718031874,2.873848933936042,3.0198477829047903,122251351.0,18.621589737382937,9097.92397674769,9.115801532054995,1.7724932254128,2.8217078474766,3.853,36.8156772514808,75.6903034088551,3.49768027047347,94853000.0,18.36783889327546,2.63693007782724
MEX,México,2017,17,46.8984243,28.8901617,47.4310288,56.2029678,54.2425593,59.4360773,25.9959360229634,3.295686337007386,20.0889396309777,17.1484302942078,16.7050327254596,3.0487487149420835,2.8985840718031874,2.873848933936042,123400057.0,18.630942131347936,9649.27816729586,9.174638390218783,1.87172854648381,6.04145724018986,3.419,37.514088621552,76.9521260441399,2.78307493364523,99349000.0,18.414149471551706,2.76495197169518
MEX,México,2018,18,45.3393469,28.6550646,49.4043039,58.0549214,53.1115997,56.6880892,29.4484283285099,3.416034377996554,25.9959360229634,20.0889396309777,17.1484302942078,3.295686337007386,3.0487487149420835,2.8985840718031874,124573711.0,18.640408154897795,10084.7937570364,9.21878399971181,1.97208211101069,4.89935015356551,3.275,39.0439304387032,80.21266165026199,3.0141785043816,96497000.0,18.385022488106085,2.90745049946994
MEX,México,2019,19,44.3596455,30.0414716,49.8031051,57.9904972,53.4672335,56.2938674,29.150867187807,3.4062136852075566,29.4484283285099,25.9959360229634,20.0889396309777,3.416034377996554,3.295686337007386,3.0487487149420835,125762982.0,18.64990959819611,10369.5553593527,9.246629422710543,-0.392690513290532,3.63596142127046,3.477,38.5296507889335,77.4619722509459,2.29651449559824,97406000.0,18.39439837862448,3.05446883203451
MEX,México,2020,20,42.9836475,30.7585351,51.7248742,57.4400797,52.5832181,54.9581648,29.0010048931398,3.4012308775391555,29.150867187807,29.4484283285099,25.9959360229634,3.4062136852075566,3.416034377996554,3.295686337007386,126799054.0,18.658114139371747,8841.27074929751,9.087185895221191,-8.35403459379062,3.39683415570006,4.44,39.2353720952982,76.8545557151737,2.81400875229273,51128000.0,17.74984286987101,3.92284685532164
MEX,México,2021,21,42.3378151,30.3971662,52.2740284,55.4726283,51.8309705,53.6247346,27.9675034061893,3.366174629475655,29.0010048931398,29.150867187807,29.4484283285099,3.4012308775391555,3.4062136852075566,3.416034377996554,127648148.0,18.664788193125055,10314.0506733708,9.241262387665618,6.04848347173572,5.68920847683753,4.019,40.5691931964594,83.0692976264524,2.70530313479407,,,4.18261481427367
MEX,México,2022,22,41.1615967,30.3217328,55.1512771,55.1456605,50.4272152,54.2049097,25.8814968854168,3.2914382018059642,27.9675034061893,29.0010048931398,29.150867187807,3.366174629475655,3.4012308775391555,3.4062136852075566,128613117.0,18.672319363011095,11405.7940469896,9.341876755003366,3.70975708309098,7.8962761916855,3.256,42.9322902148243,88.7984855897261,2.67267286267437,,,4.18953324638892
MEX,México,2023,23,40.9458996,29.4641586,54.6280582,54.7262368,50.0522673,52.9628345,24.8589948436701,3.252658503433998,25.8814968854168,27.9675034061893,29.0010048931398,3.2914382018059642,3.366174629475655,3.4012308775391555,129739759.0,18.681041148186182,13830.843848864,9.534656438622722,3.1067964131456,5.52796087314389,2.765,36.1479343675069,73.7390758255665,1.7099038174861,,,3.69134338108489
MEX,México,2024,24,40.2631224,29.3815441,55.4426436,53.2988104,48.5494138,52.7818959,,,24.8589948436701,25.8814968854168,27.9675034061893,3.252658503433998,3.2914382018059642,3.366174629475655,130861007.0,18.689646302623085,13988.0423745241,9.545958127526983,1.35057631384696,4.72225588452932,2.678,37.2836162309013,75.4259015415068,2.48429388161511,,,3.69507286315508
NIC,Nicaragua,2000,0,44.0632288,30.77629,60.0728991,55.5258839,24.1068203,49.7752689,9.47710001137849,2.3491919241283106,,,,,,,5022633.0,15.429464856156851,1017.3124434882,6.924919569601626,4.10159025073438,7.06991352252517,7.181,20.1081658866931,61.2984974600022,5.21568567857809,581000.0,13.272507757002963,6.26273702493429
NIC,Nicaragua,2001,1,,,,,,,10.5546083051206,2.447084344849802,9.47710001137849,,,2.3491919241283106,,,5087825.0,15.442360988756498,1051.874235891,6.958328838519138,2.96084349057273,5.98604186279518,7.222,19.0419108824493,57.980131547226804,2.80655753554232,584000.0,13.277657974137664,6.27271214834592
NIC,Nicaragua,2002,2,48.8083856,31.3361991,59.3078309,55.4537723,24.5282398,47.1220684,10.7574705924444,2.464488833659743,10.5546083051206,9.47710001137849,,2.447084344849802,2.3491919241283106,,5149909.0,15.454489602580892,1014.3339042591,6.921987424086836,0.753938876079573,3.75017465778466,7.517,18.8471358845682,58.091284408078494,3.90334311480045,579000.0,13.269059483669357,7.20749721786351
NIC,Nicaragua,2003,3,51.2776184,32.9821249,58.940248,59.1215383,24.8738788,48.8961141,12.185846245133,2.5791440001599812,10.7574705924444,10.5546083051206,9.47710001137849,2.464488833659743,2.447084344849802,2.3491919241283106,5210963.0,15.46627523350153,1021.35216668794,6.9288826819909675,2.52073289551447,5.30238773219936,7.6,20.704998914845,62.1750658877514,3.78225034215297,646000.0,13.378556330751158,8.24466691573136
NIC,Nicaragua,2004,4,50.0419466,36.8271745,57.7608133,59.5887507,30.0360882,51.7920023,12.2512960818705,2.584095365148072,12.185846245133,10.7574705924444,10.5546083051206,2.5791440001599812,2.464488833659743,2.447084344849802,5272912.0,15.47809332958139,1098.62118662335,7.001811205833934,5.31217056950739,8.47021063584077,6.41,23.0598557398256,67.19531678000399,4.31560328721207,735000.0,13.507627138738266,8.95573994162249
NIC,Nicaragua,2005,5,50.2782145,33.7928568,58.868414,57.9546937,31.650935,52.4295316,13.6463048137106,2.6841880725014167,12.2512960818705,12.185846245133,10.7574705924444,2.584095365148072,2.5791440001599812,2.464488833659743,5342105.0,15.49113032801859,1183.30214010175,7.076064232976514,4.28239833770654,9.59909986064425,5.37,24.3821308946094,71.6457237072991,3.81407422484717,804000.0,13.597355791941425,9.74004769903941
NIC,Nicaragua,2006,6,48.9272792,33.3419567,60.6569707,56.3529166,33.8150496,51.0870826,13.3238467052683,2.661925750128927,13.6463048137106,12.2512960818705,12.185846245133,2.6841880725014167,2.584095365148072,2.5791440001599812,5418855.0,15.505395096485884,1248.17371577788,7.129436734577441,4.15294559846254,9.1401996677772,5.31,31.2666288650856,87.30967083207901,4.24030000066427,891000.0,13.700100828786772,10.3124450852975
NIC,Nicaragua,2007,7,48.1396804,31.5189713,63.8464378,55.8931439,34.0523326,49.8656134,12.9883276955078,2.6382232458289114,13.3238467052683,13.6463048137106,12.2512960818705,2.661925750128927,2.6841880725014167,2.584095365148072,5497243.0,15.519757251796252,1350.38145753377,7.208142392655722,5.0763520180987,11.1269347446118,4.89,33.0635730423674,93.02573022933299,5.14186605474194,978000.0,13.79326597151132,9.96312322265429
NIC,Nicaragua,2008,8,46.9960221,31.4207864,62.0440171,52.6737489,37.176065,48.7863549,13.1980225202019,2.653102695769049,12.9883276955078,13.3238467052683,13.6463048137106,2.6382232458289114,2.661925750128927,2.6841880725014167,5576593.0,15.534088574404898,1523.68437086409,7.328886609065013,3.43571693608081,19.8262031287429,6.2,34.4704620011048,96.7939847302055,7.38263377911966,1011000.0,13.826451487121803,9.64932478160403
NIC,Nicaragua,2009,9,45.8213526,31.5739851,60.6521116,52.2242749,38.2161813,47.5906337,14.1781256977468,2.719855292522525,13.1980225202019,12.9883276955078,13.3238467052683,2.653102695769049,2.6382232458289114,2.661925750128927,5656601.0,15.548333739753645,1467.08288052845,7.291031273158185,-3.2926651586197,3.68700160498797,8.16,33.9814942096139,86.9936104453444,5.22852820149836,1010000.0,13.825461878915961,9.28217394241574
NIC,Nicaragua,2010,10,45.2589635,30.9568817,56.1074682,52.3221169,38.878824,47.6426668,13.682036444762,2.6866247359605393,14.1781256977468,13.1980225202019,12.9883276955078,2.719855292522525,2.653102695769049,2.6382232458289114,5737450.0,15.562525418716016,1526.56706951408,7.330776748002456,4.41009911716546,5.45513425887423,7.83,40.4671151559929,100.364058423919,5.59335824334059,1071000.0,13.884104283136265,9.41702771812067
NIC,Nicaragua,2011,11,46.4669164,30.9474474,57.3803214,50.3331797,39.1021474,47.769868,12.682480356333,2.6161162083567033,13.682036444762,14.1781256977468,13.1980225202019,2.6866247359605393,2.719855292522525,2.653102695769049,5819051.0,15.576647747992908,1679.71192084633,7.4263775820069595,6.31668553491842,8.082387980991,6.613,45.0169781525763,111.8274539359991,9.5791738556055,1122000.0,13.93062425632998,9.34693285750421
NIC,Nicaragua,2012,12,45.097498,30.7577121,57.0858938,47.4411727,39.8037989,48.8765547,11.4042929452756,2.5180426179599382,12.682480356333,13.682036444762,14.1781256977468,2.6161162083567033,2.6866247359605393,2.719855292522525,5901287.0,15.590681020681059,1784.69836017555,7.487004694037964,6.4961364710876,7.1935505333896,5.208,47.4691755587782,115.17728847419781,7.36516075625111,1233000.0,14.02496159317616,9.64962340670105
NIC,Nicaragua,2013,13,45.2567884,31.3138874,58.9055269,48.3655833,39.8701168,49.5108115,9.92672854383165,2.391211947581355,11.4042929452756,12.682480356333,13.682036444762,2.5180426179599382,2.6161162083567033,2.6866247359605393,5983845.0,15.60457389589456,1835.43996363715,7.51503949395039,4.92709413447304,7.13546785289407,5.28,45.2142694902064,110.98420788038169,8.78722600899979,1273000.0,14.05688766308519,9.84522586626409
NIC,Nicaragua,2014,14,44.3139725,27.6320698,63.0979285,47.8160907,38.8338772,49.1497297,8.6540960289815,2.267382284255486,9.92672854383165,11.4042929452756,12.682480356333,2.391211947581355,2.5180426179599382,2.6161162083567033,6066492.0,15.618291071755648,1958.37047579547,7.579868016528035,4.78546013589983,6.03596861798425,4.52,45.008072249634,106.6982001907961,9.06363827053251,1390000.0,14.144815024531075,9.59728859218162
NIC,Nicaragua,2015,15,43.1109349,27.573173,62.675682,46.4738127,38.9331289,50.4113556,8.52113297894743,2.2535138521157365,8.6540960289815,9.92672854383165,11.4042929452756,2.267382284255486,2.391211947581355,2.5180426179599382,6149417.0,15.631867838541238,2074.45620634731,7.637454329088445,4.79226768332697,3.99737996694396,4.7,40.0837782888412,98.1941645942361,7.58033255797744,1456000.0,14.19120419455172,9.38722671993586
NIC,Nicaragua,2016,16,43.764329,26.0140069,62.8230877,43.1463742,38.2007644,48.8552791,7.26815838263741,2.1124117977363617,8.52113297894743,8.6540960289815,9.92672854383165,2.2535138521157365,2.267382284255486,2.391211947581355,6232666.0,15.64531472860197,2131.68704828322,7.66466898665169,4.56314739524967,3.52317317628473,3.9,38.8820263906579,93.8137278130087,7.44462628012218,1596000.0,14.283011683558112,9.54456635913753
NIC,Nicaragua,2017,17,44.5847218,25.9757738,62.5133137,43.181796,42.5013775,47.2541276,6.82368909372622,2.0571561944335306,7.26815838263741,8.52113297894743,8.6540960289815,2.1124117977363617,2.2535138521157365,2.267382284255486,6316231.0,15.658633227469739,2182.61380995674,7.6882784329551965,4.63120757580209,3.85067166284727,3.3,41.338969262606,96.3805864351182,7.51057620596971,1958000.0,14.487434612797692,10.1168636608711
NIC,Nicaragua,2018,18,37.8323141,23.3334614,46.3491215,36.3716556,35.8540301,46.5105678,10.65611679854,2.455831089307696,6.82368909372622,7.26815838263741,8.52113297894743,2.0571561944335306,2.1124117977363617,2.2535138521157365,6400080.0,15.671821048251775,2035.16549390507,7.6183324183563705,-3.3633566598573,4.94723728039886,5.2,42.2771474372665,93.9847404925403,6.43060058137235,1412000.0,14.160518405250372,11.5529700989125
NIC,Nicaragua,2019,19,36.9437643,23.7722425,49.1764798,35.7030518,37.1846597,44.8406039,7.94304819024202,2.190876491948656,10.65611679854,6.82368909372622,7.26815838263741,2.455831089307696,2.0571561944335306,2.1124117977363617,6483657.0,15.684795260993692,1958.62051528095,7.579995685693672,-2.89686986728901,5.37628990844126,5.457,44.8044297851925,94.0422159246213,3.96093444094211,1455000.0,14.190517145872716,13.2797611157152
NIC,Nicaragua,2020,20,35.9122865,24.8089499,56.4442218,35.6776168,36.914883,43.6913762,,,7.94304819024202,10.65611679854,6.82368909372622,2.190876491948656,2.455831089307696,2.0571561944335306,6565267.0,15.697303735112891,1938.44704754382,7.56964244053661,-2.23654176262323,3.68181341625572,6.18,41.7461005411755,88.6381231228968,5.86574902695673,474000.0,13.06896471037963,14.575973804427
NIC,Nicaragua,2021,21,34.4840903,23.1346448,58.3250352,32.5602187,36.3401648,41.3370832,11.3473196321723,2.5134390056865334,,7.94304819024202,10.65611679854,,2.190876491948656,2.455831089307696,6644741.0,15.709336272695682,2138.38573878237,7.667806495695835,10.4543887816515,4.92841396948968,6.076,46.4042462306705,106.2073980669702,7.36996671682569,,,15.1305304091898
NIC,Nicaragua,2022,22,34.2325129,22.9683266,62.681135,30.6364287,32.6920666,39.3914775,,,11.3473196321723,,7.94304819024202,2.5134390056865334,,2.190876491948656,6730654.0,15.722182873719758,2322.89069619459,7.750567678798382,3.55027477135765,10.4674244465991,4.969,49.895771373158,115.454670931919,8.23239594861789,,,20.6414328376813
NIC,Nicaragua,2023,23,32.6545438,22.6526543,64.3659665,29.5501869,32.2556785,39.2588589,,,,11.3473196321723,,,2.5134390056865334,,6823613.0,15.735899654939391,2609.44491147975,7.866892800103687,4.42779393186883,8.38765854872536,4.698,45.8658095323572,105.0195355798516,6.25581191942426,,,26.1841026231544
NIC,Nicaragua,2024,24,31.509348,19.2956729,64.3681288,25.8891172,30.9640393,39.3988712,,,,,11.3473196321723,,,2.5134390056865334,6916140.0,15.749368368495412,2847.87639497305,7.9543288709485465,3.58094495324541,4.62473841057141,4.98,40.986351560247,99.14606508994791,6.86575238184716,,,26.632397170907
PAN,Panamá,2000,0,53.1716622,38.189408,67.6610565,67.4207969,49.9922598,63.8607499,9.93233884821742,2.391725263580463,,,,,,,3010369.0,14.917573220573479,3975.09308659503,8.287803444825563,4.20900547865375,1.49896111605778,6.188,68.9601167325743,139.1979348676559,6.9176468268032,600000.0,13.304686600863562,0.137049296882789
PAN,Panamá,2001,1,,,,,,,9.9689317914936,2.395066894112261,9.93233884821742,,,2.391725263580463,,,3069537.0,14.937037293857507,3991.7767076924,8.291991700920143,0.949908149985234,0.307062436028722,6.293,68.7000854646216,135.5843511183955,4.9522944609476,737000.0,13.510344528022657,0.596593152760827
PAN,Panamá,2002,2,58.0522546,38.340529,71.1452299,67.61923,47.0026779,62.5013496,12.0152977748691,2.5661254175447,9.9689317914936,9.93233884821742,,2.395066894112261,2.391725263580463,,3129344.0,14.956333955885864,4090.58617397129,8.316443557587073,2.50884372716125,1.00583090379039,6.302,62.8290573143366,126.02448244985081,1.93034036728479,800000.0,13.592368256649284,0.660893545415999
PAN,Panamá,2003,3,58.2838857,39.6785688,67.3046163,67.3653116,46.3103661,59.940926,10.5649025160456,2.447974866425706,12.0152977748691,9.9689317914936,9.93233884821742,2.5661254175447,2.395066894112261,2.391725263580463,3189807.0,14.975470971363336,4264.66428846636,8.35811874368972,5.09686030493801,0.391666666666709,6.303,58.1335706161728,117.26747894064559,7.72303743989763,897000.0,13.706812255867513,0.785094611251729
PAN,Panamá,2004,4,59.5504961,39.8470736,67.5288149,67.2818166,48.94098,59.3222744,9.47355777770635,2.348853774009918,10.5649025160456,12.0152977748691,9.9689317914936,2.447974866425706,2.5661254175447,2.395066894112261,3251155.0,14.994520875787149,4644.56582353041,8.443453175088093,8.17565333965649,0.474723078204362,6.097,60.576824415491,124.76175652044529,8.46279991168861,1004000.0,13.819503575249252,0.721182338510751
PAN,Panamá,2005,5,58.3686571,38.3171583,64.1948667,68.1647843,49.3855146,60.7632965,10.9869362611305,2.4838174118779235,9.47355777770635,10.5649025160456,12.0152977748691,2.348853774009918,2.447974866425706,2.5661254175447,3313026.0,15.013372529123258,5017.7410922824,8.520735129796615,8.27618334503531,2.85588324760957,5.967,68.2355959083914,139.2111650867242,6.64344440768547,1070000.0,13.883170141017091,0.779600140561424
PAN,Panamá,2006,6,58.5586407,39.2645281,67.0314366,69.3383088,50.6461706,60.8310862,6.54810061378814,2.021295957278106,10.9869362611305,9.47355777770635,10.5649025160456,2.4838174118779235,2.348853774009918,2.447974866425706,3375024.0,15.031912993374595,5528.76705469354,8.617720113906431,9.85723870564752,2.45789346442102,5.792,69.1942342226276,141.4725712814095,15.7789064536681,1215000.0,14.010255457801716,1.61042060568803
PAN,Panamá,2007,7,59.1359355,38.2764723,67.6308668,68.9606253,52.4725409,62.10856,8.11638724767199,2.2100735904803095,6.54810061378814,10.9869362611305,9.47355777770635,2.021295957278106,2.4838174118779235,2.348853774009918,3437490.0,15.050252111861823,6317.81730274124,8.751129063998889,13.1530653782933,4.1686330029888,5.665,71.9791727879009,148.66560108957248,10.2406206022371,1428000.0,14.171786122161533,1.63601281473689
PAN,Panamá,2008,8,58.0503975,43.5961875,66.8910785,70.0823696,56.3960057,64.0873488,14.0831048875658,2.713575235787382,8.11638724767199,6.54810061378814,10.9869362611305,2.2100735904803095,2.021295957278106,2.4838174118779235,3500648.0,15.068458652179961,7347.59050324397,8.902127715773384,10.1974325907958,8.7586831772878,5.639,78.2985921255699,164.5862861357703,9.29189970284583,1575000.0,14.269766465162304,1.46959752622415
PAN,Panamá,2009,9,57.1315419,41.9603151,67.6325507,70.7919703,57.6276088,62.2024249,15.7671135605313,2.819419441792,14.0831048875658,8.11638724767199,6.54810061378814,2.713575235787382,2.2100735904803095,2.021295957278106,3564381.0,15.08650096421609,7796.92617035048,8.96148485428317,1.61186405976055,2.40905304082201,5.857,69.9648088440032,137.0460216106776,3.90591048455581,1562000.0,14.261478249586428,1.21261338857237
PAN,Panamá,2010,10,56.8693643,41.1526372,64.3407234,68.9888662,57.7828193,63.3490188,12.677292626363,2.6157369851785397,15.7671135605313,14.0831048875658,8.11638724767199,2.819419441792,2.713575235787382,2.2100735904803095,3628535.0,15.104339543512978,8331.46421351868,9.027794495646724,6.07339353106087,3.49128872618809,5.845,70.025242127624,145.4487188064296,8.43207038785787,1726000.0,14.361317729999618,1.35622331765004
PAN,Panamá,2011,11,58.1949008,40.999257,65.0272305,68.4595179,57.4495104,64.8190063,14.8639320731842,2.7640481093868576,12.677292626363,15.7671135605313,14.0831048875658,2.6157369851785397,2.819419441792,2.713575235787382,3693505.0,15.122086429679538,9662.29592216607,9.175986572068863,11.9088772249531,5.87580243678763,4.03,77.7456721038553,158.208395346813,12.31683544373,2004000.0,14.510656240188764,1.03172691108868
PAN,Panamá,2012,12,54.624519,38.7692687,64.8678113,65.9574404,59.2042287,63.7329755,16.9448445310514,2.8873028609260087,14.8639320731842,12.677292626363,15.7671135605313,2.7640481093868576,2.6157369851785397,2.819419441792,3759256.0,15.139731623446337,11064.8063606203,9.311524752162143,9.62729346439019,5.69819959165993,3.691,74.5443157318036,153.2086203671023,8.13045858967083,2086000.0,14.550759393929125,0.987848675151762
PAN,Panamá,2013,13,54.3663159,39.3627533,64.1190427,65.4277801,58.8808471,63.0518861,17.3318403029072,2.908639455224862,16.9448445310514,14.8639320731842,12.677292626363,2.8873028609260087,2.7640481093868576,2.6157369851785397,3825329.0,15.157155034615757,12273.3225037637,9.415183283752766,6.32435388662846,4.02715991571061,3.674,64.5610772417975,133.0715689357819,8.09167357098281,2202000.0,14.604877050397265,0.982758143103835
PAN,Panamá,2014,14,57.2689219,40.1064209,70.4546434,66.9564766,59.2123178,62.5423034,15.5186126360303,2.8044877836964046,17.3318403029072,16.9448445310514,14.8639320731842,2.908639455224862,2.8873028609260087,2.7640481093868576,3892101.0,15.174459672619356,13213.1989637473,9.488971530481976,4.62581375565551,2.62652699929143,4.391,54.8890820412486,114.9706049270527,9.69216526905834,2305000.0,14.650591668252272,1.47081971942776
PAN,Panamá,2015,15,56.9326339,39.495488,74.2319898,67.8057237,59.9483748,62.8676234,11.8938357734005,2.556749350139137,15.5186126360303,17.3318403029072,16.9448445310514,2.8044877836964046,2.908639455224862,2.8873028609260087,3960035.0,15.191763421575443,14082.6548502728,9.552699166644704,5.26691719595516,0.137492058461588,4.335,47.3866198943049,96.5791573428957,9.17966898468326,2553000.0,14.752780087919588,0.993763317506586
PAN,Panamá,2016,16,57.2809918,38.0727399,73.8820907,67.5201327,61.3626018,62.7110574,10.0519063068018,2.4026029295371614,11.8938357734005,15.5186126360303,17.3318403029072,2.556749350139137,2.8044877836964046,2.908639455224862,4029086.0,15.209050109192637,14832.3611608191,9.60456663761834,4.57196707937275,0.73973402529995,4.717,41.7407554754564,84.3959718738111,8.78226077131318,2379000.0,14.68219120962969,0.84088232821862
PAN,Panamá,2017,17,57.1999888,36.7794426,73.7530242,67.1002649,60.7958868,61.5996074,9.22242063167726,2.3245834091450583,10.0519063068018,11.8938357734005,15.5186126360303,2.4026029295371614,2.556749350139137,2.8044877836964046,4098707.0,15.22618211608261,15694.6297454295,9.661073878391196,5.7440594635578,0.875585918759963,5.338,41.4710106917443,84.0475372402933,6.34573158944271,2517000.0,14.738578671415745,0.82912336810086
PAN,Panamá,2018,18,55.2783613,36.98446,72.0083477,68.1915589,59.6399311,61.5349507,9.62124332136356,2.3628560825359397,9.22242063167726,10.0519063068018,11.8938357734005,2.3245834091450583,2.4026029295371614,2.556749350139137,4167860.0,15.242913272599768,16151.3273478476,9.689757513994708,3.91824253321265,0.761578359399945,5.161,42.3471044929045,86.1309615112445,6.39404563819442,2487000.0,14.726588124876333,0.799027587188795
PAN,Panamá,2019,19,54.7795714,37.0700881,72.6305083,68.5584188,62.6235199,61.6685867,11.3349220328569,2.512434429155255,9.62124332136356,9.22242063167726,10.0519063068018,2.3628560825359397,2.3245834091450583,2.4026029295371614,4234700.0,15.258823045306487,16477.9066285687,9.709775770429617,3.10295395631086,-0.355083821021246,6.256,40.2141745207689,80.4286505649568,6.71350419888271,2494000.0,14.729398806184347,0.832419781313777
PAN,Panamá,2020,20,55.0269074,37.5600685,71.5267292,68.4383845,60.6608296,60.6521859,11.6461589453797,2.537353528383917,11.3349220328569,9.62124332136356,9.22242063167726,2.512434429155255,2.3628560825359397,2.3245834091450583,4293261.0,15.27255714200436,13290.5608347594,9.49480935057307,-17.8211174074602,-1.55027540803761,14.663,36.269088105591,68.700423510603,-2.85980025219661,647000.0,13.380103119076898,0.67742590721831
PAN,Panamá,2021,21,55.2287748,37.4881752,71.7946556,67.3124891,59.6297214,59.7515281,12.6570480772218,2.6142557310255823,11.6461589453797,11.3349220328569,9.62124332136356,2.537353528383917,2.512434429155255,2.3628560825359397,4345405.0,15.284629522924675,15509.8069109784,9.64922780676868,16.4669992022652,1.63070337301898,10.177,41.6067039493249,80.1334635232887,2.71982266279312,,,0.840846144368929
PAN,Panamá,2022,22,55.2473963,36.6764246,72.9911154,67.1048161,56.2915386,56.9782327,11.3389170493456,2.512758255253845,12.6570480772218,11.6461589453797,11.3349220328569,2.6142557310255823,2.537353528383917,2.512434429155255,4400773.0,15.297290765276427,17378.6070083597,9.762995246491029,11.0386022908773,2.85965128834711,8.086,48.0265978360198,93.4752688552496,3.09254919376261,,,0.688288624172831
PAN,Panamá,2023,23,53.7744679,36.9282056,71.9653279,67.0665682,54.8230865,55.9613792,11.7072934419645,2.5421761153938647,11.3389170493456,12.6570480772218,11.6461589453797,2.512758255253845,2.6142557310255823,2.537353528383917,4458759.0,15.310381034156144,18797.1933894611,9.841462849878885,7.16634016390665,1.48641355277038,6.544,45.6292440025453,88.3489105169795,3.26384312723174,,,0.615281967406083
PAN,Panamá,2024,24,53.2051087,37.131345,71.8407332,67.0129566,57.4707956,53.9586276,,,11.7072934419645,11.3389170493456,12.6570480772218,2.5421761153938647,2.512758255253845,2.6142557310255823,4515577.0,15.323043532902753,19161.218843129,9.860643663443586,2.74784148771307,0.69322555100446,8.451,44.3578422661429,83.6737788620216,2.41063281860388,,,0.61438608714797
PER,Perú,2000,0,45.2530134,37.7056706,42.5870286,50.249136,41.7907321,59.8252432,,,,,,,,,26598331.0,17.096359027422515,1945.41338451698,7.573229770496478,2.69437139806912,3.75733833344474,4.959,16.7683737208169,35.538032162317805,1.56479019339424,,,1.38693075533602
PER,Perú,2002,2,50.1921001,43.0565992,44.3900678,60.509691,38.9352003,53.6693672,,,,,,,,,27288217.0,17.121965555262427,2007.37019626753,7.604580784336899,5.45352893818767,0.193135003853722,4.84,17.2748078529874,35.2491813317695,3.93562084538866,,,1.28772179077061
PER,Perú,2003,3,50.6267602,46.8198734,43.6826859,59.9141495,33.2589311,54.9222343,,,,,,,,,27580490.0,17.13261919666907,2129.44114197634,7.663614849618223,4.16502313666112,2.25937753363072,4.15,19.0146669472489,37.62461032510021,2.27308642513175,,,1.47877535639654
PER,Perú,2004,4,52.8173608,39.7748152,49.6848115,59.6066818,35.8559009,57.1592212,,,,,,,,,27852190.0,17.14242215679353,2397.25147277714,7.782078140394699,4.95820320611745,3.66247320092233,4.71,22.91223375085,41.9360782679272,2.39489207548148,1650000.0,14.316286451937186,1.6964738424159
PER,Perú,2005,5,50.9984028,39.977886,50.0262174,61.0739417,36.6730622,55.9784234,,,,,,,,,28101180.0,17.15132212630486,2706.66947297608,7.903474181300899,6.28506032509601,1.61630193862544,4.87,26.8487611117093,47.3573174768394,3.39034816926813,1938000.0,14.477167587428587,1.89331588408079
PER,Perú,2006,6,49.876444,42.7673597,53.3646146,61.3744468,38.0349308,58.4099881,,,,,,,,,28324491.0,17.159237394725707,3129.55996496982,8.0486476873794,7.5288990440594,2.00225801248819,4.17,30.536636453521,51.7850560338442,3.91065680458787,2227000.0,14.616166395273979,2.0729107456208
PER,Perú,2007,7,49.520452,40.8731164,56.287841,61.6047415,38.2895936,59.5704312,,,,,,,,,28530699.0,17.166491223415314,3581.0893081917,8.183422309143383,8.5183877690955,1.77998644680372,4.08,31.5221165305465,55.6881132836815,5.37428655925625,2451000.0,14.712007070506903,2.08553802579695
PER,Perú,2008,8,48.7726289,41.9037966,53.9682012,63.7283207,42.830437,59.6729585,,,,,,,,,28719041.0,17.17307091022189,4197.58444634142,8.34226450699624,9.1265683014642,5.78587598206755,4.03,29.7276302098838,58.4337673899053,5.74335697642786,2581000.0,14.763687866147402,2.02706961928358
PER,Perú,2009,9,50.1933969,40.268253,49.8805096,62.729479,45.8179108,60.860544,,,,,,,,,28896811.0,17.17924180097333,4181.18755462253,8.338350589145591,1.0958236592427,2.936231535967,3.96,26.4420527390278,48.1119296153518,5.32237544034606,2681000.0,14.801700790213177,1.99357606247792
PER,Perú,2010,10,50.5163955,42.7914546,52.4511858,63.2647235,49.2705533,61.3778217,,,,,,,,,29086019.0,17.185768169954812,5072.11494019615,8.531513157570886,8.33245910749577,1.52832059732901,3.6,27.8261641521747,51.6728089370033,5.73087732837535,2948000.0,14.896637871504332,1.71758394083601
PER,Perú,2011,11,51.0245003,43.0676854,54.3237285,63.7942314,49.8440598,61.5712961,5.5180019181967,1.874567874707548,,,,,,,29304086.0,17.193237518189417,5861.35793645245,8.676136585495906,6.32719240161117,3.36931095333853,3.477,30.5027597563889,55.9882802838607,4.47262658184166,3299000.0,15.009130253332831,1.57017608748452
PER,Perú,2012,12,50.3834794,40.7450837,53.7658077,64.4205555,50.7623191,60.5777994,6.65981599009637,2.035987961283332,5.5180019181967,,,1.874567874707548,,,29550366.0,17.20160668752648,6519.37852981527,8.782534332864701,6.13972470560435,3.61121294940163,3.238,27.4496143710972,52.6198952632293,7.36173683394684,3642000.0,15.108043813844063,1.47367128502939
PER,Perú,2013,13,49.4933675,39.953662,53.562447,62.6258012,50.7930955,60.2684082,6.75097413739705,2.047818530614289,6.65981599009637,5.5180019181967,,2.035987961283332,1.874567874707548,,29817919.0,17.210620079486812,6746.80025696601,8.816823635470953,5.85251821084928,2.76789666082002,3.575,24.8082994208508,49.787142447144305,4.75734900182415,4010000.0,15.20430204865928,1.36617622391414
PER,Perú,2014,14,49.715313,36.273805,58.4245305,62.4643186,48.9545465,60.9311157,6.89338555748064,2.0660251375606866,6.75097413739705,6.65981599009637,5.5180019181967,2.047818530614289,2.035987961283332,1.874567874707548,30115826.0,17.220561372275743,6667.13410360861,8.80494537695133,2.38215737180541,3.41194579807465,3.208,22.6069703758151,46.85312109129,2.12302965027806,4062000.0,15.217186267306582,1.33950365096341
PER,Perú,2015,15,51.3968926,36.082934,59.8939211,63.3449519,48.1264018,61.6039592,7.37746900609372,2.125545840961932,6.89338555748064,6.75097413739705,6.65981599009637,2.0660251375606866,2.047818530614289,2.035987961283332,30457600.0,17.231846110468872,6231.71150338894,8.737406293698061,3.25224477218451,3.39809194746308,3.272,21.2873252858958,45.1627686891148,3.90315707606412,4381000.0,15.292787795054398,1.45677840371066
PER,Perú,2016,16,53.250673,37.8108631,62.508672,63.5132374,50.0651133,61.7418232,7.88881315592262,2.184793537342662,7.37746900609372,6.89338555748064,6.75097413739705,2.125545840961932,2.0660251375606866,2.047818530614289,30866494.0,17.245181816980168,6217.03599995447,8.735048544819481,3.95331871520767,3.55717663556279,3.741,22.6003137409908,45.3888411964155,3.66247550178788,4718000.0,15.366895750903954,1.53367517529191
PER,Perú,2017,17,52.7061969,36.0963662,61.6984847,63.9933032,51.8536209,61.0640081,7.9394377010568,2.190472690233813,7.88881315592262,7.37746900609372,6.89338555748064,2.184793537342662,2.125545840961932,2.0660251375606866,31324637.0,17.259915470490913,6736.16693725487,8.815246338461698,2.51883544233135,2.99490045809443,3.691,24.7198719746973,47.5135503619971,3.65967264603654,4992000.0,15.423347389351893,1.47518841959064
PER,Perú,2018,18,51.6145638,36.0588653,62.6556256,64.9233384,49.859798,62.0299801,7.68710269227761,2.161839476582104,7.9394377010568,7.88881315592262,7.37746900609372,2.190472690233813,2.184793537342662,2.125545840961932,31897584.0,17.27804082820979,6978.49121548627,8.85058801415107,3.969351341365,1.50915423024742,3.492,25.1921846722472,48.631470171736,2.78225210860643,5384000.0,15.498942336042196,1.45298846911572
PER,Perú,2019,19,51.4347008,38.158594,63.9696202,64.6792177,53.6589455,62.9452307,7.3499267457301,2.1222527658578265,7.68710269227761,7.9394377010568,7.88881315592262,2.161839476582104,2.190472690233813,2.184793537342662,32449303.0,17.295189521684925,7037.00803692604,8.858938364061398,2.24063176875049,2.25212191358027,3.379,24.0390874349068,46.943505375441,2.25881990677455,5275000.0,15.478489426899847,1.4646873478317
PER,Perú,2020,20,51.96263,38.0035758,60.168047,64.8398856,51.9941924,61.117186,5.79501314909191,1.9161889827140985,7.3499267457301,7.68710269227761,7.9394377010568,2.1222527658578265,2.161839476582104,2.190472690233813,32838579.0,17.307114571210363,6133.32552410183,8.72149238168389,-10.9333065010382,2.00241205759292,7.179,23.0114431429931,44.245967197744,0.464940476173709,1119000.0,13.927946880948712,1.44323462669192
PER,Perú,2021,21,50.2425534,37.7622739,59.5255006,62.4510671,52.7826671,58.2869701,8.60480803979216,2.262263810574911,5.79501314909191,7.3499267457301,7.68710269227761,1.9161889827140985,2.1222527658578265,2.161839476582104,33155882.0,17.316730694753694,6828.53422535638,8.828865321239824,13.4166456126513,4.27166381536798,5.097,29.225876726221,55.4083231938774,3.15463147592016,,,1.59356371233468
PER,Perú,2022,22,50.7964811,35.0743517,53.9206255,60.5089423,52.0399374,58.0141997,,,8.60480803979216,5.79501314909191,7.3499267457301,2.262263810574911,1.9161889827140985,2.1222527658578265,33475438.0,17.326322533847247,7353.74598721667,8.902965120500008,2.81819976419922,8.33370630096231,4.291,28.8196452516984,57.2727003111938,4.6280339832618,,,1.50741651149215
PER,Perú,2023,23,50.5383653,34.9615687,52.9063451,59.9426032,49.2436782,58.9123235,,,,8.60480803979216,5.79501314909191,,2.262263810574911,1.9161889827140985,33845617.0,17.337320065925613,7919.04634828547,8.97702606698852,-0.350699814345759,6.45561348369586,4.899,27.1701618135233,50.9070307213493,1.64334960973353,,,1.65910444690938
PER,Perú,2024,24,50.1051553,33.7059337,56.1033679,57.9843678,49.2665579,58.2295298,,,,,8.60480803979216,,,2.262263810574911,34217848.0,17.34825793725037,8526.29665719783,9.050910391136666,3.5152749274832,2.00770739412712,5.199,28.8839339520309,51.6811479870417,2.29780708272736,,,1.69108666823012
PRY,Paraguay,2000,0,41.1895908,18.5799025,43.888477,47.7171458,25.7723021,37.5127165,19.5064839944888,3.0207411285485497,,,,,,,5100868.0,15.444921279291275,1736.11729210765,7.459406457516051,-2.31414056819045,8.98215976750022,7.61,43.3309260294934,78.6447297611485,1.21729436901028,3924000.0,15.182622354509355,1.7130199979486
PRY,Paraguay,2001,1,,,,,,,25.3291976446545,3.270678499996222,19.5064839944888,,,3.0207411285485497,,,5187689.0,15.461798876592338,1637.68615122932,7.401039641188352,-0.834054716746095,7.26806028584825,6.206,40.6425889608269,72.6056990118239,1.16763488895181,3550000.0,15.0824584431417,1.64787181908521
PRY,Paraguay,2002,2,39.9867773,15.5965159,42.3289885,48.4418937,23.6252848,42.5613119,26.0770664744718,3.2986871140547342,25.3291976446545,19.5064839944888,,3.270678499996222,3.0207411285485497,,5261328.0,15.47589402433122,1367.76506935997,7.22093335051071,-0.0214043949985694,10.5102420856612,9.393,47.4750765387374,79.4415656482927,1.25620797120523,3194000.0,14.976784920844084,1.3715456499774
PRY,Paraguay,2003,3,40.4110745,15.9492634,49.6547707,49.9903472,23.6611722,42.528857,24.1249473264161,3.2238612699159916,26.0770664744718,25.3291976446545,19.5064839944888,3.2986871140547342,3.270678499996222,3.0207411285485497,5326436.0,15.48819290456648,1443.99885236205,7.275171524689332,4.32074548551591,14.2367970499143,6.814,47.1446575963153,81.12736377011629,-0.750191694990596,2859000.0,14.865982821077035,1.4236740138903
PRY,Paraguay,2004,4,45.064353,20.1882467,59.1158792,52.1535304,29.3905142,42.2144683,22.4380260884275,3.154359749918285,24.1249473264161,26.0770664744718,25.3291976446545,3.2238612699159916,3.2986871140547342,3.270678499996222,5388175.0,15.499717295569203,1786.21533938543,7.487854324932893,4.05741836363771,4.32326492967491,6.513,45.6878246718486,80.10444661555411,0.976461922292792,2589000.0,14.766782644983117,1.3715082491051
PRY,Paraguay,2005,5,45.1803662,22.5340074,57.2842343,53.7744957,33.2656222,42.3953501,16.2809142348236,2.8496026690842253,22.4380260884275,24.1249473264161,26.0770664744718,3.154359749918285,3.2238612699159916,3.2986871140547342,5448097.0,15.510776931351955,1970.87169852378,7.58623121042402,2.13349066459601,6.80738203116377,4.825,47.5935921119847,85.02196365404569,0.067986029076693,2648000.0,14.789315573682469,1.50221184795487
PRY,Paraguay,2006,6,46.0317504,28.1397669,56.6111389,54.8917164,34.8148164,44.7376256,13.4782946324326,2.6726506060183945,16.2809142348236,22.4380260884275,24.1249473264161,2.8496026690842253,3.154359749918285,3.2238612699159916,5505148.0,15.521194212427849,2439.43124694576,7.799520195602233,4.80711719268376,9.58934941129229,5.277,46.2930851780555,84.7335313048126,1.39842122336644,2830000.0,14.855787622976248,2.5019676839783
PRY,Paraguay,2007,7,45.9179897,26.7132911,58.7348582,56.0001689,34.8592125,45.8077414,14.0842878975945,2.713653665503714,13.4782946324326,16.2809142348236,22.4380260884275,2.6726506060183945,2.8496026690842253,3.154359749918285,5559386.0,15.530998228474065,3211.93621659546,8.07462921702249,5.42162287218235,8.13047417698577,4.713,43.374929155941,79.0011374202968,0.588024684579866,3005000.0,14.915788458730091,1.90848171580223
PRY,Paraguay,2008,8,46.4485486,29.8918151,58.0875526,58.7337469,39.4756031,46.7021795,14.8390325698951,2.762477309388233,14.0842878975945,13.4782946324326,16.2809142348236,2.713653665503714,2.6726506060183945,2.8496026690842253,5613574.0,15.54069815130054,4384.9546943793,8.385934572798359,6.4962921197091,10.1547846489023,4.415,42.4383687094115,80.77757465726799,1.83503669212202,3118000.0,14.952702649318217,1.4731913743804
PRY,Paraguay,2009,9,46.6234172,30.7347266,58.038689,58.8662289,40.528064,46.6223291,14.4765607993953,2.7393266728963424,14.8390325698951,14.0842878975945,13.4782946324326,2.762477309388233,2.713653665503714,2.6726506060183945,5671236.0,15.550917641365684,3941.84815479271,8.279404967131262,-0.261137328080281,2.59194673430567,5.46,38.0972540491829,70.84198186244319,0.860674450934745,3183000.0,14.973335020433204,1.68775418813293
PRY,Paraguay,2010,10,47.0308428,33.9012081,56.8502283,59.3116931,40.8566548,46.9339857,12.9139714270104,2.6328934739568948,14.4765607993953,14.8390325698951,14.0842878975945,2.7393266728963424,2.762477309388233,2.713653665503714,5737971.0,15.562616221484882,4750.96273669322,8.466102557900683,11.0952312685521,4.65116279069765,4.569,42.1398416256059,81.2575233746727,2.76173378510787,3171000.0,14.969557868878367,1.50356446194434
PRY,Paraguay,2011,11,47.0515669,34.4611313,56.3311027,59.2586376,41.1066201,47.8388938,11.2990930113132,2.509525520741898,12.9139714270104,14.4765607993953,14.8390325698951,2.6328934739568948,2.7393266728963424,2.762477309388233,5814626.0,15.575887025443468,5805.40154543044,8.666544064079135,4.28637120702282,8.2539682539683,4.67,40.238859668619,78.49212384893471,1.95875255092885,3365000.0,15.02893881823774,1.60168910920421
PRY,Paraguay,2012,12,46.3280897,32.7153646,56.1999457,56.9272752,40.0809177,48.1537352,11.0055811353826,2.4853716362802403,11.2990930113132,12.9139714270104,14.4765607993953,2.509525520741898,2.6328934739568948,2.7393266728963424,5897008.0,15.589955661603732,5642.1699167298,8.63802400750863,-0.708043112316886,3.67591897974496,4.085,37.995519198228,74.7649574560794,2.61172771954633,3655000.0,15.11160692476379,1.90581120158975
PRY,Paraguay,2013,13,46.184463,28.8965077,55.323211,56.6221254,40.1387821,48.4660271,10.0962064841382,2.406603291719903,11.0055811353826,11.2990930113132,12.9139714270104,2.4853716362802403,2.509525520741898,2.6328934739568948,5982445.0,15.60433990524142,6435.68342733182,8.769613319104476,8.29307648940471,2.68385738718582,4.385,38.7136655822512,73.36987138410751,1.13236628162492,3538000.0,15.07907243634739,1.61886190670116
PRY,Paraguay,2014,14,49.1518034,28.3405744,65.517973,56.5437743,40.5758436,50.7542915,9.52253702792393,2.353519340584782,10.0962064841382,11.0055811353826,11.2990930113132,2.406603291719903,2.4853716362802403,2.509525520741898,6069811.0,15.618838025812867,6652.25478942291,8.802711142258621,5.30123864473624,5.02882767456766,5.034,35.4644118987732,69.0837249631345,2.51353754605074,3455000.0,15.055333304619467,1.25474487879368
PRY,Paraguay,2015,15,50.1004047,28.8417581,66.7937052,56.8573236,40.069879,52.2783211,10.0176925113933,2.399502390818772,9.52253702792393,10.0962064841382,11.0055811353826,2.353519340584782,2.406603291719903,2.4853716362802403,6159103.0,15.633441708023417,5879.33792308671,8.679199436438523,2.95715168367079,3.12900274473925,4.556,34.734658699956,66.9150655259573,2.22350808882673,4102000.0,15.226985461397954,1.52890986973172
PRY,Paraguay,2016,16,51.1739881,31.7519968,67.0765924,56.4659444,42.1097314,53.0269524,10.7054970567084,2.46005856537302,10.0176925113933,9.52253702792393,10.0962064841382,2.399502390818772,2.353519340584782,2.406603291719903,6249126.0,15.64795217193406,5775.1596339946,8.6613211772581,4.26802583314583,4.08682280577241,5.255,37.1432329052059,67.7593152322047,2.27032682691816,4318000.0,15.278303121645562,1.82007164354988
PRY,Paraguay,2017,17,51.1316749,31.3086872,64.8724986,56.8973424,43.0612254,53.0115452,8.53492626715061,2.254961506159412,10.7054970567084,10.0176925113933,9.52253702792393,2.46005856537302,2.399502390818772,2.353519340584782,6338660.0,15.662177947607606,6152.26711537703,8.72457592951744,4.81007885554041,3.60247741348943,6.138,38.1692845403814,71.08013440383769,1.94681321407537,4744000.0,15.372391430452256,2.15242904686494
PRY,Paraguay,2018,18,51.8249072,30.0163641,64.988495,57.274435,45.4742162,53.745451,7.73254240471022,2.1670565536515856,8.53492626715061,10.7054970567084,10.0176925113933,2.254961506159412,2.46005856537302,2.399502390818772,6427382.0,15.676077859338335,6258.44991640954,8.741687816244973,3.20425034076639,3.97561015740694,6.217,36.8532235364332,72.069223625915,0.787454987833175,4183000.0,15.24653948948718,2.11993649032651
PRY,Paraguay,2019,19,52.0833954,30.3467354,66.0999086,57.2778025,46.0693231,53.2492389,8.50337786708883,2.2516473003649753,7.73254240471022,8.53492626715061,10.7054970567084,2.1670565536515856,2.254961506159412,2.46005856537302,6515058.0,15.689626671034071,5821.18199548637,8.669258612113062,-0.40185510068001,2.75709727562775,6.595,36.0872909434467,71.2221617342433,1.28022785728037,4368000.0,15.289816025344582,2.17286084690711
PRY,Paraguay,2020,20,52.4750947,31.6692411,65.5554031,56.9520899,43.9063466,52.9542203,7.28375188027935,2.1142959914043513,8.50337786708883,7.73254240471022,8.53492626715061,2.2516473003649753,2.1670565536515856,2.254961506159412,6603739.0,15.703146561739041,5365.47220721191,8.58773966744731,-0.819785390971916,1.76751592356698,7.548,33.2706269850168,62.76021747485599,0.816723740272233,1077000.0,13.889690884643201,2.13482355166193
PRY,Paraguay,2021,21,50.3725892,29.7840951,64.5788595,56.0507048,43.6708772,53.1886466,7.85436422886151,2.1809104706743083,7.28375188027935,8.50337786708883,7.73254240471022,2.1142959914043513,2.2516473003649753,2.1670565536515856,6684182.0,15.715254397530783,5974.9057185863,8.695323597359117,3.99461510731535,4.787983101236,7.311,35.4652163043306,69.7320126827159,1.46244749899002,,,2.06573736480272
PRY,Paraguay,2022,22,50.1857282,28.7835673,64.3842251,56.0666558,44.6626326,52.960001,7.57344466296988,2.1486695961889115,7.85436422886151,7.28375188027935,8.50337786708883,2.1809104706743083,2.1142959914043513,2.2516473003649753,6760464.0,15.726602084716848,6189.10205375331,8.730545291141835,-0.0280771723899278,9.76556667164402,6.755,34.4000035331202,73.873631144412,2.0438895221054,,,2.07604879712509
PRY,Paraguay,2023,23,48.6572483,27.7938555,65.6452487,56.7526328,46.3571469,53.4116476,6.7795163925492,2.0514941759175462,7.57344466296988,7.85436422886151,7.28375188027935,2.1486695961889115,2.1809104706743083,2.1142959914043513,6844146.0,15.738904246320747,6303.26495017292,8.748823024195707,5.28584584975323,4.63202285403356,5.794,42.257662716231,82.5777252296516,2.57700191370443,,,2.15770321691504
PRY,Paraguay,2024,24,48.6645513,27.5110749,65.640444,56.8785909,47.6020627,54.5919737,,,6.7795163925492,7.57344466296988,7.85436422886151,2.0514941759175462,2.1486695961889115,2.1809104706743083,6929153.0,15.75124814147412,6456.60723068562,8.77285926232437,4.66914577981763,3.83540271728533,5.686,37.7135431058066,77.09443845391971,2.45295029321833,,,2.54020481421082
SLV,El Salvador,2000,0,42.9625873,33.5070747,65.5803869,52.7230773,31.1150803,53.6369347,59.7472879846202,4.10672243899569,,,,,,,5943366.0,15.597786197510567,1982.87093542615,7.5923010408878495,1.12790697674419,2.27128756828723,6.96,26.8272702258496,68.7100889044911,1.47137092746017,867000.0,13.672795409164552,14.9699688017602
SLV,El Salvador,2001,1,,,,,,,60.1535507350797,4.113387926434003,59.7472879846202,,,4.10672243899569,,,5968060.0,15.6019324744345,2058.04459070452,7.629511583168267,0.879613659882722,3.7508205747202,6.96,25.0092920568115,65.8907385362252,2.2707041485317,804000.0,13.597355791941425,15.6669630441719
SLV,El Salvador,2002,2,46.041179,33.3082279,65.0974946,57.0248438,33.1771124,55.410247,47.3555199373003,3.8785803816144857,60.1535507350797,59.7472879846202,,4.113387926434003,4.10672243899569,,5986631.0,15.60503937446873,2115.41187355626,7.657004811791247,1.57291844759789,1.86552503610077,6.2,25.5130894550755,65.9190907767707,3.71125187529755,885000.0,13.69334405393293,15.4182774717149
SLV,El Salvador,2003,3,46.5471268,36.8846311,59.8729956,57.2483632,34.1234708,56.3300647,55.9464014802791,4.042110500544356,47.3555199373003,60.1535507350797,59.7472879846202,3.8785803816144857,4.113387926434003,4.10672243899569,5998599.0,15.60703649992696,2207.83089518069,7.6997658171364405,1.56539303147618,2.1203909173333,6.9,25.9234207599485,68.23698247861,1.06615183714648,798000.0,13.589865129563993,16.0171947035328
SLV,El Salvador,2004,4,50.2807702,40.2408056,62.8794965,56.5032637,41.4719866,62.1103986,64.8994757581223,4.188130486364867,55.9464014802791,47.3555199373003,60.1535507350797,4.042110500544356,3.8785803816144857,4.113387926434003,6004671.0,15.608048224318386,2285.68907438892,7.734422822150927,0.889404485692197,4.45194392395045,6.8,25.9062104819237,69.7822641767691,2.64681242347754,1030000.0,13.845070331079134,18.6742099302803
SLV,El Salvador,2005,5,49.8127723,39.4296562,64.3493375,56.6009608,40.6319047,62.4208158,64.6399118153084,4.184183922761335,64.8994757581223,55.9464014802791,47.3555199373003,4.188130486364867,4.042110500544356,3.8785803816144857,6005578.0,15.608199261986584,2447.39140845394,7.802778005066506,2.68083009363194,4.69094870903769,7.22,25.2665668798476,69.7158116750578,3.47761600217717,1306000.0,14.082480354515004,20.6055245611648
SLV,El Salvador,2006,6,47.2095013,40.3759952,61.6432692,58.5933462,42.4487059,59.0332894,65.4247078983383,4.196069094170469,64.6399118153084,64.8994757581223,55.9464014802791,4.184183922761335,4.188130486364867,4.042110500544356,6002319.0,15.607656452520445,2665.61807194853,7.888191231642117,4.3369986028604,4.03712359429612,6.57,25.9396783352886,73.4555675070267,1.50707286112592,1501000.0,14.221642776837895,21.7670246482945
SLV,El Salvador,2007,7,46.5897268,39.6437487,65.2295171,57.7439982,42.5656956,59.8504352,58.1880552418794,4.080719751968895,65.4247078983383,64.6399118153084,64.8994757581223,4.196069094170469,4.184183922761335,4.188130486364867,6009824.0,15.6089060215568,2830.65693770733,7.948264097163967,1.84760220587859,4.57808572377153,6.41,25.5670345496495,77.6210560347995,9.11434743633077,1720000.0,14.357835430184815,21.8028715446677
SLV,El Salvador,2008,8,46.9200629,39.7293163,66.3888709,59.6886977,47.5952753,62.1236522,52.7258860134014,3.9838949340333776,58.1880552418794,65.4247078983383,64.6399118153084,4.080719751968895,4.196069094170469,4.184183922761335,6029297.0,15.612140978159028,2983.24829577976,8.000768017986637,2.15440298282768,6.70792293515939,5.88,26.7405871721015,80.6659739399085,5.0206011155903,1875000.0,14.444119750719839,20.8749261267512
SLV,El Salvador,2009,9,46.2576028,42.9353865,62.6945171,59.0044641,49.6318364,64.785584,72.4503614995274,4.296609824316793,52.7258860134014,58.1880552418794,65.4247078983383,3.9838949340333776,4.080719751968895,4.196069094170469,6048279.0,15.615284326729887,2910.18651752011,7.975972453479253,-2.10876837627522,1.05595029731201,7.33,23.9512044914048,66.0711911744487,2.09486399547314,1482000.0,14.208903759601775,19.3296980618829
SLV,El Salvador,2010,10,44.9172297,42.8790615,65.9035937,60.2105035,51.2870533,64.0518589,65.7026379683301,4.200244501889584,72.4503614995274,52.7258860134014,58.1880552418794,4.296609824316793,3.9838949340333776,4.080719751968895,6068249.0,15.618580653546026,3040.07300952878,8.019636810404243,2.15419536693635,1.17933576873673,4.893,26.9466693264064,73.53728767253969,-0.613406192808089,1606000.0,14.289257796153656,18.8196648675298
SLV,El Salvador,2011,11,46.9722941,44.7012501,65.5483485,59.270999,49.9253934,63.6809114,71.7719022936632,4.287329923197246,65.7026379683301,72.4503614995274,52.7258860134014,4.200244501889584,4.296609824316793,3.9838949340333776,6090127.0,15.622179493327426,3330.60049486653,8.110907895505955,3.80688113429295,5.1289237668161,4.297,28.9817775582263,79.2766437025051,0.603930846788838,1634000.0,14.306542166397001,17.96484307191
SLV,El Salvador,2012,12,44.8487465,39.6360714,68.7188264,58.5683058,50.3473103,60.4505793,42.4273897096406,3.7710903413474166,71.7719022936632,65.7026379683301,72.4503614995274,4.287329923197246,4.200244501889584,4.296609824316793,6113975.0,15.626087692448436,3497.91256915509,8.15992166074219,2.82262371802327,1.72973481581383,3.843,28.5710611774443,77.6485716222883,2.01123945886672,1738000.0,14.368246160181302,18.3017912730118
SLV,El Salvador,2013,13,46.7961584,41.0277533,62.8250309,58.9561303,50.9202375,60.5090353,40.9360792814407,3.7361465371134273,42.4273897096406,71.7719022936632,65.7026379683301,3.7710903413474166,4.287329923197246,4.200244501889584,6138839.0,15.630146194296062,3582.26694005169,8.18375110247148,2.23562439198375,0.757669184522973,3.693,29.7248960481943,80.4511944908271,1.11490857279595,1822000.0,14.41544590564931,18.0368594542296
SLV,El Salvador,2014,14,48.403949,38.2676453,63.2723383,60.6110822,52.8364214,59.8218416,63.6220773963139,4.168556107764391,40.9360792814407,42.4273897096406,71.7719022936632,3.7361465371134273,3.7710903413474166,4.287329923197246,6162955.0,15.63406692827891,3666.01248913873,8.206859835142001,1.70870628357073,1.14134467538233,4.154,29.5528752334192,78.1044257477935,2.2408951362935,1886000.0,14.449969272398093,18.4140727443947
SLV,El Salvador,2015,15,46.2133864,37.5010265,62.5107624,59.1402971,49.5568092,58.2475226,107.638231074992,4.688023381231139,63.6220773963139,40.9360792814407,42.4273897096406,4.168556107764391,3.7361465371134273,3.7710903413474166,6183676.0,15.637423474603857,3790.34089108162,8.240211238908092,2.40000008852115,-0.731384487387957,3.998,29.4861730232304,76.5602707370519,2.10997804482034,1973000.0,14.495066291846996,18.23780572274
SLV,El Salvador,2016,16,46.6250271,36.7158438,60.3169369,59.3071769,49.228726,56.2966424,85.0858022421141,4.455344499370865,107.638231074992,63.6220773963139,40.9360792814407,4.688023381231139,4.168556107764391,3.7361465371134273,6200800.0,15.64018887394944,3901.34014965811,8.269075401208582,2.53906241135864,0.60404908699661,4.418,28.4585905008509,72.8190933731491,1.98198031581358,2052000.0,14.534325972602113,18.8561820072362
SLV,El Salvador,2017,17,44.8569639,37.4171956,58.9980114,59.0089106,48.0766368,55.5881747,63.764040219627,4.170750514442579,85.0858022421141,107.638231074992,63.6220773963139,4.455344499370865,4.688023381231139,4.168556107764391,6213533.0,15.642240213230417,4020.12671373919,8.29906870194694,2.24761908134138,1.0123540331558,4.385,29.0297643758665,74.304651191652,2.01688451540263,2247000.0,14.625106996205195,20.0020638968604
SLV,El Salvador,2018,18,45.2721572,36.3624105,57.5302486,58.3280225,46.6650707,56.2345696,53.7958771232068,4.003614956145698,63.764040219627,85.0858022421141,107.638231074992,4.170750514442579,4.455344499370865,4.688023381231139,6219807.0,15.643249435295047,4183.54620971358,8.338914541381254,2.4124442237792,1.09033000581892,4.006,28.9343737810256,75.6336168879956,1.58620478716365,2536000.0,14.746098988860943,20.720840026323
SLV,El Salvador,2019,19,46.6096714,37.5455753,61.1402853,59.4776902,47.3572596,55.667142,38.5386955905095,3.6772798275804335,53.7958771232068,63.764040219627,85.0858022421141,4.003614956145698,4.170750514442579,4.455344499370865,6222318.0,15.643653064101878,4320.11671534627,8.371037698314458,2.43747159065784,0.0753241350024612,4.17,29.9559096080003,76.0420130991469,2.59024369040438,2639000.0,14.785910994416803,21.0435800685611
SLV,El Salvador,2020,20,47.9097515,37.7419733,62.0278402,58.350824,50.9781163,55.3478368,21.5087446038674,3.113903882766664,38.5386955905095,53.7958771232068,63.764040219627,3.6772798275804335,4.003614956145698,4.170750514442579,6234673.0,15.645636689850853,3997.19279583709,8.293347592683672,-7.893101359867,-0.371590212324095,5.008,24.5267982788944,66.4595069497083,1.55101998611342,707000.0,13.468787359304866,23.8002795557104
SLV,El Salvador,2021,21,45.3033875,36.7216613,60.9163267,53.5273159,48.1900609,51.6994888,17.343956146806,2.909300154951241,21.5087446038674,38.5386955905095,53.7958771232068,3.113903882766664,3.6772798275804335,4.003614956145698,6255782.0,15.649016714052815,4642.60743101342,8.443031433726683,11.9047617015957,3.46692585313082,4.327,28.7814953892726,81.8450759800765,2.7560499827498,,,26.2452495089243
SLV,El Salvador,2022,22,43.1191046,34.3058025,62.9718864,48.8347648,43.0097471,50.1326617,7.89768799960639,2.1857914676655152,17.343956146806,21.5087446038674,38.5386955905095,2.909300154951241,3.113903882766664,3.6772798275804335,6280319.0,15.652931333332644,5074.60050994225,8.532003083558864,2.9546041089332,7.19861615609867,2.999,32.4334933265056,88.7011372097555,0.0823187826775637,,,24.6343743602102
SLV,El Salvador,2023,23,47.1590826,36.1311218,66.8191376,48.0672051,46.6710434,51.1603346,2.4,1.2237754316221157,7.89768799960639,17.343956146806,21.5087446038674,2.1857914676655152,2.909300154951241,3.113903882766664,6309624.0,15.657586644786337,5319.7195268688,8.579175860432532,3.35508721646165,4.04554694222477,2.992,28.7918551914872,79.8122651787866,2.31870856682009,,,24.6887762522154
SLV,El Salvador,2024,24,47.3724053,36.7575081,68.0353506,45.0019761,46.8954926,53.4441283,1.9,1.0647107369924282,2.4,7.89768799960639,17.343956146806,1.2237754316221157,2.1857914676655152,2.909300154951241,6338193.0,15.662104270015824,5503.10317151907,8.613067425115718,2.5904637107794,0.853782292567288,3.261,32.6598571720595,85.68257265752911,3.01317166597907,,,24.3362060637199
URY,Uruguay,2000,0,65.6475258,66.4012457,80.3214693,74.0983672,59.9874021,67.7895668,6.55194336304211,2.021804929217899,,,,,,,3266206.0,14.999139624620215,6987.70098766257,8.85190688093699,-1.92993063549235,4.76382472733251,12.627,16.6980989454195,36.7137381507902,1.15156587871402,2236000.0,14.620199560484219,
URY,Uruguay,2001,1,,,,,,,6.65801023531638,2.0357521896063617,6.55194336304211,,,2.021804929217899,,,3274251.0,15.001599698605057,6382.76104740859,8.76135604877412,-3.84412995940374,4.3593406521727,15.052,16.8046592733471,36.3095126435056,1.48526947201505,2136000.0,14.574445947226907,2.88918074404212e-05
URY,Uruguay,2002,2,69.5940585,68.3561307,79.6707906,76.6239858,62.4197704,64.353359,7.04511757340532,2.085065394806832,6.65801023531638,6.55194336304211,,2.0357521896063617,2.021804929217899,,3278867.0,15.003008493857468,4149.76140312687,8.330806118349505,-7.73200721540044,13.9724725913515,16.648,20.6216724821799,40.0290673075599,1.32180928215272,1354000.0,14.118574471006522,0.264968642487607
URY,Uruguay,2003,3,68.9510421,68.0681156,77.8780162,76.3070618,62.193999,60.288787,6.00392662896892,1.9464709387789187,7.04511757340532,6.65801023531638,6.55194336304211,2.085065394806832,2.0357521896063617,2.021804929217899,3281186.0,15.003715500369946,3671.12329256883,8.208252968486878,0.805283915893824,19.3797301743995,16.661,27.4324201365808,51.7591995826472,3.34326299269857,1508000.0,14.226295490679792,0.512661024648079
URY,Uruguay,2004,4,67.6310009,64.1538958,74.5603938,74.9141451,58.0718036,60.1099933,6.09171534327958,1.958927249684986,6.00392662896892,7.04511757340532,6.65801023531638,1.9464709387789187,2.085065394806832,2.0357521896063617,3283148.0,15.00431327618648,4168.66065438387,8.335350077202506,5.00416035564457,9.15760507540997,12.98,32.1122956028892,61.4766880860242,2.57711736584849,1871000.0,14.441984139729627,0.510700586359985
URY,Uruguay,2005,5,68.9885471,66.8929629,80.0067171,76.3307203,63.3157845,61.1889954,5.78250888452056,1.914347075468346,6.09171534327958,6.00392662896892,7.04511757340532,1.958927249684986,1.9464709387789187,2.085065394806832,3285771.0,15.005111885558708,5284.25677987129,8.57248726019791,7.4601321302473,4.6992773903564,12.009,30.4040198202399,58.8776963255775,4.76089085880271,1917000.0,14.466272543676055,0.44198018204895
URY,Uruguay,2006,6,70.5633723,68.0254932,83.7370222,77.8484519,63.3471218,62.3040812,6.14073873999033,1.9658162359840008,5.78250888452056,6.09171534327958,6.00392662896892,1.914347075468346,1.958927249684986,1.9464709387789187,3289506.0,15.006247959491935,6001.33294783172,8.699736881508718,4.09857735445401,6.39764974385131,10.844,30.2975044020751,61.971574516587594,7.64053554410063,1824000.0,14.416542997861878,0.450497566369658
URY,Uruguay,2007,7,71.3537558,69.1941405,84.4507175,78.1572977,63.6113065,62.3569613,5.88743616570098,1.9296989062982948,6.14073873999033,5.78250888452056,6.09171534327958,1.9658162359840008,1.914347075468346,1.958927249684986,3295153.0,15.007963158831615,7222.05403645877,8.884894684010847,6.54151084504817,8.11464561179313,9.403,29.0904872479399,59.210447837409504,5.70951115694377,1815000.0,14.411596576645124,0.405399277911785
URY,Uruguay,2008,8,71.6349339,71.8165436,84.3951778,79.1562147,68.3427709,63.2002769,6.69255362560008,2.040252799343493,5.88743616570098,6.14073873999033,5.78250888452056,1.9296989062982948,1.9658162359840008,1.914347075468346,3302177.0,15.010092505902012,9423.96562595893,9.151011258384603,7.17614466455107,7.87707374730888,8.025,30.2030239718046,65.2080950071821,6.88302281006264,2255000.0,14.628660974377798,0.346765354298287
URY,Uruguay,2009,9,71.6723878,72.1584974,83.8205018,79.9071022,68.5436138,61.988534,6.82760685431307,2.057656825267128,6.69255362560008,5.88743616570098,6.14073873999033,2.040252799343493,1.9296989062982948,1.9658162359840008,3310091.0,15.012486239422465,9881.39573127081,9.198409049111728,4.24349419462426,7.06221874388574,7.74,27.0992157546178,53.394419268373596,4.89964589428753,2303000.0,14.649723613018967,0.30901312831289
URY,Uruguay,2010,10,72.4724751,75.1919719,81.308127,80.4153574,68.962004,64.6367904,6.17734091087152,1.9709289677895905,6.82760685431307,6.69255362560008,5.88743616570098,2.057656825267128,2.040252799343493,1.9296989062982948,3318580.0,15.015047538554926,12641.0576849008,9.444705341802985,7.8034096507169,6.69870886978132,7.158,26.3429945409681,51.6990372012257,5.22300143125049,2708000.0,14.811721282290453,0.297711381718448
URY,Uruguay,2011,11,71.2975799,75.1874817,81.9652434,79.9540963,68.2790525,64.4146588,5.98168012770136,1.9432895937836527,6.17734091087152,6.82760685431307,6.69255362560008,1.9709289677895905,2.057656825267128,2.040252799343493,3326825.0,15.017528953677303,15132.2675725587,9.624584668160601,5.16213302463606,8.0928320630299,6.307,26.4221494211811,53.2470340109018,5.34359480768242,3244000.0,14.992318002478799,0.255919432671405
URY,Uruguay,2012,12,70.2565417,74.9312872,81.2198654,78.6606366,66.3053358,66.50776,8.00503447711385,2.1977838072839826,5.98168012770136,6.17734091087152,6.82760685431307,1.9432895937836527,1.9709289677895905,2.057656825267128,3335401.0,15.020103469983686,16259.5940814256,9.696438418548222,3.53817872056869,8.09776580573602,6.451,25.9196294244279,55.0611541633768,11.7901578728278,3155000.0,14.964499370914611,0.168907169778097
URY,Uruguay,2013,13,69.8933687,75.2326397,81.9857519,79.2551449,66.1164874,67.9474308,7.77201220684194,2.171566222123522,8.00503447711385,5.98168012770136,6.17734091087152,2.1977838072839826,1.9432895937836527,1.9709289677895905,3345337.0,15.023077993853944,18335.2594772322,9.816581232422315,4.63753862902416,8.57513504005397,6.444,23.3531364247538,49.7178464746233,1.60901257578737,3242000.0,14.991701289729283,0.161154729026498
URY,Uruguay,2014,14,71.5386956,74.0663968,84.932746,79.119055,69.6257274,67.4440763,7.98490138572303,2.195545544741016,7.77201220684194,8.00503447711385,5.98168012770136,2.171566222123522,2.1977838072839826,1.9432895937836527,3356334.0,15.02635986485908,18322.4276767157,9.81588114455334,3.23879122952364,8.87735333229828,6.547,23.5426616139817,49.087624063217405,6.6430584199945,3195000.0,14.97709795878277,0.15908431079509
URY,Uruguay,2015,15,72.3565508,73.4348869,84.7445091,79.9229174,69.0977285,66.3381556,8.69948102993542,2.272072382009537,7.98490138572303,7.77201220684194,8.00503447711385,2.195545544741016,2.171566222123522,2.1977838072839826,3368017.0,15.029834701837554,17125.9016800298,9.748347314592769,0.370741257681345,8.66626987079328,7.488,22.4778512515741,45.32824080875341,4.6342339444993,3286000.0,15.005181881900668,0.156495396899523
URY,Uruguay,2016,16,73.5817493,75.9148104,85.3946393,80.1613417,68.1532573,67.7268003,7.90108434244779,2.1861731055467524,8.69948102993542,7.98490138572303,7.77201220684194,2.272072382009537,2.195545544741016,2.171566222123522,3379283.0,15.033174114778898,17009.7584207276,9.74154248309785,1.68979822971775,9.6394134763508,7.841,26.9316806727536,48.4705353074514,-0.897082488190792,3632000.0,15.10529429403368,0.157345013875127
URY,Uruguay,2017,17,73.0749134,75.2292327,85.0959028,80.0369031,66.3147738,67.2209462,8.35193212210643,2.2355829660282036,7.90108434244779,8.69948102993542,7.98490138572303,2.1861731055467524,2.272072382009537,2.195545544741016,3388438.0,15.035879606209265,19184.6626114272,9.861866416465807,1.74037649141989,6.2180938256186,7.89,25.9311643679828,46.3779636198842,4.13270730118374,4219000.0,15.255108928129438,0.168263680064354
URY,Uruguay,2018,18,73.051253,75.674743,85.1920495,80.3451965,66.9121998,65.4823233,12.4022914485464,2.5954256959602784,8.35193212210643,7.90108434244779,8.69948102993542,2.2355829660282036,2.1861731055467524,2.272072382009537,3394534.0,15.037677048876358,19249.9404677501,9.865263247126737,0.164777608846705,7.60653360377047,8.336,26.4215937509495,47.7913453459108,2.64222389301977,3954000.0,15.190238535621114,0.174395036178059
URY,Uruguay,2019,19,73.1547497,76.0802512,85.8513353,80.4501442,69.5548348,65.8331641,11.5977676357818,2.5335196264973123,12.4022914485464,8.35193212210643,7.90108434244779,2.5954256959602784,2.2355829660282036,2.1861731055467524,3397206.0,15.038463887046799,18315.7350377437,9.815515807508543,0.928351027546341,7.88198870879619,8.836,27.9053781710424,49.7448660724665,2.35703298196688,3480000.0,15.062543139106937,0.180436375646829
URY,Uruguay,2020,20,73.2409136,78.5962535,85.5812799,80.6792185,69.8464022,66.825602,10.0324569104505,2.4008415564617107,11.5977676357818,12.4022914485464,8.35193212210643,2.5335196264973123,2.5954256959602784,2.2355829660282036,3398968.0,15.03898241410025,15757.5341990356,9.665073891718757,-7.35732706897301,9.75640636078194,10.413,26.1882518426767,47.7318331202564,1.81750761000671,,,0.207465889667471
URY,Uruguay,2021,21,74.216891,80.7470322,85.5589122,79.911813,70.5772541,67.1735473,9.00875836787795,2.303460546460603,10.0324569104505,11.5977676357818,12.4022914485464,2.4008415564617107,2.5335196264973123,2.5954256959602784,3396695.0,15.038313458007293,17881.8119616753,9.79153938373138,5.84427325018082,7.74791402314762,9.328,32.9446025347538,58.31505550633079,8.50404500730576,,,0.207005858411362
URY,Uruguay,2022,22,74.6806096,80.5656075,88.3433015,79.4618343,72.1342058,66.9979539,11.2948931452974,2.5091839847233057,9.00875836787795,10.0324569104505,11.5977676357818,2.303460546460603,2.4008415564617107,2.5335196264973123,3390913.0,15.036609764630022,21009.2883798725,9.952719922721519,4.60623000920732,9.10437983075437,7.877,32.8913380602583,60.2026828336525,12.367138051104,,,0.175695441980546
URY,Uruguay,2023,23,74.3272277,79.2878847,86.4585245,79.71467,70.1429271,65.9460598,11.2453054170348,2.505142632276404,11.2948931452974,9.00875836787795,10.0324569104505,2.5091839847233057,2.303460546460603,2.4008415564617107,3388081.0,15.035774242378563,23378.6399733516,10.05957806281876,0.761749241321681,5.86910359896119,8.355,27.9812486565884,52.3273108387018,-6.62564746176161,,,0.169941418823101
URY,Uruguay,2024,24,74.1172302,79.0649127,88.4803636,79.7854474,70.0130198,64.3969879,,,11.2453054170348,11.2948931452974,9.00875836787795,2.505142632276404,2.5091839847233057,2.303460546460603,3386588.0,15.03533348283026,24308.4954958447,10.098581177112193,3.32575905957381,4.84914366613156,8.209,28.2349014551456,51.458223755476496,-4.78198682520397,,,0.165351379944981
