country_code,country_name,year,time_trend,rule_of_law,control_corruption,political_stability,homicide_rate,homicide_rate_log,homicide_rate_lag1,homicide_rate_lag2,homicide_rate_lag3,homicide_rate_log_lag1,homicide_rate_log_lag2,homicide_rate_log_lag3,population,population_log,gdp_per_capita,gdp_per_capita_log,gdp_growth,inflation,unemployment,exports_percent_gdp,trade_percent_gdp,fdi_percent_gdp,tourist_arrivals,tourist_arrivals_log,year_c,rule_of_law_z,control_corruption_z,political_stability_z,inst_avg,inst_pca,inst_avg_lag1,inst_pca_lag1,fdi_percent_gdp_lag1,inst_avg_hat,fdi_hat
COL,Colombia,2000,0,39.2135289,35.4298466,29.1560141,67.8921586309151,4.2325423635736925,,,,,,,39089934.0,17.481375549356354,2555.00751039968,7.845810442124553,2.92486148176778,9.22534818585366,20.52,15.915139715438,32.6670854693067,2.43950747934181,707000.0,13.468787359304866,-12.0,-1.195016897243247,-0.2217445646152714,-2.736992446365025,-1.3845846360745142,-2.2750206730094447,,,,,180.3013625707136
COL,Colombia,2001,1,,,,70.1095871523678,4.26422216811803,67.8921586309151,,,4.2325423635736925,,,39709262.0,17.497095018195374,2472.99084035833,7.813183563656219,1.67789830787579,7.96556090304834,15.04,15.3871357665009,33.9011117949444,2.58851936306874,788000.0,13.577254637874743,-11.0,,,,,,-1.3845846360745142,-2.2750206730094447,2.43950747934181,,
COL,Colombia,2002,2,44.9274508,43.2981391,24.1999829,70.3960948977152,4.268243174540494,70.1095871523678,67.8921586309151,,4.26422216811803,4.2325423635736925,,40324680.0,17.51247424642019,2428.92969771584,7.795205985691528,2.50398046659659,6.35150728778872,14.481,14.8155696775272,32.9826392144235,2.17844751407948,661000.0,13.401510631691982,-10.0,-0.5476186024877611,0.5378584207504671,-3.1633637835207606,-1.0577079884193517,-1.6384260238309287,,,2.58851936306874,-27.770297764038222,181.98027272986158
COL,Colombia,2003,3,45.6596316,44.3916475,25.0167043,57.4608630160922,4.068357522079989,70.3960948977152,70.1095871523678,67.8921586309151,4.268243174540494,4.26422216811803,4.2325423635736925,40937429.0,17.527555337007097,2311.94218760291,7.745843224117566,3.91827190322513,7.1297886294186,13.221,16.5752997117627,36.51618351723,1.81783931129221,668000.0,13.41204494952365,-9.0,-0.4646611155517384,0.6434254475434479,-3.093100586751196,-0.971445418253162,-1.488452185715686,-1.0577079884193517,-1.6384260238309287,2.17844751407948,-27.834927827347855,182.63569733711088
COL,Colombia,2004,4,49.5012851,46.5663476,31.037227,48.6481875848116,3.90496188599432,57.4608630160922,70.3960948977152,70.1095871523678,4.068357522079989,4.268243174540494,4.26422216811803,41543171.0,17.54224370956042,2818.57195413044,7.943985636424234,5.33302206759905,5.90402005546502,13.717,16.7707514248023,35.8634269337995,2.66083488771203,840000.0,13.64115836129498,-8.0,-0.0293944163444141,0.8533704499992121,-2.575150192497127,-0.5837247196141097,-0.8276680388440747,-0.971445418253162,-1.488452185715686,1.81783931129221,-27.78370028807069,183.1596081122935
COL,Colombia,2005,5,49.0780292,46.0328794,30.8758996,42.9894132012747,3.7839489959053183,48.6481875848116,57.4608630160922,70.3960948977152,3.90496188599432,4.068357522079989,4.268243174540494,42128977.0,17.55624635167605,3456.06610874512,8.14788625842882,4.82876110773741,5.05101962689696,11.062,16.9710437391629,37.422697494955,7.02979401438219,981000.0,13.796328757914972,-7.0,-0.0773501204476141,0.8018695637119156,-2.589029318047801,-0.6215032915944999,-0.8951601344129437,-0.5837247196141097,-0.8276680388440747,2.66083488771203,-27.74995604751623,183.89836686988897
COL,Colombia,2006,6,49.2299508,43.9298386,33.9730592,40.9429758324124,3.736310977472892,42.9894132012747,48.6481875848116,57.4608630160922,3.7839489959053183,3.90496188599432,4.068357522079989,42691084.0,17.569500650775314,3789.85361217027,8.240082672573331,6.71686869844402,4.29342363628927,11.088,17.7285877506525,39.6413559606293,4.17238510059526,2096000.0,14.555541801522192,-6.0,-0.0601371122025204,0.5988425321131345,-2.322578194810981,-0.5946242583001223,-0.8680135882875352,-0.6215032915944999,-0.8951601344129437,7.02979401438219,-27.74145540717219,184.21738645740606
COL,Colombia,2007,7,50.942736,42.7079909,37.4967793,39.7776140409658,3.708133255366127,40.9429758324124,42.9894132012747,48.6481875848116,3.736310977472892,3.7839489959053183,3.90496188599432,43235374.0,17.582169560738237,4769.926147194,8.470086100993974,6.73819469090975,5.54438485815156,11.204,16.4331421263646,37.0988970982903,4.30867680626701,2381000.0,14.683031545460512,-5.0,0.1339247313383289,0.4808856614728705,-2.019429729805445,-0.4682064456647485,-0.6609500751283947,-0.5946242583001223,-0.8680135882875352,4.17238510059526,-27.684802107381355,184.27782739699606
COL,Colombia,2008,8,51.518047,43.425613,36.9281645,36.8840024517578,3.6345289240813536,39.7776140409658,40.9429758324124,42.9894132012747,3.708133255366127,3.736310977472892,3.7839489959053183,43758808.0,17.59420347621888,5541.83629665898,8.620081186310896,3.28344618616541,6.99688495554511,11.273,18.1095951350739,39.167649416435495,4.35627834630067,2545000.0,14.749641600893993,-4.0,0.1991085694923081,0.5501647190987061,-2.068348116881487,-0.4396916094301575,-0.6041334944654126,-0.4682064456647485,-0.6609500751283947,4.30867680626701,-27.67971313139172,184.62934992793322
COL,Colombia,2009,9,50.5062255,42.233716,38.0455411,35.7272410703666,3.603518743216944,36.8840024517578,39.7776140409658,40.9429758324124,3.6345289240813536,3.708133255366127,3.736310977472892,44271541.0,17.60585261322832,5250.97292433518,8.566168657337226,1.13964864548062,4.20251661216482,12.066,16.4244956875755,35.156128507458504,3.45627065154005,2649000.0,14.78969314575508,-3.0,0.0844672556694958,0.4350992815277891,-1.9722193122346297,-0.484217591679115,-0.6949392539342081,-0.4396916094301575,-0.6041334944654126,4.35627834630067,-27.68136402604847,184.43372050680316
COL,Colombia,2010,10,52.242414,40.4961933,42.0439092,34.5241750628259,3.570213452399708,35.7272410703666,36.8840024517578,39.7776140409658,3.603518743216944,3.6345289240813536,3.708133255366127,44777319.0,17.617212296864682,6398.2958447102,8.763786959626445,4.49465897070922,2.27200227892008,11.153,16.3408447597691,34.264603168768105,2.24433595561184,1701000.0,14.346727459267305,-2.0,0.2811807379230917,0.2673592756674658,-1.6282364992858651,-0.3598988285651026,-0.4946754873755134,-0.484217591679115,-0.6949392539342081,3.45627065154005,-27.64127650007459,184.95831273018237
COL,Colombia,2011,11,52.1375084,43.9491266,45.2566674,35.6322084408409,3.600927865468571,34.5241750628259,35.7272410703666,36.8840024517578,3.570213452399708,3.603518743216944,3.6345289240813536,45259614.0,17.62792566963131,7400.9940695669,8.90936960389555,6.94789198173555,3.4150334477625,10.288,19.2765050733171,39.4704235545367,4.37269536127322,2356000.0,14.67247624820174,-1.0,0.2692947325245408,0.6007045907976251,-1.3518403358210238,-0.1606136708329526,-0.1656329629691946,-0.3598988285651026,-0.4946754873755134,2.24433595561184,-27.650558767024386,185.79641362853164
COL,Colombia,2012,12,51.228686,39.8127477,42.3233813,35.9613009153726,3.609871444080799,35.6322084408409,34.5241750628259,35.7272410703666,3.600927865468571,3.570213452399708,3.603518743216944,45715810.0,17.637954747896842,8108.59838244229,9.00068030633393,3.91263576716115,3.16930188840055,9.959,18.8112052836654,38.8351510186689,4.05728041313345,2434000.0,14.70504696337587,0.0,0.1663234139988909,0.2013796087835672,-1.6041932904830791,-0.4121634225668737,-0.5934635809995357,-0.1606136708329526,-0.1656329629691946,4.37269536127322,-27.64100127080786,185.72814049212064
COL,Colombia,2013,13,50.5839313,39.1534778,42.7518466,33.4159707994424,3.5385207240662275,35.9613009153726,35.6322084408409,34.5241750628259,3.609871444080799,3.600927865468571,3.570213452399708,46151584.0,17.647441841184357,8279.10255642981,9.021489854600407,5.13399351995672,2.01699224310383,9.246,18.0864397214368,37.9866487978456,4.24252457969381,2595000.0,14.769097459938507,1.0,0.0932714716341231,0.1377338579168098,-1.567332077243374,-0.4454422492308136,-0.6580565398940481,-0.4121634225668737,-0.5934635809995357,4.05728041313345,-27.64576853474624,185.88798952205013
COL,Colombia,2014,14,52.0987692,40.5609499,47.7700428,28.654305199833,3.3896073155720416,33.4159707994424,35.9613009153726,35.6322084408409,3.5385207240662275,3.609871444080799,3.600927865468571,46565429.0,17.65636895682362,8187.20824890084,9.010328245586576,4.49903000110972,2.89883787761738,8.799,16.6347491096509,37.48746564111031,4.24107256687862,2866000.0,14.868428236288546,2.0,0.2649055069699891,0.2736108615969583,-1.1356126353028482,-0.1990320889119669,-0.2505312375178125,-0.4454422492308136,-0.6580565398940481,4.24252457969381,-27.649187946073095,186.03184336762797
COL,Colombia,2015,15,52.5361218,41.6516464,48.5332728,27.2152782480106,3.33986361307762,28.654305199833,33.4159707994424,35.9613009153726,3.3896073155720416,3.5385207240662275,3.609871444080799,46969940.0,17.66501838059125,6248.51490534512,8.740099099350715,2.95590137527523,4.9898311584953,8.572,15.6502115094968,38.3607641184453,3.95939854860993,3371000.0,15.030720290864032,3.0,0.3144583941816389,0.3789064282688839,-1.0699513465568506,-0.1255288413687759,-0.1240742885803525,-0.1990320889119669,-0.2505312375178125,4.24107256687862,-27.725077022536677,185.91751064392093
COL,Colombia,2016,16,53.4704434,40.6082158,49.9440415,26.1438669043183,3.301151124151248,27.2152782480106,28.654305199833,33.4159707994424,3.33986361307762,3.3896073155720416,3.5385207240662275,47437512.0,17.67492386608452,5959.84250367574,8.692799334152472,2.08738250162794,7.51346024627675,8.922,14.7171392781975,36.202652984202,4.90164572903473,3675000.0,15.11706396273788,4.0,0.4203188209041707,0.2781738997333778,-0.9485817843481908,-0.0833630212368807,-0.054892047312335,-0.1255288413687759,-0.1240742885803525,3.95939854860993,-27.747106788032458,185.74262077917592
COL,Colombia,2017,17,53.1095575,39.7795999,51.5596918,25.5510587151196,3.2790696231686014,26.1438669043183,27.2152782480106,28.654305199833,3.301151124151248,3.33986361307762,3.3896073155720416,48131078.0,17.689438638701436,6479.53231292429,8.77640361281022,1.35936086788746,4.31431325695011,9.086,15.1452897484005,35.2829149424588,4.3931823276543,4056000.0,15.21570807080145,5.0,0.3794297572539835,0.1981795284817345,-0.8095860938474795,-0.0773256027039204,-0.0568772233428308,-0.0833630212368807,-0.054892047312335,4.90164572903473,-27.73968839711031,186.08531967394495
COL,Colombia,2018,18,52.0339144,41.6339601,53.5621824,23.8207594532571,3.2116803777473835,25.5510587151196,26.1438669043183,27.2152782480106,3.2790696231686014,3.301151124151248,3.33986361307762,49024465.0,17.707830017187547,6816.96818309544,8.827170104063562,2.56432428277704,3.24056932930569,9.36,15.8997196775431,36.5347527968973,3.38083573220188,4397000.0,15.296433275590712,6.0,0.2575573339180075,0.3771989973008474,-0.6373102222258904,-0.0008512970023451,0.0593084536315292,-0.0773256027039204,-0.0568772233428308,4.3931823276543,-27.757447006504528,186.45188489425928
COL,Colombia,2019,19,51.3858014,42.5515607,49.7099758,23.3990612924966,3.194544659940113,23.8207594532571,25.5510587151196,26.1438669043183,3.2116803777473835,3.2790696231686014,3.301151124151248,49907985.0,17.725691567959988,6472.54544924705,8.77532473350093,3.18685539245533,3.52301932741447,10.28,15.8680386541241,37.558533980839,4.33058240931506,4531000.0,15.326453444351085,7.0,0.1841248897313161,0.4657839291819883,-0.9687186441587772,-0.1062699417484908,-0.1035047635053539,-0.0008512970023451,0.0593084536315292,3.38083573220188,-27.79234829535777,186.34389839375478
COL,Colombia,2020,20,51.2088287,42.8684473,53.6015733,22.6427030734102,3.1630545292080723,23.3990612924966,23.8207594532571,25.5510587151196,3.194544659940113,3.2116803777473835,3.2790696231686014,50629997.0,17.740054784692685,5339.68711357943,8.582922337274953,-7.18591413760859,2.52663500084706,15.983,13.5222755593302,34.0555709680101,2.7588942895314,1396000.0,14.149122278636575,8.0,0.1640735438775559,0.4963760821023832,-0.6339213915210377,0.0088427448196338,0.0722425654360713,-0.1062699417484908,-0.1035047635053539,4.33058240931506,-27.815341001104386,185.1811162593059
COL,Colombia,2021,21,50.7518116,42.5969406,47.9510464,25.5801274097033,3.280163846716173,22.6427030734102,23.3990612924966,23.8207594532571,3.1630545292080723,3.194544659940113,3.2116803777473835,51188173.0,17.751019067232278,6222.62164397614,8.735946583102677,10.8011981904878,3.49505757399448,13.898,16.1970059548864,40.0591463936128,3.00175693787234,,,9.0,0.1122926311538287,0.4701648933512282,-1.1200407504926793,-0.1791944086625407,-0.2231336446296688,0.0088427448196338,0.0722425654360713,2.7588942895314,-27.82650141450854,185.90117400671534
COL,Colombia,2022,22,50.1475937,42.8342303,51.2663646,24.9488076386337,3.2561256601413504,25.5801274097033,22.6427030734102,23.3990612924966,3.280163846716173,3.1630545292080723,3.194544659940113,51737944.0,17.76170199678534,6680.44506854481,8.806939891338876,7.32827729427979,10.1772313546166,10.541,20.3883679938331,48.2826551123359,4.97124137726565,,,10.0,0.043833585866433,0.4930727815005998,-0.8348212680102548,-0.0993049668810739,-0.1075867081333854,-0.1791944086625407,-0.2231336446296688,3.00175693787234,-27.908085217768566,187.02273823395888
COL,Colombia,2023,23,49.2170521,42.0850276,51.957149,24.9134420347488,3.254761831553529,24.9488076386337,25.5801274097033,22.6427030734102,3.2561256601413504,3.280163846716173,3.1630545292080723,52321152.0,17.77291128321944,7012.49169137756,8.855448364999955,0.841819555752039,11.7359044948689,9.591,17.8077746975806,40.133316532258,4.57716748279263,,,11.0,-0.0615985596165222,0.4207449406680335,-0.7753925323085259,-0.1387487170856715,-0.1861664014245105,-0.0993049668810739,-0.1075867081333854,4.97124137726565,-27.89624946048534,186.88321737656037
COL,Colombia,2024,24,49.2940147,42.3503719,50.9539061,,,24.9134420347488,24.9488076386337,25.5801274097033,3.254761831553529,3.2561256601413504,3.280163846716173,52886363.0,17.783656075315644,7951.08624019412,8.981063832301487,1.49330728771066,6.60908593728228,9.619,16.0804545104347,36.317993878537294,3.25416050189283,,,12.0,-0.0528785496352955,0.4463612128681053,-0.861702323248704,-0.156073220005298,-0.2095553575973751,-0.1387487170856715,-0.1861664014245105,4.57716748279263,-27.849220179273253,186.99299070772568
CRI,Costa Rica,2000,0,66.8114468,68.7675874,77.992751,6.3234257019066,1.9910782105628315,,,,,,,3937739.0,15.18611725868665,3812.75386183689,8.246107005410186,3.80207210664838,10.9615496593622,5.08,42.9303224591994,86.524923382617,4.81846452551762,1278000.0,14.060807696391924,-12.0,1.9318800572394337,2.9966725744309923,1.46447117928283,2.131007936984419,3.721357694711385,,,,,166.09591163105142
CRI,Costa Rica,2001,1,,,,6.41066095411089,2.0029196329159427,6.3234257019066,,,1.9910782105628315,,,4008947.0,15.204039171282828,3985.12987980056,8.290325182863983,3.49117013515725,11.2556157091172,6.051,40.5085719500705,80.8527575070405,3.89233614145036,1320000.0,14.093143052138023,-11.0,,,,,,2.131007936984419,3.721357694711385,4.81846452551762,,
CRI,Costa Rica,2002,2,68.8175509,57.2729975,82.0687129,6.33019318130238,1.992001870435639,6.41066095411089,6.3234257019066,,2.0029196329159427,1.9910782105628315,,4075705.0,15.220554295828236,4067.71854177094,8.3108375664196,3.41687615891895,9.16752048509119,6.396,39.2245350275681,80.41394367541321,4.3620269108637,1335000.0,14.104442598879876,-10.0,2.159175493923997,1.8869877471835483,1.8151294490489351,1.95376423005216,3.3908261796937165,,,3.89233614145036,-23.852490575951258,165.64897363086894
CRI,Costa Rica,2003,3,68.2319018,57.7467076,76.6677399,7.24850496564873,2.1100319676399324,6.33019318130238,6.41066095411089,6.3234257019066,1.992001870435639,2.0029196329159427,1.9910782105628315,4138784.0,15.235912582850624,4173.14853766977,8.33642607489451,4.31718000096654,9.44758091616984,6.654,40.6717129761414,83.3277075502937,4.48353973161802,1514000.0,14.230266373481294,-9.0,2.09282032924016,1.9327196014782253,1.35047941215005,1.7920064476228117,3.139476987506866,1.95376423005216,3.3908261796937165,4.3620269108637,-23.883226973767435,165.818317604615
CRI,Costa Rica,2004,4,68.045255,55.6774117,78.2044822,6.66654365306355,2.036865881879733,7.24850496564873,6.33019318130238,6.41066095411089,2.1100319676399324,1.992001870435639,2.0029196329159427,4200078.0,15.25061365450972,4431.01172024063,8.396383216251426,4.42459978667458,12.3148150178852,6.445,42.2076544521738,85.25647750397539,5.82312653403309,1771000.0,14.38705548141755,-8.0,2.071672889328254,1.732950294065584,1.4826865841538868,1.762436589182575,3.0760838941195865,1.7920064476228117,3.139476987506866,4.48353973161802,-23.923725806825324,166.09420195437087
CRI,Costa Rica,2005,5,69.1984737,55.7893153,80.3342047,7.86156142343543,2.181722981983187,6.66654365306355,7.24850496564873,6.33019318130238,2.036865881879733,2.1100319676399324,1.992001870435639,4261240.0,15.26507075570225,4703.00720463794,8.45595741386774,3.97666631433462,13.7982949108987,6.749,43.464522824224,89.2226646399546,7.62843541650427,1959000.0,14.48794520739107,-7.0,2.2023347767194936,1.7437534395553038,1.6659083181283738,1.870665511467724,3.2578793346579764,1.762436589182575,3.0760838941195865,5.82312653403309,-23.93943369786322,166.40587691986659
CRI,Costa Rica,2006,6,67.607151,56.0364084,81.1039252,8.12248146668412,2.2107418577214824,7.86156142343543,6.66654365306355,7.24850496564873,2.181722981983187,2.036865881879733,2.1100319676399324,4321340.0,15.279076097308,5256.59641275583,8.567239026473445,7.3266951372695,11.4705968149052,5.926,43.3140350907406,89.814554322106,7.92850432469026,2071000.0,14.543542623236126,-6.0,2.0220348670574992,1.767607745482959,1.732127989792504,1.840590200777654,3.19216631931876,1.870665511467724,3.2578793346579764,7.62843541650427,-23.940325446768906,166.79186140607936
CRI,Costa Rica,2007,7,67.5715986,57.2387704,80.0309457,8.42418151029137,2.24327888715365,8.12248146668412,7.86156142343543,6.66654365306355,2.2107418577214824,2.181722981983187,2.036865881879733,4380248.0,15.292615901754289,6137.71199435022,8.722207312337249,8.21513209207497,9.35724456417157,4.557,40.5821371736585,86.4565956113537,8.33742598522417,2302000.0,14.649289302668736,-5.0,2.0180067120464087,1.8836834715302968,1.6398187032497369,1.8471696289421475,3.2108527145705352,1.840590200777654,3.19216631931876,7.92850432469026,-23.89794232603299,166.9595097430234
CRI,Costa Rica,2008,8,67.9848442,57.8673111,75.860945,11.5313873891892,2.528236488172563,8.42418151029137,8.12248146668412,7.86156142343543,2.24327888715365,2.2107418577214824,2.181722981983187,4440056.0,15.306177546941482,6937.24261660254,8.844659657056912,4.73817511214847,13.4244635507284,4.934,38.8064601026245,86.40151249048469,7.90900698205041,2409000.0,14.694722696706926,-4.0,2.064828229987563,1.9443626331328767,1.2810702001330982,1.7634203544178462,3.093383186402363,1.8471696289421475,3.2108527145705352,8.33742598522417,-23.88113182748592,166.58800324250336
CRI,Costa Rica,2009,9,69.3791803,60.4991182,78.2401198,11.6672085436857,2.5390166499079085,11.5313873891892,8.42418151029137,8.12248146668412,2.528236488172563,2.24327888715365,2.2107418577214824,4499791.0,15.319541509217528,6832.69828187486,8.829474937779947,-0.87345608994562,7.84270167700654,7.824,34.6323048229081,69.75931728973319,5.2515106858073,2309000.0,14.652325521424457,-3.0,2.2228091805945387,2.1984366307717225,1.4857525154508937,1.9689994422723849,3.446219226325456,1.7634203544178462,3.093383186402363,7.90900698205041,-23.862682271359645,166.015583943679
CRI,Costa Rica,2010,10,69.627159,62.1403057,79.5011207,11.5672606575735,2.5310950718497125,11.6672085436857,11.5313873891892,8.42418151029137,2.5390166499079085,2.528236488172563,2.24327888715365,4555962.0,15.331947262864734,8265.78820580299,9.019880372411336,5.36034347722267,5.66275708420021,7.171,32.8294112720049,67.5120894036892,5.06371170026852,2495000.0,14.72979968796928,-2.0,2.250905642241256,2.356876460575321,1.594237433763673,2.06733984552675,3.612196246266353,1.9689994422723849,3.446219226325456,5.2515106858073,-23.811740736144422,166.25462766116271
CRI,Costa Rica,2011,11,66.4434145,61.307371,76.3597742,10.282368146525,2.42324116610298,11.5672606575735,11.6672085436857,11.5313873891892,2.5310950718497125,2.5390166499079085,2.528236488172563,4609833.0,15.34370218872014,9276.39109377477,9.135227859385596,4.40315921836142,4.87799830970702,9.518,32.4724707460503,68.63914590501119,6.39172538358965,2526000.0,14.742147977775314,-1.0,1.8901812927822337,2.276465153454404,1.3239848760972703,1.830210440777969,3.2004747629672137,2.06733984552675,3.612196246266353,5.06371170026852,-23.780971124839922,165.76009131025896
CRI,Costa Rica,2012,12,66.216038,61.5600476,77.0292845,8.72653951862736,2.274858182232867,10.282368146525,11.5672606575735,11.6672085436857,2.42324116610298,2.5310950718497125,2.5390166499079085,4663934.0,15.355369855968943,10126.9991155066,9.22296031599216,4.88259252932575,4.49545314354605,9.11,31.6513172644756,67.0485391393947,5.70866124116913,2542000.0,14.74846212412249,0.0,1.8644190998535075,2.3008584890722723,1.3815833839215426,1.848953657615774,3.2279129820242463,1.830210440777969,3.2004747629672137,6.39172538358965,-23.76059427938955,165.90519874039103
CRI,Costa Rica,2013,13,66.3758491,61.4136608,77.2472696,8.71474107995362,2.2736444308997323,8.72653951862736,10.282368146525,11.5672606575735,2.274858182232867,2.42324116610298,2.5310950718497125,4716147.0,15.36650271063707,10803.2401795009,9.287601384736778,2.49476596233289,5.23133614174428,8.218,30.5916494074101,64.0664108162845,6.29127736182893,2641000.0,14.78666856992365,1.0,1.882526003558824,2.2867263440995056,1.4003368168230594,1.856529721493796,3.2405452388309817,1.848953657615774,3.2279129820242463,5.70866124116913,-23.745698001462983,166.03970480702293
CRI,Costa Rica,2014,14,67.4949886,63.8221832,77.6374637,10.0060434824472,2.398444529424529,8.71474107995362,8.72653951862736,10.282368146525,2.2736444308997323,2.274858182232867,2.42324116610298,4767119.0,15.377252697164666,10911.4978703456,9.297572362743816,3.54210997703849,4.51920098516954,8.499,31.362915449766,65.19124221810111,6.23293662665086,2760000.0,14.830741600012107,2.0,2.009326652320493,2.5192444927779194,1.4339055280465238,1.9874922243816453,3.474015756995485,1.856529721493796,3.2405452388309817,6.29127736182893,-23.764816776084743,166.3454726357513
CRI,Costa Rica,2015,15,67.2843551,63.6152798,78.8142788,11.5607212354156,2.5305745825932826,10.0060434824472,8.71474107995362,8.72653951862736,2.398444529424529,2.2736444308997323,2.274858182232867,4818038.0,15.38787734921593,11714.7106121672,9.368600648303644,3.65208093006359,0.801982005099623,8.415,29.9956579824958,60.7535621474841,5.23639457041545,2899000.0,14.879876752850269,3.0,1.9854614733584948,2.49927009041269,1.5351478744974625,2.006626479422882,3.4987910859422287,1.9874922243816453,3.474015756995485,6.23293662665086,-23.750873070024095,166.4783068612286
CRI,Costa Rica,2016,16,67.2259513,64.2782593,78.3766211,11.8759050112518,2.555357736215486,11.5607212354156,10.0060434824472,8.71474107995362,2.5305745825932826,2.398444529424529,2.2736444308997323,4866998.0,15.397987877884749,12091.0301560892,9.400219147265023,4.20432320775184,-0.0174788505908217,8.085,31.2600961080703,62.178478293067,4.45296211937019,3204000.0,14.9799108992802,4.0,1.9788442109616744,2.5632739651334484,1.4974958317166371,2.013204669270587,3.5130708442478094,2.006626479422882,3.4987910859422287,5.23639457041545,-23.78119131699125,166.86662204067292
CRI,Costa Rica,2017,17,67.4164655,59.8867107,78.7192203,12.2731177810203,2.585740770334845,11.8759050112518,11.5607212354156,10.0060434824472,2.555357736215486,2.5305745825932826,2.398444529424529,4913177.0,15.407431337369328,12317.0902779911,9.418743030458431,4.15769914676933,1.62590692991732,7.729,32.7626831133763,65.0719536997344,4.83327522044665,3231000.0,14.988302554308287,5.0,2.000429834700547,2.1393149642525424,1.5269699155384844,1.8889049048305244,3.2925571475532656,2.013204669270587,3.5130708442478094,4.45296211937019,-23.81410882615295,167.06956255544569
CRI,Costa Rica,2018,18,66.9557639,61.1658072,76.9351248,11.7995456872358,2.5494096771109707,12.2731177810203,11.8759050112518,11.5607212354156,2.585740770334845,2.555357736215486,2.5305745825932826,4957818.0,15.416476282553363,12620.0207321581,9.443039778895606,2.85285959760458,2.22111461526581,9.01,33.6589195458941,66.78741378877251,4.81804579792257,3313000.0,15.01336498312322,6.0,1.9482314610701463,2.262798619692508,1.3734827494470896,1.8615042767365813,3.254156229062298,1.8889049048305244,3.2925571475532656,4.83327522044665,-23.82833133340445,167.00558928369102
CRI,Costa Rica,2019,19,68.1874547,62.6655197,76.7980943,11.2610056078008,2.506423950619104,11.7995456872358,12.2731177810203,11.8759050112518,2.5494096771109707,2.585740770334845,2.555357736215486,4999553.0,15.424859066401956,12951.8588421841,9.468994596763809,2.70813912948329,2.09604635327807,10.807,34.1472985859666,65.4194732486775,4.19904890207774,3366000.0,15.029235950821375,7.0,2.0877843876836564,2.4075804884639487,1.3616939056811106,1.9523529272762383,3.4210169106143,1.8615042767365813,3.254156229062298,4.81804579792257,-23.827164809776107,166.9117525139853
CRI,Costa Rica,2020,20,68.7392865,63.2960634,82.0305766,11.3222838436969,2.5114093178486447,11.2610056078008,11.7995456872358,12.2731177810203,2.506423950619104,2.5494096771109707,2.585740770334845,5034320.0,15.431789020396428,12475.6852076814,9.431536845578764,-4.14159340574358,0.724911478131376,16.432,31.6977144131717,59.7463550719484,3.34838047556023,1146500.0,13.952225253499517,8.0,2.1503079875095223,2.4684530191843765,1.8118485525878376,2.1435365197605787,3.725213051959297,1.9523529272762383,3.4210169106143,4.19904890207774,-23.790376097459177,165.80128577030573
CRI,Costa Rica,2021,21,68.2686719,59.995998,83.5034419,11.6205820666553,2.5353289786053423,11.3222838436969,11.2610056078008,11.7995456872358,2.5114093178486447,2.506423950619104,2.5494096771109707,5059988.0,15.436874669719334,12962.2716075659,9.469798232908374,8.21817953969082,1.72647755109241,15.139,35.8298587276824,70.10369330590899,5.47775634815964,,,9.0,2.0969864519934283,2.149865532796169,1.9385603350744536,2.0618041066213504,3.568971298235933,2.1435365197605787,3.725213051959297,3.34838047556023,-23.836501679578927,166.56108235512028
CRI,Costa Rica,2022,22,69.195918,59.4934123,85.7815847,12.908902016219,2.632529067968574,11.6205820666553,11.3222838436969,11.2610056078008,2.5353289786053423,2.5114093178486447,2.506423950619104,5081765.0,15.44116920015592,13971.7649991294,9.544793786369972,5.46119455235068,8.27477490232654,11.325,40.5888104743828,79.0523903153884,7.34017474268191,,,10.0,2.202045211014737,2.101346035316618,2.134550786439593,2.145980677590316,3.706303224896621,2.0618041066213504,3.568971298235933,5.47775634815964,-23.905888340647618,167.7897712195563
CRI,Costa Rica,2023,23,68.5784998,61.8899064,86.7219213,17.7454798727379,2.9309526498995653,12.908902016219,11.6205820666553,11.3222838436969,2.632529067968574,2.5353289786053423,2.5114093178486447,5105525.0,15.445833844645792,17140.771430122,9.749215198730674,4.79187732359398,0.525193508693455,8.325,38.0957487081207,71.43803103405361,6.05567371313475,,,11.0,2.1320905464557054,2.332702974928532,2.2154486979617163,2.226747406448651,3.8393968160900047,2.145980677590316,3.706303224896621,7.34017474268191,-23.836089254862788,168.5154323484062
CRI,Costa Rica,2024,24,68.2626888,61.8341927,87.7441552,,,17.7454798727379,12.908902016219,11.6205820666553,2.9309526498995653,2.632529067968574,2.5353289786053423,5129910.0,15.450598673133408,18853.2828705886,9.844442335303391,4.08292444182048,-0.412853001047069,6.936,37.5298397915012,69.853378639451,5.58692738273204,,,12.0,2.0963085553044047,2.3273243882979804,2.3033922998560947,2.242341747819493,3.858482642093347,2.226747406448651,3.8393968160900047,6.05567371313475,-23.84112743048461,168.83036164852572
DOM,República Dominicana,2000,0,46.5379685,37.0568051,63.1911314,14.0956805476114,2.714408646449352,,,,,,,8584190.0,15.965432697250884,2831.45883638033,7.948547347705056,4.65172550299128,7.72413566181616,6.432,35.4978251417642,79.3003930961433,4.0689908919589,3161000.0,14.966399307553289,-12.0,-0.3651438625628902,-0.0646783989044562,0.1910759793247359,-0.0795820940475368,-0.1704750158391253,,,,,171.0940281615591
DOM,República Dominicana,2001,1,,,,12.5569312052756,2.606897944604448,14.0956805476114,,,2.714408646449352,,,8720283.0,15.981162249486978,2935.89367312668,7.984767174203522,2.46937023763239,8.88306848812961,7.262,31.8906200886267,70.5105678080061,4.24930666375932,3090000.0,14.94368197249847,-11.0,,,,,,-0.0795820940475368,-0.1704750158391253,4.0689908919589,,
DOM,República Dominicana,2002,2,46.9022323,36.0654554,62.6458024,14.4483285859447,2.7375008153521434,12.5569312052756,14.0956805476114,,2.606897944604448,2.714408646449352,,8852235.0,15.996180527473536,3065.60329524196,8.027999662685266,4.48650367045651,5.22336769759447,6.779,30.724010155589,68.7232829028777,3.41225986375611,3058000.0,14.93327199248221,-10.0,-0.3238720763732408,-0.1603830504106667,0.1441608882898366,-0.1133647461646903,-0.2246172128649937,,,4.24930666375932,-25.197723127406256,170.79871668647533
DOM,República Dominicana,2003,3,45.1591759,30.6631742,55.4026376,21.1789386478885,3.099143129013921,14.4483285859447,12.5569312052756,14.0956805476114,2.7375008153521434,2.606897944604448,2.714408646449352,8980620.0,16.01057948021133,2383.26171780393,7.776225298094603,-1.34935744782766,27.4497127394395,6.938,42.1529981602708,84.4495031861592,2.88055489904245,3680000.0,15.118423581884208,-9.0,-0.5213637048504581,-0.681917923104482,-0.4789743859625455,-0.5607520046391619,-0.9724170629497833,-0.1133647461646903,-0.2246172128649937,3.41225986375611,-25.467640596027522,171.09624086361856
DOM,República Dominicana,2004,4,48.1919429,33.4875527,57.7333991,24.5911758206467,3.2422475975587224,21.1789386478885,14.4483285859447,12.5569312052756,3.099143129013921,2.7375008153521434,2.606897944604448,9104892.0,16.024322409459,2451.69161616569,7.804533520861816,2.58556667449577,51.4608598338065,6.303,41.1474766418853,81.35142293819109,4.18629057899448,3907000.0,15.178280629988032,-8.0,-0.1777453952983605,-0.4092531307873677,-0.2784571056544412,-0.2884852105800565,-0.493990498459981,-0.5607520046391619,-0.9724170629497833,2.88055489904245,-25.569106368122597,170.45897145072124
DOM,República Dominicana,2005,5,49.6626369,30.8303396,58.7752899,25.9511238657765,3.294024998369607,24.5911758206467,21.1789386478885,14.4483285859447,3.2422475975587224,3.099143129013921,2.7375008153521434,9225034.0,16.03743143352093,3878.31206735244,8.263155303774978,9.43178931977285,4.19020260472056,6.587,28.3311381514539,61.6535587358027,3.12598170087694,3981000.0,15.19704385317559,-7.0,-0.0111129483782993,-0.6657798172969187,-0.1888224048950395,-0.2885717235234192,-0.4942620180877897,-0.2884852105800565,-0.493990498459981,4.18629057899448,-25.22894484343679,170.90823670372586
DOM,República Dominicana,2006,6,51.2807475,34.766857,63.1209164,22.9521262431175,3.176057098334621,25.9511238657765,24.5911758206467,21.1789386478885,3.294024998369607,3.2422475975587224,3.099143129013921,9341183.0,16.049943461713294,4055.14270347371,8.30774115790901,9.17120650955299,7.57280523853074,5.654,28.2249162691947,63.7664826351505,4.0356569620282,4268000.0,15.266656125705534,-6.0,0.1722220816587356,-0.2857494143874975,0.1850353265866353,0.0238359979526244,0.0346274949404015,-0.2885717235234192,-0.4942620180877897,3.12598170087694,-25.254406607575987,171.33243401586188
DOM,República Dominicana,2007,7,51.0807652,32.8648154,64.1749084,22.3252575336375,3.1495367877715976,22.9521262431175,25.9511238657765,24.5911758206467,3.176057098334621,3.294024998369607,3.2422475975587224,9455658.0,16.062123850461266,4649.64558875814,8.444546278205335,7.41840577774235,6.14356655248047,5.158,26.7620220119612,61.229259153164,5.12424998266344,4365000.0,15.289128976350888,-5.0,0.1495637040562562,-0.4693720336088633,0.2757111032830073,-0.0146990754231999,-0.0413657932611762,0.0238359979526244,0.0346274949404015,4.0356569620282,-25.211982537335423,171.4234178271482
DOM,República Dominicana,2008,8,49.6336723,32.9944638,65.2090209,25.0074949363479,3.258384763263208,22.3252575336375,22.9521262431175,25.9511238657765,3.1495367877715976,3.176057098334621,3.294024998369607,9573130.0,16.07447077369631,5023.58513403515,8.521899127914168,3.26808671288212,10.6446210953712,4.764,23.9483515015273,61.4285058325394,5.67335967834237,4455000.0,15.309537843353914,-4.0,-0.0143946930322253,-0.4568558095757721,0.3646766306579072,-0.0355246239833634,-0.0918837007067418,-0.0146990754231999,-0.0413657932611762,5.12424998266344,-25.196402821410224,171.06236337254444
DOM,República Dominicana,2009,9,48.8798661,33.47595,64.3335548,24.4964939070773,3.23854094887113,25.0074949363479,22.3252575336375,22.9521262431175,3.258384763263208,3.1495367877715976,3.176057098334621,9695265.0,16.087148179962483,4973.95186999952,8.51196994799959,1.00345293018719,1.44215131834353,5.467,21.0931826103163,50.6509376792025,3.51548540591409,4489000.0,15.317140740530808,-3.0,-0.0998023792059044,-0.4103732525365664,0.289359580254448,-0.0736053504960076,-0.1566355214294782,-0.0355246239833634,-0.0918837007067418,5.67335967834237,-25.175071561591558,171.02073219853185
DOM,República Dominicana,2010,10,47.9343824,32.6620149,64.1999798,25.1930337290323,3.265493487207641,24.4964939070773,25.0074949363479,22.3252575336375,3.23854094887113,3.258384763263208,3.1495367877715976,9820175.0,16.09994950094579,5478.62470398954,8.608609382019452,8.40114541209596,6.32993220146146,5.212,22.7751186165488,56.0573964175321,3.38320513554667,4478000.0,15.314687299454793,-2.0,-0.2069274932364462,-0.4889503430366916,0.2778680159235817,-0.1393366067831854,-0.2760453259769208,-0.0736053504960076,-0.1566355214294782,3.51548540591409,-25.197680425636722,171.2030760529287
DOM,República Dominicana,2011,11,48.7177497,33.7981599,64.2416013,25.2674003329003,3.268328639261243,25.1930337290323,24.4964939070773,25.0074949363479,3.265493487207641,3.23854094887113,3.258384763263208,9945621.0,16.112642911759615,5826.51014109195,8.670173496523594,3.19196227475523,5.79676809206533,6.087,24.3269602141381,59.0692578401697,3.79217588020774,4654000.0,15.35323783771328,-1.0,-0.1181704778164052,-0.3792671895687243,0.2814487469346031,-0.0719963068168421,-0.1539411045965351,-0.1393366067831854,-0.2760453259769208,3.38320513554667,-25.21256036243787,171.48006632172513
DOM,República Dominicana,2012,12,48.8053109,32.2596313,66.0132452,22.5214243986665,3.157911682364466,25.2674003329003,25.1930337290323,24.4964939070773,3.268328639261243,3.265493487207641,3.23854094887113,10070411.0,16.125112078161767,6013.81965002603,8.701815374742651,2.77567100848816,3.69449707884777,6.722,24.7666213993906,58.5062536731089,5.64036946601582,4901000.0,15.404950027931656,0.0,-0.1082496261564015,-0.5277963549029527,0.4338646918961287,-0.0673937630544085,-0.1573980988010282,-0.0719963068168421,-0.1539411045965351,3.79217588020774,-25.220249458377104,171.65149864308125
DOM,República Dominicana,2013,13,50.2567687,32.4842614,65.1487746,19.4038895577301,3.0157255472706,22.5214243986665,25.2674003329003,25.1930337290323,3.157911682364466,3.268328639261243,3.265493487207641,10193833.0,16.137293487562335,6136.59429329301,8.722025191892458,4.93473300709881,4.830950967408,7.351,25.3838177066263,56.8137658014945,2.55757225532805,5114000.0,15.4474926303749,1.0,0.0562033224618756,-0.506110621363814,0.3594935931722499,-0.0301379019098961,-0.079046456467727,-0.0673937630544085,-0.1573980988010282,5.64036946601582,-25.231588785001613,171.73423001839342
DOM,República Dominicana,2014,14,52.4781876,32.7943805,66.2497464,17.5463639644216,2.9202737571408,19.4038895577301,22.5214243986665,25.2674003329003,3.0157255472706,3.157911682364466,3.268328639261243,10315528.0,16.149160890768336,6496.45166971142,8.779011409860257,7.11122629673892,2.99864226125219,6.719,25.4069026925032,55.6601041506633,3.55938801753347,5576000.0,15.53398241076251,2.0,0.3078943383642113,-0.4761718011968036,0.454211079724143,0.0953112056305168,0.1450909997425695,-0.0301379019098961,-0.079046456467727,2.55757225532805,-25.222644748732648,172.17769724838877
DOM,República Dominicana,2015,15,50.85226,32.100597,67.4460467,,,17.5463639644216,19.4038895577301,22.5214243986665,2.9202737571408,3.0157255472706,3.157911682364466,10434829.0,16.160659711200566,6800.95309395474,8.824818042218277,6.98771131236387,0.836746346724557,7.605,24.0368347236543,52.3471238667007,3.13851060913817,6129000.0,15.62854232562661,3.0,0.1236736272558082,-0.5431494863549866,0.5571297535514596,0.0458846314840937,0.0422208901378341,0.0953112056305168,0.1450909997425695,3.55938801753347,-25.198326287011387,172.00764106420607
DOM,República Dominicana,2016,16,50.9238377,32.0314087,68.3866462,15.3154603364407,2.792113145181448,,17.5463639644216,19.4038895577301,,2.9202737571408,3.0157255472706,10551430.0,16.17177195372465,7160.44200982307,8.876326991264788,6.71974078681295,1.61416607245223,7.284,24.1938670386292,51.7306571245477,3.33024928523507,6769000.0,15.727864071223042,4.0,0.1317835177537023,-0.5498289074914505,0.6380502825713372,0.073334964277863,0.0845812478291382,0.0458846314840937,0.0422208901378341,3.13851060913817,,172.2113142131145
DOM,República Dominicana,2017,17,50.5257467,31.8975404,67.2042764,11.3998115468654,2.517681274662068,15.3154603364407,,17.5463639644216,2.792113145181448,,2.9202737571408,10666843.0,16.18265070320925,7412.71571571512,8.910952144496719,3.93386176401576,3.27955694678546,5.832,24.1797519638034,50.759535550847104,4.55025610026855,7296000.0,15.8028369477977,5.0,0.0866790450171207,-0.562752519612611,0.5363300608264535,0.0200855287436544,-0.0031561347166771,0.073334964277863,0.0845812478291382,3.33024928523507,-25.217597834260268,172.49136933868536
DOM,República Dominicana,2018,18,50.7755906,30.9229128,65.7974766,9.90534873528498,2.389253378535658,11.3998115468654,15.3154603364407,,2.517681274662068,2.792113145181448,,10782053.0,16.193393550581742,7882.98221584944,8.972461565044354,7.09751640210159,3.56443426013508,5.861,23.993089643769,52.3351709577012,3.22902365102652,7551000.0,15.837190695218345,6.0,0.1149868373961277,-0.656842823777059,0.4153019462664759,-0.0421846800381517,-0.1022238937184113,0.0200855287436544,-0.0031561347166771,4.55025610026855,-25.19485779422473,172.52770901639295
DOM,República Dominicana,2019,19,51.7576203,31.8595937,66.5750893,9.41799066618377,2.34353418339092,9.90534873528498,11.3998115468654,15.3154603364407,2.389253378535658,2.517681274662068,2.792113145181448,10894043.0,16.203726684044828,8183.01623600375,9.009816094639277,4.8940301149584,1.81060377042959,6.356,23.325332586795,50.912982200697,3.17366550445317,7550000.0,15.83705825367553,7.0,0.2262526832207338,-0.5664158845173571,0.4822005902234157,0.0473457963089307,0.0549514200643865,-0.0421846800381517,-0.1022238937184113,3.22902365102652,-25.17790667007111,172.61068541641552
DOM,República Dominicana,2020,20,53.1311846,33.8041609,69.4518509,8.72977662309348,2.275190938390036,9.41799066618377,9.90534873528498,11.3998115468654,2.34353418339092,2.389253378535658,2.517681274662068,11008300.0,16.214160091690886,7135.22273255899,8.872798746320544,-7.92905234231061,3.78103179915517,6.126,18.7972072415048,44.7331613466756,3.13265976088131,2748000.0,14.82638429622533,8.0,0.3818801491048949,-0.3786878545331778,0.7296906968374082,0.2442943304697084,0.3891118926822104,0.0473457963089307,0.0549514200643865,3.17366550445317,-25.19434540505624,172.18372860108826
DOM,República Dominicana,2021,21,53.9454493,37.0379972,71.4850078,10.5362752855436,2.4454964434291275,8.72977662309348,9.41799066618377,9.90534873528498,2.275190938390036,2.34353418339092,2.389253378535658,11123476.0,16.224568387868715,8527.0754858205,9.05100173126772,14.0124289062207,8.24300347981809,7.702,21.5282997986043,51.9500227303114,3.53154938314388,,,9.0,0.4741378991206221,-0.0664941088553076,0.9046048148317452,0.4374162016990198,0.7195983638232947,0.2442943304697084,0.3891118926822104,3.13265976088131,-25.185255511033205,172.40119094138618
DOM,República Dominicana,2022,22,54.5692147,39.4915989,74.0892959,12.3678475675698,2.5928523884430565,10.5362752855436,8.72977662309348,9.41799066618377,2.4454964434291275,2.275190938390036,2.34353418339092,11230734.0,16.234164685219852,10104.2464008585,9.22071105019958,5.23795652902595,8.81109209279587,5.504,22.0261866198241,54.3781976712844,3.56897046352612,,,10.0,0.5448117135960134,0.1703759841437071,1.1286538078114037,0.6146138351837079,1.0172563553349416,0.4374162016990198,0.7195983638232947,3.53154938314388,-25.185086047873902,173.15862190371948
DOM,República Dominicana,2023,23,54.6895584,39.5157241,73.6492482,10.9166976980638,2.4779405845018423,12.3678475675698,10.5362752855436,8.72977662309348,2.5928523884430565,2.4454964434291275,2.275190938390036,11331265.0,16.243076277257174,10630.431743829,9.271476086111296,2.19229848237939,4.78561281021135,5.555,21.3233165320401,49.8436131764418,3.94375586800192,,,11.0,0.5584468852921063,0.1727050249035092,1.0907961514146272,0.6073160205367475,1.0079360343448849,0.6146138351837079,1.0172563553349416,3.56897046352612,-25.18049973468247,173.3231456573532
DOM,República Dominicana,2024,24,55.8897387,42.7411629,76.5216624,,,10.9166976980638,12.3678475675698,10.5362752855436,2.4779405845018423,2.5928523884430565,2.4454964434291275,11427557.0,16.25153827714322,10875.6618443092,9.294282713351858,4.95352204492849,3.30223338951227,5.312,22.7679273981921,51.7835143952325,3.6013993607877,,,12.0,0.6944296119057002,0.4840880780366361,1.337912247721511,0.8388099792212825,1.4021998771535855,0.6073160205367475,1.0079360343448849,3.94375586800192,-25.189843106072868,173.91506651752883
GTM,Guatemala,2000,0,40.9669812,36.6410337,48.7789577,24.8256222306266,3.251367108834576,,,,,,,11697592.0,16.274893566619983,1648.96578971559,7.407903576265312,3.6088687174876,5.97757734737136,2.143,20.1950343956927,49.1455879049537,-4.08835554722306,826000.0,13.624351263156136,-12.0,-0.9963473933854704,-0.1048168656263899,-1.0488148776556916,-0.7166597122225173,-1.2221734634257713,,,,,172.385047225442
GTM,Guatemala,2001,1,,,,26.9854300399802,3.331684019028192,24.8256222306266,,,3.251367108834576,,,11969422.0,16.297865788983152,1537.68663578252,7.338034381440451,2.33257486608854,7.28587366610138,2.251,28.6635482851857,70.66903317694751,-5.088199966054,835000.0,13.635188201437066,-11.0,,,,,,-0.7166597122225173,-1.2221734634257713,-4.08835554722306,,
GTM,Guatemala,2002,2,41.7438102,31.8074442,47.5866806,29.6482816428349,3.422576596955279,26.9854300399802,24.8256222306266,,3.331684019028192,3.251367108834576,,12246915.0,16.32078462650412,1669.33517469705,7.420180727164561,3.83928708556792,8.13263054281054,2.254,26.7262767971618,67.1048115244644,-4.97449876130187,884000.0,13.69221347284086,-10.0,-0.9083311798777904,-0.5714503841734556,-1.1513874323617963,-0.8770563321376809,-1.49316997428374,,,-5.088199966054,-25.9689306697487,173.5091652540415
GTM,Guatemala,2003,3,41.0027099,31.5893679,48.9497859,33.8260706875462,3.5503662639899902,29.6482816428349,26.9854300399802,24.8256222306266,3.422576596955279,3.331684019028192,3.251367108834576,12525842.0,16.34330442822457,1722.54701910774,7.45155929952991,2.56037766801896,5.60347675434469,2.807,26.1810997164793,67.0023391862424,0.0903239703402523,880000.0,13.68767832281738,-9.0,-0.9922992632467246,-0.5925034155036348,-1.0341183906646678,-0.872973689805009,-1.4986836214367605,-0.8770563321376809,-1.49316997428374,-4.97449876130187,-25.99093722064359,173.68314932745292
GTM,Guatemala,2004,4,43.7568448,36.0072726,48.9448025,35.1905874431052,3.5887990696380303,33.8260706875462,29.6482816428349,26.9854300399802,3.5503662639899902,3.422576596955279,3.331684019028192,12807402.0,16.365533842999678,1840.91184884,7.518016297870501,3.13791683609193,7.57862247309729,2.971,27.4194097089723,70.2148723581872,1.36317570702825,1182000.0,13.982719322971512,-8.0,-0.6802505042697122,-0.1660000033362139,-1.0345471165616278,-0.6269325413891846,-1.051998385936597,-0.872973689805009,-1.4986836214367605,0.0903239703402523,-26.03606030657057,174.1957525916083
GTM,Guatemala,2005,5,43.5027067,35.1053029,49.5050118,40.7866100416894,3.7325759542819616,35.1905874431052,33.8260706875462,29.6482816428349,3.5887990696380303,3.5503662639899902,3.422576596955279,13087629.0,16.387177990845878,2046.46611650758,7.623869738994796,3.27602692588886,9.1086498571922,3.059,25.454901513817,67.1036996082037,2.01617500337249,1316000.0,14.09010815074553,-7.0,-0.7090448377331084,-0.2530759320500284,-0.9863518613888844,-0.6494908770573404,-1.0967461946513897,-0.6269325413891846,-1.051998385936597,1.36317570702825,-26.031117853257115,174.08749634849903
GTM,Guatemala,2006,6,42.977498,34.946904,50.0587622,44.0248234172562,3.8072139691721794,40.7866100416894,35.1905874431052,33.8260706875462,3.7325759542819616,3.5887990696380303,3.5503662639899902,13367459.0,16.408333878659867,2225.1234753878,7.70756768761689,5.35139778711536,6.56085282795384,2.96,25.3398334344627,67.9119237396617,2.13587522888421,1502000.0,14.222308777084956,-6.0,-0.7685519893395638,-0.2683677221453565,-0.9387122705609406,-0.658543994015287,-1.118922508868455,-0.6494908770573404,-1.0967461946513897,2.01617500337249,-26.047759086627888,174.4346096659381
GTM,Guatemala,2007,7,43.0796107,35.6435377,50.8040963,42.3453198203345,3.769198734776126,44.0248234172562,40.7866100416894,35.1905874431052,3.8072139691721794,3.7325759542819616,3.5887990696380303,13652040.0,16.429399518978073,2458.81573919384,7.807435106181165,6.33771869016203,6.82161753590326,2.847,25.9805176037841,69.0013643101763,2.55959192771149,1628000.0,14.302863439795049,-5.0,-0.756982424860063,-0.2011148793937201,-0.8745905804382539,-0.6108959615640123,-1.0394967053101996,-0.658543994015287,-1.118922508868455,2.13587522888421,-26.068539402979894,174.82209383767903
GTM,Guatemala,2008,8,42.586499,38.7438607,51.9237649,45.1519299292567,3.8319387786932673,42.3453198203345,44.0248234172562,40.7866100416894,3.769198734776126,3.8072139691721794,3.7325759542819616,13935174.0,16.449926705364902,2763.05988172926,7.924093997409978,3.29352400028485,11.355761126315,2.898,25.1243459208619,65.1787305213103,1.89952208705823,1715000.0,14.354924221672386,-4.0,-0.8128529248933201,0.0981895257739904,-0.7782645931940063,-0.4976426641044453,-0.8497687704277738,-0.6108959615640123,-1.0394967053101996,2.55959192771149,-26.070841716587356,174.85204973061403
GTM,Guatemala,2009,9,43.1314365,37.7046661,51.4490311,45.7103110094951,3.843964932798318,45.1519299292567,42.3453198203345,44.0248234172562,3.8319387786932673,3.769198734776126,3.8072139691721794,14215611.0,16.46985128490819,2611.64632773352,7.867736078369997,0.476898106596394,1.85910254733028,3.22,24.3678264820599,58.040686973867295,1.34627822535543,1311000.0,14.086301525522051,-3.0,-0.751110462461638,-0.0021340603834834,-0.8191063225800168,-0.5241169484750461,-0.8906554593696516,-0.4976426641044453,-0.8497687704277738,1.89952208705823,-26.091834711692236,175.24951514454963
GTM,Guatemala,2010,10,43.3351526,35.5132962,51.2474752,41.1031293722721,3.740122069808806,45.7103110094951,45.1519299292567,42.3453198203345,3.843964932798318,3.8319387786932673,3.769198734776126,14500112.0,16.489666931498903,2805.25960237322,7.939251363539998,2.88417542800377,3.8595090983316,3.497,26.2254643341594,63.12519257462221,2.71030706792051,1384000.0,14.140489137702843,-2.0,-0.7280290381680651,-0.2136883611521213,-0.8364463382350088,-0.5927212458517318,-1.0092564470058876,-0.5241169484750461,-0.8906554593696516,1.34627822535543,-26.12728236734551,175.53832016960087
GTM,Guatemala,2011,11,41.4438293,36.9515703,51.9002933,38.4055692334411,3.673907157417328,41.1031293722721,45.7103110094951,45.1519299292567,3.740122069808806,3.843964932798318,3.8319387786932673,14792126.0,16.50960557013072,3168.98370607705,8.061166218016941,4.16390688293349,6.214123930671,3.169,27.0677057848772,65.0470510420457,1.87038244023626,1434000.0,14.17597899749153,-1.0,-0.9423195903807792,-0.0748377401140471,-0.7802838737580965,-0.5991470680843075,-1.0339067305701986,-0.5927212458517318,-1.0092564470058876,2.71030706792051,-26.133860383919647,175.85677927771488
GTM,Guatemala,2012,12,42.1429492,31.9388738,52.8007905,34.1624967821479,3.559980082302225,38.4055692334411,41.1031293722721,45.7103110094951,3.673907157417328,3.740122069808806,3.843964932798318,15089647.0,16.52951943749493,3286.61959336267,8.097614836319716,2.97470856847661,3.78180754679678,2.765,25.267092636425,61.9594193352042,2.82256297187213,1491000.0,14.21495826443746,0.0,-0.8631079667340461,-0.5587622035389119,-0.7028133777553686,-0.7082278493427756,-1.2289725157052482,-0.5991470680843075,-1.0339067305701986,1.87038244023626,-26.130679021746417,175.9152191498385
GTM,Guatemala,2013,13,41.0375769,32.9608278,52.596713,33.5015723155484,3.5410048973625563,34.1624967821479,38.4055692334411,41.1031293722721,3.559980082302225,3.673907157417328,3.740122069808806,15387337.0,16.54905545640493,3444.15802275864,8.144434747990546,3.69476814623695,4.34337131279521,3.017,21.9981664670011,56.685248900738,2.87216286478145,1516000.0,14.231586504814842,1.0,-0.9883487653683342,-0.4601030205832128,-0.7203703286798095,-0.7229407048771188,-1.258732262107507,-0.7082278493427756,-1.2289725157052482,2.82256297187213,-26.110777998678124,175.60467076540255
GTM,Guatemala,2014,14,42.7400931,29.8408598,52.6953567,33.4975903480006,3.54088947661255,33.5015723155484,34.1624967821479,38.4055692334411,3.5410048973625563,3.559980082302225,3.673907157417328,15681725.0,16.56800657959068,3689.14510410202,8.213150031087679,4.44397825774911,3.4183616966296,2.717,21.7443606885213,55.0832736168677,2.43302117698753,1739000.0,14.368821368379384,2.0,-0.7954504191950005,-0.7613039491259136,-0.7118839320907429,-0.7562127668038855,-1.3100261523951988,-0.7229407048771188,-1.258732262107507,2.87216286478145,-26.11861526659972,175.85524385223283
GTM,Guatemala,2015,15,43.4926816,29.7569805,53.1864427,,,33.4975903480006,33.5015723155484,34.1624967821479,3.54088947661255,3.5410048973625563,3.559980082302225,15971743.0,16.58633165637714,3893.50533299068,8.267065144732472,4.09217170075418,2.3887203283955,2.506,19.8299071093932,49.893451855098505,1.93508794944894,1865000.0,14.43877214725294,3.0,-0.7101807007634998,-0.7694016357193375,-0.6696354098299341,-0.7164059154375905,-1.2396379106094126,-0.7562127668038855,-1.3100261523951988,2.43302117698753,-26.11484947562464,175.9171511680047
GTM,Guatemala,2016,16,42.8561377,30.7721186,54.0529231,,,,33.4975903480006,33.5015723155484,,3.54088947661255,3.5410048973625563,16268760.0,16.6047572624002,4060.13784737643,8.308972204575173,2.6778031930216,4.44844199942827,2.583,18.753087949948,46.3727343925686,1.28045862124744,1906000.0,14.46051788785512,4.0,-0.7823023437626815,-0.6714004580408893,-0.5950914064008924,-0.6829314027348211,-1.189493400492329,-0.7164059154375905,-1.2396379106094126,1.93508794944894,,175.90269391877717
GTM,Guatemala,2017,17,43.2936781,30.229089,53.2007692,32.8054740415143,3.5206227432668133,,,33.4975903480006,,,3.54088947661255,16567357.0,16.622944871550697,4324.99768915601,8.37216688506665,3.0798512212244,4.42453655182546,2.462,18.4950394164293,46.0694034412912,1.39328931381397,2120000.0,14.566927118346197,5.0,-0.7327281784513504,-0.7238243994871386,-0.668402889550045,-0.7083184891628447,-1.2264170728375647,-0.6829314027348211,-1.189493400492329,1.28045862124744,,176.07862884387842
GTM,Guatemala,2018,18,42.7707203,28.0364322,53.4356567,28.9035441420162,3.397977006549938,32.8054740415143,,,3.5206227432668133,,,16845685.0,16.63960509888172,4352.94593289707,8.378608120822063,3.40687328176345,3.75186186704508,2.283,18.1693258488802,47.0116853424691,1.25790065429015,2406000.0,14.693476591144272,6.0,-0.7919802987768103,-0.9355029372591502,-0.6481953296266596,-0.7918928552208734,-1.3777793501513396,-0.7083184891628447,-1.2264170728375647,1.39328931381397,-26.160864256177145,176.20057949443333
GTM,Guatemala,2019,19,42.2356563,27.7851878,53.2129632,25.9415998284592,3.293671554091285,28.9035441420162,32.8054740415143,,3.397977006549938,3.5206227432668133,,17103803.0,16.654811394407012,4511.99839552697,8.414495437576539,4.01789830861587,3.69998398008605,2.193,17.6119727745274,45.516734184958,1.51707073546928,2560000.0,14.75551820708067,7.0,-0.8526040747484503,-0.9597580086480728,-0.6673538299546828,-0.8265719711170686,-1.4399198878455757,-0.7918928552208734,-1.3777793501513396,1.25790065429015,-26.161521221227517,176.28373263416125
GTM,Guatemala,2020,20,42.7879231,25.8627648,55.44489,18.1882859775834,2.9542999875095446,25.9415998284592,28.9035441420162,32.8054740415143,3.293671554091285,3.397977006549938,3.5206227432668133,17357325.0,16.669525165461664,4477.61785000665,8.40684645408132,-1.78555117570465,3.21444062197345,2.965,16.3436118075967,41.1407594007819,1.29230382378627,594000.0,13.29463628184505,8.0,-0.790031188589459,-1.1453482431158124,-0.4753393781187611,-0.8035729366080108,-1.411874806223561,-0.8265719711170686,-1.4399198878455757,1.51707073546928,-26.162865094644584,176.15575677696864
GTM,Guatemala,2021,21,42.5873048,23.4977807,55.2773771,20.2458705569498,3.0561625497547658,18.1882859775834,25.9415998284592,28.9035441420162,2.9542999875095446,3.293671554091285,3.397977006549938,17598650.0,16.683332752520982,4912.62240414681,8.499563172741766,8.04170398855833,4.26105127422813,2.174,17.6296569856584,49.261149442668,4.19448571319716,,,9.0,-0.8127616262100268,-1.3736632152272972,-0.4897506471930629,-0.892058496210129,-1.5676538274204674,-0.8035729366080108,-1.411874806223561,1.29230382378627,-26.15119893413061,176.53435718297717
GTM,Guatemala,2022,22,41.282466,23.4971554,60.175191,22.0474401521257,3.137554706968538,20.2458705569498,18.1882859775834,25.9415998284592,3.0561625497547658,2.9542999875095446,3.293671554091285,17847877.0,16.697395123542297,5356.92435887895,8.586145275728807,4.15492196609047,6.88512823344287,3.051,18.9517853338562,54.4490964612191,1.51665826758099,,,10.0,-0.9606023613189182,-1.3737235815325342,-0.0683877910264289,-0.8009045779592937,-1.4462547605629303,-0.892058496210129,-1.5676538274204674,4.19448571319716,-26.17357276416806,176.69057167928682
GTM,Guatemala,2023,23,41.1815348,26.462081,61.9825372,23.3657267272051,3.193177502536692,22.0474401521257,20.2458705569498,18.1882859775834,3.137554706968538,3.0561625497547658,2.9542999875095446,18124838.0,16.712793820734035,5754.42833909847,8.657724983311365,3.52430434049013,6.20657592272126,2.344,16.6174908714024,48.3297978472592,1.58230175223989,,,11.0,-0.9720380595855715,-1.0874904074166376,0.0870996514249706,-0.6574762718590795,-1.2061431639906777,-0.8009045779592937,-1.4462547605629303,1.51665826758099,-26.16611273032851,176.83543364962043
GTM,Guatemala,2024,24,42.0421926,29.356717,63.7385299,,,23.3657267272051,22.0474401521257,20.2458705569498,3.193177502536692,3.137554706968538,3.0561625497547658,18406359.0,16.72820676070013,6150.89465281457,8.724352822222906,3.71558453779777,2.86992752918294,2.613,15.8834632887959,47.3052981448815,1.63228788754296,,,12.0,-0.8745238824863,-0.8080429736631087,0.238169111103657,-0.4814659150152505,-0.9037248472910356,-0.6574762718590795,-1.2061431639906777,1.58230175223989,-26.160925633105258,177.1516343938646
HND,Honduras,2000,0,37.6896464,26.9386535,58.9755071,48.2838225250265,3.897595883689192,,,,,,,6577773.0,15.6992067961664,1092.56400746252,6.996282513319912,9.61221879337278,11.0480349344976,3.883,53.972182998888,120.3921645842358,4.8698431531529,689000.0,13.442998001373551,-12.0,-1.3676757030816198,-1.0414822177435652,-0.1715975586742208,-0.8602518264998019,-1.5596715315080183,,,,,170.23477842199839
HND,Honduras,2001,1,,,,51.6129566869927,3.96296241425845,48.2838225250265,,,3.897595883689192,,,6757993.0,15.726236510446425,1132.1648753329,7.0318868977446245,2.72319327321379,9.67415556864781,4.0,51.3817002306282,115.9430717379537,4.04940697578742,672000.0,13.418015107599418,-11.0,,,,,,-0.8602518264998019,-1.5596715315080183,4.8698431531529,,
HND,Honduras,2002,2,42.899634,25.5883514,59.1101615,52.2131990441944,3.9743064679097855,51.6129566869927,48.2838225250265,,3.96296241425845,3.897595883689192,,6938859.0,15.752647909744407,1132.49965345317,7.032182551355526,3.75433786119939,7.6905097203429,4.02,52.730582054494,117.9974544502991,3.6562173778393,788000.0,13.577254637874743,-10.0,-0.7773741296671801,-1.1718400439562568,-0.1600131326960508,-0.7030757687731626,-1.2589986784729938,,,4.04940697578742,-25.40417931277671,170.87560256123902
HND,Honduras,2003,3,42.1692295,27.0406286,54.986864,57.211379965735,4.064080867680794,52.2131990441944,51.6129566869927,48.2838225250265,3.9743064679097855,3.96296241425845,3.897595883689192,7119213.0,15.778307743570991,1156.08162681357,7.052791658169877,4.54703805165397,7.67416639397743,5.3,54.0940274951722,122.2482771755342,4.74055553954205,887000.0,13.695601388686796,-9.0,-0.8601303584111769,-1.0316375671547655,-0.5147437220769054,-0.8021705492142828,-1.409219464387708,-0.7030757687731626,-1.2589986784729938,3.6562173778393,-25.4486757401293,171.0118576036762
HND,Honduras,2004,4,44.8189316,28.03923,54.4070083,49.8561822453764,3.92900169318472,57.211379965735,52.2131990441944,51.6129566869927,4.064080867680794,3.9743064679097855,3.96296241425845,7298994.0,15.803247088403015,1215.13995412761,7.1026145377233485,6.23230296069102,8.11379097093383,5.99,58.4229834527808,135.4617587418541,6.67606399673031,1026000.0,13.841179279371246,-8.0,-0.5599140356871949,-0.93523283834856,-0.564629172791254,-0.686592015609003,-1.1890949793517265,-0.8021705492142828,-1.409219464387708,4.74055553954205,-25.522090808090827,171.82442759078435
HND,Honduras,2005,5,46.5857523,28.9218552,53.8767716,42.9506250338895,3.783066845506501,49.8561822453764,57.211379965735,52.2131990441944,3.92900169318472,4.064080867680794,3.9743064679097855,7478355.0,15.827523405978662,1304.70039153826,7.173728708369963,6.05059922215973,8.80906074819817,4.909,59.0058417153113,136.4897680184862,6.16028277171203,1118000.0,13.927052827151163,-7.0,-0.3597298665058317,-0.8500244228150713,-0.6102458611583584,-0.6066667168264205,-1.0363080918954812,-0.686592015609003,-1.1890949793517265,6.67606399673031,-25.544843118047663,172.41816512632883
HND,Honduras,2006,6,43.7718972,29.1543482,53.7655764,40.7218024373527,3.731023832395714,42.9506250338895,49.8561822453764,57.211379965735,3.783066845506501,3.92900169318472,4.064080867680794,7656832.0,15.851108879146713,1425.84780051892,7.262521863524089,6.56724355177587,5.57775207654292,3.574,56.0546420538277,133.1318351043202,6.57287305327357,1136000.0,13.943024758544537,-6.0,-0.6785450385208762,-0.8275796068811647,-0.619812073354379,-0.7086455729188067,-1.228560925732798,-0.6066667168264205,-1.0363080918954812,6.16028277171203,-25.518581909472566,172.58822374973911
HND,Honduras,2007,7,43.8644198,29.3182519,57.4253476,45.7956895764454,3.845791095614447,40.7218024373527,42.9506250338895,49.8561822453764,3.731023832395714,3.783066845506501,3.92900169318472,7834798.0,15.87408565169134,1577.73789197407,7.363747386198851,6.18832716678008,6.93621470895786,3.211,53.5090115392915,135.0706349179166,7.82223281251053,1309000.0,14.084774808833686,-5.0,-0.6680620507386411,-0.8117563847738918,-0.3049590231500029,-0.5949258195541787,-1.0524315069621837,-0.7086455729188067,-1.228560925732798,6.57287305327357,-25.506249677107117,172.6184445646844
HND,Honduras,2008,8,42.0790369,29.0399776,55.6790993,55.6000203180321,4.036009344184905,45.7956895764454,40.7218024373527,42.9506250338895,3.845791095614447,3.731023832395714,3.783066845506501,8012587.0,15.896524238186435,1732.49062702803,7.457315320964593,4.23160011009342,11.4034270813932,3.156,51.3252766875914,135.74895519305352,8.65020371949481,1561000.0,14.260837840112352,-4.0,-0.8703493527309215,-0.838620915932407,-0.4551901642850574,-0.7213868109827953,-1.27193450786435,-0.5949258195541787,-1.0524315069621837,7.82223281251053,-25.518712299239297,172.30263767098168
HND,Honduras,2009,9,42.1613911,27.8612324,56.0140831,64.4696634518731,4.181586881946021,55.6000203180321,45.7956895764454,40.7218024373527,4.036009344184905,3.845791095614447,3.731023832395714,8189899.0,15.91841212364088,1781.15703614674,7.485018452421594,-2.43162787988011,5.49634273772203,3.292,39.5302508197518,96.9050060188904,3.38987200238321,1589000.0,14.278616074845276,-3.0,-0.8610184641435302,-0.9524166820284864,-0.4263712394301228,-0.7466021285340464,-1.318257334620635,-0.7213868109827953,-1.27193450786435,8.65020371949481,-25.436987462314484,171.13126377802004
HND,Honduras,2010,10,41.7090701,27.8363145,54.0444474,74.5408954410341,4.324674171080007,64.4696634518731,55.6000203180321,45.7956895764454,4.181586881946021,4.036009344184905,3.845791095614447,8365878.0,15.939671848042664,1893.32722662035,7.54609099766531,3.73114034433009,4.69889064976232,4.119,45.7589061967483,109.4418382416819,3.83460574737835,1965000.0,14.49100331219122,-2.0,-0.912267299743138,-0.954822249847558,-0.5958205776664668,-0.8209700424190544,-1.4381496962927254,-0.7466021285340464,-1.318257334620635,3.38987200238321,-25.51939491238613,172.03525288826322
HND,Honduras,2011,11,41.1740984,28.471068,55.6369504,83.1793333078082,4.432949443470343,74.5408954410341,64.4696634518731,55.6000203180321,4.324674171080007,4.181586881946021,4.036009344184905,8540583.0,15.960339830413591,2073.66121088074,7.637071024858434,3.83569066207505,6.7622795731476,4.474,51.2576866755535,122.2169025973367,5.88681418228473,1852000.0,14.43177723414492,-1.0,-0.9728806179480024,-0.8935433060905295,-0.4588162679408699,-0.775080063993134,-1.3705531645306592,-0.8209700424190544,-1.4381496962927254,3.83460574737835,-25.59529110093239,172.91318072737837
HND,Honduras,2012,12,38.2833267,25.6781127,55.921737,82.2941714854712,4.422378576562361,83.1793333078082,74.5408954410341,64.4696634518731,4.432949443470343,4.324674171080007,4.181586881946021,8715076.0,15.980564957494906,2126.03474686503,7.662013902543044,4.12868774866939,5.19618615531848,3.755,50.9027988216362,121.1882158082848,5.83610988955542,1903000.0,14.458942671764223,0.0,-1.3004105880561716,-1.163174510557453,-0.4343158484426967,-0.9659669823521072,-1.722558088278334,-0.775080063993134,-1.3705531645306592,5.88681418228473,-25.627519617138038,173.12270139439084
HND,Honduras,2013,13,37.5525515,25.4597418,55.5043898,72.3455871413622,4.295182341107251,82.2941714854712,83.1793333078082,74.5408954410341,4.422378576562361,4.432949443470343,4.324674171080007,8889278.0,16.00035638934384,2081.12843527945,7.640665542547515,2.79155975746801,5.16189898581494,5.646,47.9414903194725,116.30604924743592,5.77862113948416,1857000.0,14.43447337883766,1.0,-1.3832088178201454,-1.184255982497776,-0.4702205626265386,-1.0125617876481534,-1.805306917845306,-0.9659669823521072,-1.722558088278334,5.83610988955542,-25.62852160313237,172.52607032991116
HND,Honduras,2014,14,38.9854505,28.4408733,53.4529725,64.9996731259012,4.1896497893763005,72.3455871413622,82.2941714854712,83.1793333078082,4.295182341107251,4.422378576562361,4.432949443470343,9063122.0,16.01972421027259,2179.88171977271,7.687025897326175,3.0580805621437,6.12924930313031,7.078,47.5626547300206,112.9750972847105,8.62899693066618,2082000.0,14.548840008464332,2.0,-1.220858616786274,-0.8964582948587053,-0.6467056374713881,-0.9213408497054556,-1.623894866167288,-1.0125617876481534,-1.805306917845306,5.77862113948416,-25.62936136168909,172.45770583615126
HND,Honduras,2015,15,39.5934368,31.6906491,53.8787376,55.7305404552518,4.038312698091119,64.9996731259012,72.3455871413622,82.2941714854712,4.1896497893763005,4.295182341107251,4.422378576562361,9237305.0,16.038760734408207,2271.20265980349,7.728064776258591,3.84007997093951,3.15783117980915,6.147,45.1667574562581,107.2644053542401,6.27594328427599,2093000.0,14.554109479211109,3.0,-1.1519726045615186,-0.5827257538468743,-0.6100767246023074,-0.7815916943369001,-1.3775850544238353,-0.9213408497054556,-1.623894866167288,8.62899693066618,-25.615944890454337,172.75619199696686
HND,Honduras,2016,16,39.4845732,29.4470652,52.9159142,54.7151729955654,4.020252515502999,55.7305404552518,64.9996731259012,72.3455871413622,4.038312698091119,4.1896497893763005,4.295182341107251,9412380.0,16.057536402005034,2307.34468351082,7.74385265469053,3.89297219726413,2.72461223295289,6.727,42.7141047814182,99.8157169505924,5.28156973350556,2228000.0,14.616615328862244,4.0,-1.164307058940558,-0.7993207810854406,-0.6929091935550515,-0.8855123445270167,-1.5547593189476994,-0.7815916943369001,-1.3775850544238353,6.27594328427599,-25.603767735591916,172.44443046454901
HND,Honduras,2017,17,41.0666387,28.9677959,49.3152433,40.2998017393682,3.720857699455905,54.7151729955654,55.7305404552518,64.9996731259012,4.020252515502999,4.038312698091119,4.1896497893763005,9588137.0,16.076037163128532,2413.0076562942,7.788629238555845,4.84291391050387,3.93436084442037,5.528,43.0938548370178,101.8131110796223,4.10592046689605,2144000.0,14.57818426759063,5.0,-0.9850560077682476,-0.8455893191544244,-1.002677797572466,-0.9444410414983792,-1.6268243831183846,-0.8855123445270167,-1.5547593189476994,5.28156973350556,-25.633800337953904,172.827111047211
HND,Honduras,2018,18,40.9391734,28.5007101,50.0723422,37.9817721287217,3.6630941555581273,40.2998017393682,54.7151729955654,55.7305404552518,3.720857699455905,4.020252515502999,4.038312698091119,9765210.0,16.09433662743802,2464.64241531918,7.80980201117464,3.84499476966735,4.34734937777536,5.648,41.4548165613247,103.5511622154519,5.99386120691106,2323000.0,14.658370442230284,6.0,-0.9994980703838556,-0.8906816651878164,-0.9375439722744858,-0.9425745692820529,-1.6292553181062337,-0.9444410414983792,-1.6268243831183846,4.10592046689605,-25.619407598034606,172.76215202740914
HND,Honduras,2019,19,41.1935718,26.7021605,50.6002222,41.0111655865032,3.737935430249933,37.9817721287217,40.2998017393682,54.7151729955654,3.6630941555581273,3.720857699455905,4.020252515502999,9943633.0,16.11244300481422,2502.32744328073,7.824976555077984,2.55963434592314,4.36587159819274,5.698,40.2185209903792,99.4595352452416,3.83846408231678,2315000.0,14.65492067746782,7.0,-0.9706742444319254,-1.0643131926746698,-0.8921300326976388,-0.975705823268078,-1.690025189193291,-0.9425745692820529,-1.6292553181062337,5.99386120691106,-25.629197270531247,172.74839658892301
HND,Honduras,2020,20,39.8551546,27.3481657,53.313827,35.7028493255269,3.602854390344564,41.0111655865032,37.9817721287217,40.2998017393682,3.737935430249933,3.6630941555581273,3.720857699455905,10119640.0,16.129988648068327,2307.61494319511,7.743969778005341,-8.96508223267296,3.46841177951171,10.982,35.8751401030378,88.0008563836292,1.0106822391556,669000.0,13.41354083387756,8.0,-1.12231947657124,-1.0019480126204472,-0.6586764363828644,-0.9276479751915172,-1.6299742804117792,-0.975705823268078,-1.690025189193291,3.83846408231678,-25.6174859739264,171.4007554431267
HND,Honduras,2021,21,40.4990278,25.486816,50.8680943,38.2025965034663,3.6687429819361457,35.7028493255269,41.0111655865032,37.9817721287217,3.602854390344564,3.737935430249933,3.6630941555581273,10289877.0,16.14667115438602,2735.14751503977,7.913940649430753,12.5652843771279,4.48087963413446,8.506,39.3653983599255,103.3726434599184,2.84361329738544,,,9.0,-1.0493674098447487,-1.181642246017289,-0.869084781194033,-1.0333648123520236,-1.7967396598115963,-0.9276479751915172,-1.6299742804117792,1.0106822391556,-25.634818285970823,172.43655914551957
HND,Honduras,2022,22,41.0373347,27.262832,56.817659,34.9679353875888,3.582627857883625,38.2025965034663,35.7028493255269,41.0111655865032,3.6687429819361457,3.602854390344564,3.737935430249933,10463872.0,16.1634391201884,3003.28996826399,8.007463622850228,4.14356194013767,9.08963911525032,8.774,42.4391817948962,112.6985249139663,2.41292398026651,,,10.0,-0.9883762070922028,-1.0101861066252524,-0.3572389605636936,-0.7852670914270496,-1.397138674257037,-1.0333648123520236,-1.7967396598115963,2.84361329738544,-25.68157001197475,173.0240032791013
HND,Honduras,2023,23,39.1783868,26.1630725,59.3382064,31.4424316507577,3.479467184846038,34.9679353875888,38.2025965034663,35.7028493255269,3.582627857883625,3.6687429819361457,3.602854390344564,10644851.0,16.18058685902998,3227.45762509776,8.07944999330781,3.57584760454412,6.66325180347463,6.07,37.3686804713719,98.7919798336365,1.68381240542467,,,11.0,-1.198998564478518,-1.1163566130450802,-0.1403942471360595,-0.8185831415532191,-1.4816657260507438,-0.7852670914270496,-1.397138674257037,2.41292398026651,-25.643431344994376,173.1136384995166
HND,Honduras,2024,24,38.6045194,23.1946934,58.552621,,,31.4424316507577,34.9679353875888,38.2025965034663,3.479467184846038,3.582627857883625,3.6687429819361457,10825703.0,16.19743377200745,3415.96027916712,8.136213926962379,3.63240745450875,4.60621098127101,4.91,33.9216124364928,91.6694117874121,1.29157460831069,,,12.0,-1.2640188399876675,-1.4029231871851828,-0.2079787888653411,-0.9583069386793972,-1.7253365874633324,-0.8185831415532191,-1.4816657260507438,1.68381240542467,-25.615844820954543,173.02307173468364
NIC,Nicaragua,2000,0,44.0632288,30.77629,60.0728991,9.47710001137849,2.3491919241283106,,,,,,,5022633.0,15.429464856156851,1017.3124434882,6.924919569601626,4.10159025073438,7.06991352252517,7.181,20.1081658866931,61.2984974600022,5.21568567857809,581000.0,13.272507757002964,-12.0,-0.645536610273303,-0.6709977521306609,-0.0771880451860879,-0.4645741358633506,-0.8396397092299857,,,,,162.6865265418178
NIC,Nicaragua,2001,1,,,,10.5546083051206,2.447084344849802,9.47710001137849,,,2.3491919241283106,,,5087825.0,15.442360988756498,1051.874235891,6.958328838519138,2.96084349057273,5.98604186279518,7.222,19.0419108824493,57.9801315472268,2.80655753554232,584000.0,13.277657974137664,-11.0,,,,,,-0.4645741358633506,-0.8396397092299857,5.21568567857809,,
NIC,Nicaragua,2002,2,48.8083856,31.3361991,59.3078309,10.7574705924444,2.464488833659743,10.5546083051206,9.47710001137849,,2.447084344849802,2.3491919241283106,,5149909.0,15.454489602580892,1014.3339042591,6.921987424086836,0.753938876079573,3.75017465778466,7.517,18.8471358845682,58.091284408078494,3.90334311480045,579000.0,13.269059483669356,-10.0,-0.1079012567576381,-0.6169442679861092,-0.1430074757516851,-0.2892843334984775,-0.5031436020444101,,,2.80655753554232,-24.46359924187919,162.99430689361776
NIC,Nicaragua,2003,3,51.2776184,32.9821249,58.940248,12.185846245133,2.579144000159981,10.7574705924444,10.5546083051206,9.47710001137849,2.464488833659743,2.447084344849802,2.3491919241283106,5210963.0,15.46627523350153,1021.35216668794,6.928882681990968,2.52073289551447,5.30238773219936,7.6,20.704998914845,62.1750658877514,3.78225034215297,646000.0,13.378556330751158,-9.0,0.171867548635784,-0.4580470038884042,-0.174630927312802,-0.1536034608551407,-0.2498719297176868,-0.2892843334984775,-0.5031436020444101,3.90334311480045,-24.50395135741869,163.40465754372755
NIC,Nicaragua,2004,4,50.0419466,36.8271745,57.7608133,12.2512960818705,2.584095365148072,12.185846245133,10.7574705924444,10.5546083051206,2.579144000159981,2.464488833659743,2.447084344849802,5272912.0,15.47809332958139,1098.62118662335,7.001811205833934,5.31217056950739,8.47021063584077,6.41,23.0598557398256,67.19531678000399,4.31560328721207,735000.0,13.507627138738266,-8.0,0.0318635670977373,-0.0868468794599676,-0.2760986400517518,-0.1103606508046606,-0.1714947141608973,-0.1536034608551407,-0.2498719297176868,3.78225034215297,-24.549164454772054,163.99829214975318
NIC,Nicaragua,2005,5,50.2782145,33.7928568,58.868414,13.6463048137106,2.6841880725014167,12.2512960818705,12.185846245133,10.7574705924444,2.584095365148072,2.579144000159981,2.464488833659743,5342105.0,15.49113032801859,1183.30214010175,7.076064232976514,4.28239833770654,9.59909986064425,5.37,24.3821308946094,71.6457237072991,3.81407422484717,804000.0,13.597355791941425,-7.0,0.0586331726755552,-0.3797791495132349,-0.1808108639187788,-0.1673189469188194,-0.2782689280695138,-0.1103606508046606,-0.1714947141608973,4.31560328721207,-24.571344540690642,164.43742598400783
NIC,Nicaragua,2006,6,48.9272792,33.3419567,60.6569707,13.3238467052683,2.661925750128927,13.6463048137106,12.2512960818705,12.185846245133,2.6841880725014167,2.584095365148072,2.579144000159981,5418855.0,15.505395096485884,1248.17371577788,7.129436734577441,4.15294559846254,9.1401996677772,5.31,31.2666288650856,87.30967083207901,4.24030000066427,891000.0,13.700100828786772,-6.0,-0.0944303841688229,-0.4233089321263893,-0.0269398972150479,-0.1815597378367534,-0.3218298984720496,-0.1673189469188194,-0.2782689280695138,3.81407422484717,-24.651998715356672,165.55798841381412
NIC,Nicaragua,2007,7,48.1396804,31.5189713,63.8464378,12.9883276955078,2.6382232458289114,13.3238467052683,13.6463048137106,12.2512960818705,2.661925750128927,2.6841880725014167,2.584095365148072,5497243.0,15.519757251796252,1350.38145753377,7.208142392655722,5.0763520180987,11.1269347446118,4.89,33.0635730423674,93.025730229333,5.14186605474194,978000.0,13.79326597151132,-5.0,-0.1836668366431673,-0.5992994856191773,0.2474525142454017,-0.1785046026723143,-0.3417257531033011,-0.1815597378367534,-0.3218298984720496,4.24030000066427,-24.676420525950224,165.97523933716295
NIC,Nicaragua,2008,8,46.9960221,31.4207864,62.0440171,13.1980225202019,2.653102695769049,12.9883276955078,13.3238467052683,13.6463048137106,2.6382232458289114,2.661925750128927,2.6841880725014167,5576593.0,15.534088574404898,1523.68437086409,7.328886609065013,3.43571693608081,19.8262031287429,6.2,34.4704620011048,96.7939847302055,7.38263377911966,1011000.0,13.826451487121805,-4.0,-0.3132455124040245,-0.6087782312501813,0.0923888165075469,-0.276544975715553,-0.5077311687217958,-0.1785046026723143,-0.3417257531033011,5.14186605474194,-24.693844008588236,165.6653454994602
NIC,Nicaragua,2009,9,45.8213526,31.5739851,60.6521116,14.1781256977468,2.719855292522525,13.1980225202019,12.9883276955078,13.3238467052683,2.653102695769049,2.6382232458289114,2.661925750128927,5656601.0,15.548333739753645,1467.08288052845,7.291031273158185,-3.2926651586197,3.68700160498797,8.16,33.9814942096139,86.9936104453444,5.22852820149836,1010000.0,13.82546187891596,-3.0,-0.4463378165185206,-0.5939884671591601,-0.0273579294833628,-0.3558947377203478,-0.6437144996061841,-0.276544975715553,-0.5077311687217958,7.38263377911966,-24.672808789414077,165.97161122619775
NIC,Nicaragua,2010,10,45.2589635,30.9568817,56.1074682,13.682036444762,2.68662473596054,14.1781256977468,13.1980225202019,12.9883276955078,2.719855292522525,2.653102695769049,2.6382232458289114,5737450.0,15.562525418716016,1526.56706951408,7.330776748002456,4.41009911716546,5.45513425887423,7.83,40.4671151559929,100.364058423919,5.59335824334059,1071000.0,13.884104283136264,-2.0,-0.5100575786540636,-0.6535634746870765,-0.418337244414631,-0.5273194325852572,-0.9177848200434862,-0.3558947377203478,-0.6437144996061841,5.22852820149836,-24.757945642657514,166.8595828716446
NIC,Nicaragua,2011,11,46.4669164,30.9474474,57.3803214,12.682480356333,2.616116208356704,13.682036444762,14.1781256977468,13.1980225202019,2.68662473596054,2.719855292522525,2.653102695769049,5819051.0,15.576647747992908,1679.71192084633,7.426377582006959,6.31668553491842,8.082387980991,6.613,45.0169781525763,111.8274539359991,9.5791738556055,1122000.0,13.93062425632998,-1.0,-0.3731942015741381,-0.6544742596438934,-0.3088326632314137,-0.4455003748164818,-0.7764870911223027,-0.5273194325852572,-0.9177848200434862,5.59335824334059,-24.807827438773106,167.84290885356953
NIC,Nicaragua,2012,12,45.097498,30.7577121,57.0858938,11.4042929452756,2.5180426179599382,12.682480356333,13.682036444762,14.1781256977468,2.616116208356704,2.68662473596054,2.719855292522525,5901287.0,15.59068102068106,1784.69836017555,7.487004694037964,6.4961364710876,7.1935505333896,5.208,47.4691755587782,115.1772884741978,7.36516075625111,1233000.0,14.02496159317616,0.0,-0.5283519290479396,-0.6727912579391736,-0.3341625056883284,-0.5117685642251472,-0.8977523129837546,-0.4455003748164818,-0.7764870911223027,9.5791738556055,-24.83652025142533,168.58624035766417
NIC,Nicaragua,2013,13,45.2567884,31.3138874,58.9055269,9.92672854383165,2.391211947581355,11.4042929452756,12.682480356333,13.682036444762,2.5180426179599382,2.616116208356704,2.68662473596054,5983845.0,15.60457389589456,1835.43996363715,7.51503949395039,4.92709413447304,7.13546785289407,5.28,45.2142694902064,110.98420788038167,8.78722600899979,1273000.0,14.05688766308519,1.0,-0.5103040216498849,-0.6190982339105568,-0.1776180113800931,-0.4356734223135116,-0.7751812743391738,-0.5117685642251472,-0.8977523129837546,7.36516075625111,-24.82246299996771,168.48451268513134
NIC,Nicaragua,2014,14,44.3139725,27.6320698,63.0979285,8.6540960289815,2.267382284255486,9.92672854383165,11.4042929452756,12.682480356333,2.391211947581355,2.5180426179599382,2.616116208356704,6066492.0,15.618291071755648,1958.37047579547,7.579868016528035,4.78546013589983,6.03596861798425,4.52,45.008072249634,106.6982001907961,9.06363827053251,1390000.0,14.144815024531075,2.0,-0.6171268688309705,-0.9745399819813252,0.1830576591213052,-0.4695363972303301,-0.8676641424643169,-0.4356734223135116,-0.7751812743391738,8.78722600899979,-24.81612226643662,168.77901459769322
NIC,Nicaragua,2015,15,43.1109349,27.573173,62.675682,8.52113297894743,2.2535138521157365,8.6540960289815,9.92672854383165,11.4042929452756,2.267382284255486,2.391211947581355,2.5180426179599382,6149417.0,15.631867838541238,2074.45620634731,7.637454329088445,4.79226768332697,3.99737996694396,4.7,40.0837782888412,98.1941645942361,7.58033255797744,1456000.0,14.19120419455172,3.0,-0.7534333330069567,-0.9802258642878724,0.1467314542309225,-0.5289759143546355,-0.9752447881257844,-0.4695363972303301,-0.8676641424643169,9.06363827053251,-24.760432159650037,168.26906372739322
NIC,Nicaragua,2016,16,43.764329,26.0140069,62.8230877,7.26815838263741,2.1124117977363617,8.52113297894743,8.6540960289815,9.92672854383165,2.2535138521157365,2.267382284255486,2.391211947581355,6232666.0,15.64531472860197,2131.68704828322,7.66466898665169,4.56314739524967,3.52317317628473,3.9,38.8820263906579,93.8137278130087,7.44462628012218,1596000.0,14.283011683558112,4.0,-0.6794025300757344,-1.1307473686982712,0.1594128847702171,-0.5502456713345961,-1.0106546325337462,-0.5289759143546355,-0.9752447881257844,7.58033255797744,-24.765979928412886,168.40515745091705
NIC,Nicaragua,2017,17,44.5847218,25.9757738,62.5133137,6.82368909372622,2.0571561944335306,7.26815838263741,8.52113297894743,8.6540960289815,2.1124117977363617,2.2535138521157365,2.267382284255486,6316231.0,15.65863322746974,2182.61380995674,7.6882784329551965,4.63120757580209,3.85067166284727,3.3,41.338969262606,96.3805864351182,7.51057620596971,1958000.0,14.487434612797692,5.0,-0.5864504545932748,-1.1344383825872169,0.1327627792188068,-0.5293753526538949,-0.9679086500749344,-0.5502456713345961,-1.0106546325337462,7.44462628012218,-24.797190573344064,169.00128608411336
NIC,Nicaragua,2018,18,37.8323141,23.3334614,46.3491215,10.65611679854,2.455831089307696,6.82368909372622,7.26815838263741,8.52113297894743,2.0571561944335306,2.1124117977363617,2.2535138521157365,6400080.0,15.671821048251775,2035.16549390507,7.61833241835637,-3.3633566598573,4.94723728039886,5.2,42.2771474372665,93.9847404925403,6.43060058137235,1412000.0,14.160518405250372,6.0,-1.3515111794298902,-1.389526559254379,-1.257855633828375,-1.3329644575042148,-2.3068202430885623,-0.5293753526538949,-0.9679086500749344,7.51057620596971,-24.83642848176213,168.17125716017466
NIC,Nicaragua,2019,19,36.9437643,23.7722425,49.1764798,7.94304819024202,2.190876491948656,10.65611679854,6.82368909372622,7.26815838263741,2.455831089307696,2.0571561944335306,2.1124117977363617,6483657.0,15.684795260993692,1958.62051528095,7.579995685693672,-2.89686986728901,5.37628990844126,5.457,44.8044297851925,94.0422159246213,3.96093444094211,1455000.0,14.190517145872716,7.0,-1.45218557354881,-1.3471667418629865,-1.0146157327177103,-1.2713226827098356,-2.22147625124572,-1.3329644575042148,-2.3068202430885623,6.43060058137235,-24.925056574979862,168.6228450066102
NIC,Nicaragua,2020,20,35.9122865,24.8089499,56.4442218,,,7.94304819024202,10.65611679854,6.82368909372622,2.190876491948656,2.455831089307696,2.0571561944335306,6565267.0,15.697303735112891,1938.44704754382,7.56964244053661,-2.23654176262323,3.68181341625572,6.18,41.7461005411755,88.6381231228968,5.86574902695673,474000.0,13.06896471037963,8.0,-1.5690539838079944,-1.2470832693699707,-0.3893660622469302,-1.0685011051416318,-1.9179895441057984,-1.2713226827098356,-2.22147625124572,3.96093444094211,-24.890688340593382,168.4369279943575
NIC,Nicaragua,2021,21,34.4840903,23.1346448,58.3250352,11.3473196321723,2.513439005686533,,7.94304819024202,10.65611679854,,2.190876491948656,2.455831089307696,6644741.0,15.709336272695682,2138.38573878237,7.667806495695835,10.4543887816515,4.92841396948968,6.076,46.4042462306705,106.2073980669702,7.36996671682569,,,9.0,-1.7308713485949137,-1.4087202639749732,-0.2275581776842933,-1.12238326341806,-2.032411303833937,-1.0685011051416318,-1.9179895441057984,5.86574902695673,,169.14993638930952
NIC,Nicaragua,2022,22,34.2325129,22.9683266,62.681135,,,11.3473196321723,,7.94304819024202,2.513439005686533,,2.190876491948656,6730654.0,15.722182873719758,2322.89069619459,7.750567678798382,3.55027477135765,10.4674244465991,4.969,49.895771373158,115.454670931919,8.23239594861789,,,10.0,-1.7593755498439745,-1.42477658130693,0.1472005801923386,-1.0123171836528553,-1.8690521985287745,-1.12238326341806,-2.032411303833937,7.36996671682569,-25.00824882159208,169.853811060544
NIC,Nicaragua,2023,23,32.6545438,22.6526543,64.3659665,,,,11.3473196321723,,,2.513439005686533,,6823613.0,15.735899654939391,2609.44491147975,7.866892800103687,4.42779393186883,8.38765854872536,4.698,45.8658095323572,105.0195355798516,6.25581191942426,,,11.0,-1.9381624710507293,-1.455251506009751,0.2921479847884003,-1.03375533075736,-1.925667312699361,-1.0123171836528553,-1.8690521985287745,8.23239594861789,,169.6037970041909
NIC,Nicaragua,2024,24,31.509348,19.2956729,64.3681288,,,,,11.3473196321723,,,2.513439005686533,6916140.0,15.749368368495412,2847.87639497305,7.954328870948546,3.58094495324541,4.62473841057141,4.98,40.986351560247,99.14606508994792,6.86575238184716,,,12.0,-2.0679153485062547,-1.7793336487690925,0.2923340091908153,-1.184971662694844,-2.197614083763136,-1.03375533075736,-1.925667312699361,6.25581191942426,,169.08439784466648
PAN,Panamá,2000,0,53.1716622,38.189408,67.6610565,9.93233884821742,2.391725263580463,,,,,,,3010369.0,14.91757322057348,3975.09308659503,8.287803444825563,4.20900547865375,1.49896111605778,6.188,68.9601167325743,139.1979348676559,6.9176468268032,600000.0,13.304686600863562,-12.0,0.3864663387088859,0.0446628011175172,0.5756272190088177,0.3355854529450736,0.5623261991491951,,,,,165.56044913430742
PAN,Panamá,2001,1,,,,9.9689317914936,2.395066894112261,9.93233884821742,,,2.391725263580463,,,3069537.0,14.937037293857507,3991.7767076924,8.291991700920143,0.949908149985234,0.307062436028722,6.293,68.7000854646216,135.5843511183955,4.9522944609476,737000.0,13.510344528022657,-11.0,,,,,,0.3355854529450736,0.5623261991491951,6.9176468268032,,
PAN,Panamá,2002,2,58.0522546,38.340529,71.1452299,12.0152977748691,2.5661254175447,9.9689317914936,9.93233884821742,,2.395066894112261,2.391725263580463,,3129344.0,14.956333955885864,4090.58617397129,8.316443557587073,2.50884372716125,1.00583090379039,6.302,62.8290573143366,126.0244824498508,1.93034036728479,800000.0,13.592368256649284,-10.0,0.9394468050951312,0.0592519845714181,0.8753734497106037,0.6246907464590511,1.0713358975198646,,,4.9522944609476,-23.637014461590447,165.37661300709675
PAN,Panamá,2003,3,58.2838857,39.6785688,67.3046163,10.5649025160456,2.447974866425706,12.0152977748691,9.9689317914936,9.93233884821742,2.5661254175447,2.395066894112261,2.391725263580463,3189807.0,14.975470971363336,4264.66428846636,8.35811874368972,5.09686030493801,0.391666666666709,6.303,58.1335706161728,117.2674789406456,7.72303743989763,897000.0,13.706812255867511,-9.0,0.9656910523524028,0.1884260114162741,0.5449623828612858,0.5663598155433208,0.9955862222277284,0.6246907464590511,1.0713358975198646,1.93034036728479,-23.626044217128694,164.92551800491208
PAN,Panamá,2004,4,59.5504961,39.8470736,67.5288149,9.47355777770635,2.348853774009918,10.5649025160456,12.0152977748691,9.9689317914936,2.447974866425706,2.5661254175447,2.395066894112261,3251155.0,14.994520875787147,4644.56582353041,8.443453175088093,8.17565333965649,0.474723078204362,6.097,60.576824415491,124.76175652044527,8.46279991168861,1004000.0,13.819503575249252,-8.0,1.109200436525043,0.2046934225640495,0.5642503681488767,0.6260480757459898,1.1052441996413949,0.5663598155433208,0.9955862222277284,7.72303743989763,-23.64863064252186,165.56772472352054
PAN,Panamá,2005,5,58.3686571,38.3171583,64.1948667,10.9869362611305,2.4838174118779235,9.47355777770635,10.5649025160456,12.0152977748691,2.348853774009918,2.447974866425706,2.5661254175447,3313026.0,15.013372529123258,5017.7410922824,8.520735129796615,8.27618334503531,2.85588324760957,5.967,68.2355959083914,139.2111650867242,6.64344440768547,1070000.0,13.883170141017091,-7.0,0.975295814329292,0.0569957830524631,0.2774281318316481,0.4365732430711344,0.7882522138260721,0.6260480757459898,1.1052441996413949,8.46279991168861,-23.729058693806728,166.5977368698809
PAN,Panamá,2006,6,58.5586407,39.2645281,67.0314366,6.54810061378814,2.021295957278106,10.9869362611305,9.47355777770635,10.5649025160456,2.4838174118779235,2.348853774009918,2.447974866425706,3375024.0,15.031912993374595,5528.76705469354,8.617720113906431,9.85723870564752,2.45789346442102,5.792,69.1942342226276,141.4725712814095,15.7789064536681,1215000.0,14.010255457801716,-6.0,0.9968213200719428,0.1484546260384528,0.5214605142748244,0.5555788201284066,0.9797251249169144,0.4365732430711344,0.7882522138260721,6.64344440768547,-23.752883418795275,167.09996523811256
PAN,Panamá,2007,7,59.1359355,38.2764723,67.6308668,8.11638724767199,2.210073590480309,6.54810061378814,10.9869362611305,9.47355777770635,2.021295957278106,2.4838174118779235,2.348853774009918,3437490.0,15.050252111861823,6317.81730274124,8.751129063998889,13.1530653782933,4.1686330029888,5.665,71.9791727879009,148.66560108957248,10.2406206022371,1428000.0,14.171786122161532,-5.0,1.0622299265653588,0.0530679668124605,0.5730299749161397,0.5627759560979864,0.9910761780837786,0.5555788201284066,0.9797251249169144,15.7789064536681,-23.73967568413338,167.67053909251635
PAN,Panamá,2008,8,58.0503975,43.5961875,66.8910785,14.0831048875658,2.713575235787382,8.11638724767199,6.54810061378814,10.9869362611305,2.210073590480309,2.021295957278106,2.4838174118779235,3500648.0,15.06845865217996,7347.59050324397,8.902127715773384,10.1974325907958,8.7586831772878,5.639,78.2985921255699,164.5862861357703,9.29189970284583,1575000.0,14.269766465162304,-4.0,0.9392363921083547,0.5666319385656069,0.5093853944132628,0.6717512416957415,1.183048937010822,0.5627759560979864,0.9910761780837786,10.2406206022371,-23.8145149079454,168.67295994310587
PAN,Panamá,2009,9,57.1315419,41.9603151,67.6325507,15.7671135605313,2.819419441792,14.0831048875658,8.11638724767199,6.54810061378814,2.713575235787382,2.210073590480309,2.021295957278106,3564381.0,15.08650096421609,7796.92617035048,8.96148485428317,1.61186405976055,2.40905304082201,5.857,69.9648088440032,137.0460216106776,3.90591048455581,1562000.0,14.261478249586428,-3.0,0.8351282928067999,0.4087052271835106,0.573174842183043,0.6056694540577845,1.0572285750812074,0.6717512416957415,1.183048937010822,9.29189970284583,-23.773740068154464,167.91211412848617
PAN,Panamá,2010,10,56.8693643,41.1526372,64.3407234,12.677292626363,2.61573698517854,15.7671135605313,14.0831048875658,8.11638724767199,2.819419441792,2.713575235787382,2.210073590480309,3628535.0,15.104339543512978,8331.46421351868,9.027794495646724,6.07339353106087,3.49128872618809,5.845,70.025242127624,145.4487188064296,8.43207038785787,1726000.0,14.361317729999618,-2.0,0.8054230685958973,0.330732205202702,0.2899763006591813,0.4753771914859269,0.848600399362292,0.6056694540577845,1.0572285750812074,3.90591048455581,-23.797272662505367,167.97488583097558
PAN,Panamá,2011,11,58.1949008,40.999257,65.0272305,14.8639320731842,2.7640481093868576,12.677292626363,15.7671135605313,14.0831048875658,2.61573698517854,2.819419441792,2.713575235787382,3693505.0,15.122086429679538,9662.29592216607,9.175986572068863,11.9088772249531,5.87580243678763,4.03,77.7456721038553,158.208395346813,12.31683544373,2004000.0,14.510656240188764,-1.0,0.9556088927556838,0.315924919147183,0.3490370568129978,0.5401902895719549,0.964442422915563,0.4753771914859269,0.848600399362292,8.43207038785787,-23.856632802102883,169.55215690310598
PAN,Panamá,2012,12,54.624519,38.7692687,64.8678113,16.9448445310514,2.8873028609260087,14.8639320731842,12.677292626363,15.7671135605313,2.7640481093868576,2.61573698517854,2.819419441792,3759256.0,15.139731623446336,11064.8063606203,9.311524752162144,9.62729346439019,5.69819959165993,3.691,74.5443157318036,153.2086203671023,8.13045858967083,2086000.0,14.550759393929123,0.0,0.5510777967065724,0.1006424077241939,0.3353220952380387,0.3290140998896017,0.5764781483372344,0.5401902895719549,0.964442422915563,12.31683544373,-23.83174386243251,169.23716315404525
PAN,Panamá,2013,13,54.3663159,39.3627533,64.1190427,17.3318403029072,2.908639455224862,16.9448445310514,14.8639320731842,12.677292626363,2.8873028609260087,2.7640481093868576,2.61573698517854,3825329.0,15.157155034615757,12273.3225037637,9.415183283752766,6.32435388662846,4.02715991571061,3.674,64.5610772417975,133.0715689357819,8.09167357098281,2202000.0,14.604877050397263,1.0,0.5218228909577588,0.1579372622213537,0.2709049323270725,0.316888361835395,0.5589528563114936,0.3290140998896017,0.5764781483372344,8.13045858967083,-23.744461810104614,168.1541613326184
PAN,Panamá,2014,14,57.2689219,40.1064209,70.4546434,15.5186126360303,2.8044877836964046,17.3318403029072,16.9448445310514,14.8639320731842,2.908639455224862,2.8873028609260087,2.7640481093868576,3892101.0,15.174459672619356,13213.1989637473,9.488971530481976,4.62581375565551,2.62652699929143,4.391,54.8890820412486,114.9706049270527,9.69216526905834,2305000.0,14.650591668252272,2.0,0.8506937099213581,0.2297307458875717,0.8159617395045211,0.6321287317711503,1.0854270885842758,0.316888361835395,0.5589528563114936,8.09167357098281,-23.656889157980483,167.22720416070277
PAN,Panamá,2015,15,56.9326339,39.495488,74.2319898,11.8938357734005,2.556749350139137,15.5186126360303,17.3318403029072,16.9448445310514,2.8044877836964046,2.908639455224862,2.8873028609260087,3960035.0,15.191763421575445,14082.6548502728,9.552699166644704,5.26691719595516,0.137492058461588,4.335,47.3866198943049,96.5791573428957,9.17966898468326,2553000.0,14.752780087919588,3.0,0.8125916354518531,0.1707514368827083,1.140929878419467,0.7080909835846761,1.192189109066663,0.6321287317711503,1.0854270885842758,9.69216526905834,-23.58331174959647,166.58268895619057
PAN,Panamá,2016,16,57.2809918,38.0727399,73.8820907,10.0519063068018,2.4026029295371614,11.8938357734005,15.5186126360303,17.3318403029072,2.556749350139137,2.8044877836964046,2.908639455224862,4029086.0,15.209050109192637,14832.3611608191,9.60456663761834,4.57196707937275,0.73973402529995,4.717,41.7407554754564,84.3959718738111,8.78226077131318,2379000.0,14.68219120962969,4.0,0.8520612527080156,0.0333996919922594,1.1108277783486316,0.6654295743496356,1.1210003261581616,0.7080909835846761,1.192189109066663,9.17966898468326,-23.524497175930343,165.8775067515639
PAN,Panamá,2017,17,57.1999888,36.7794426,73.7530242,9.22242063167726,2.3245834091450583,10.0519063068018,11.8938357734005,15.5186126360303,2.4026029295371614,2.556749350139137,2.8044877836964046,4098707.0,15.22618211608261,15694.6297454295,9.661073878391196,5.7440594635578,0.875585918759963,5.338,41.4710106917443,84.0475372402933,6.34573158944271,2517000.0,14.738578671415745,5.0,0.8428834576684858,-0.0914549051195596,1.09972408388702,0.6170508788119821,1.036218122683959,0.6654295743496356,1.1210003261581616,8.78226077131318,-23.519539422192075,165.8740215485071
PAN,Panamá,2018,18,55.2783613,36.98446,72.0083477,9.62124332136356,2.36285608253594,9.22242063167726,10.0519063068018,11.8938357734005,2.3245834091450583,2.4026029295371614,2.556749350139137,4167860.0,15.242913272599768,16151.3273478476,9.689757513994708,3.91824253321265,0.761578359399945,5.161,42.3471044929045,86.1309615112445,6.39404563819442,2487000.0,14.726588124876333,6.0,0.6251593815562018,-0.071662576721509,0.9496281659660052,0.501041656933566,0.8344852926238021,0.6170508788119821,1.036218122683959,6.34573158944271,-23.5421187343035,166.11681788802943
PAN,Panamá,2019,19,54.7795714,37.0700881,72.6305083,11.3349220328569,2.512434429155255,9.62124332136356,9.22242063167726,10.0519063068018,2.36285608253594,2.3245834091450583,2.4026029295371614,4234700.0,15.258823045306489,16477.9066285687,9.709775770429616,3.10295395631086,-0.355083821021246,6.256,40.2141745207689,80.4286505649568,6.71350419888271,2494000.0,14.729398806184347,7.0,0.568645530587875,-0.0633960614145098,1.0031531411412251,0.5028008701048634,0.8310288437114298,0.501041656933566,0.8344852926238021,6.39404563819442,-23.537940839385193,165.84042913648125
PAN,Panamá,2020,20,55.0269074,37.5600685,71.5267292,11.6461589453797,2.537353528383917,11.3349220328569,9.62124332136356,9.22242063167726,2.512434429155255,2.36285608253594,2.3245834091450583,4293261.0,15.27255714200436,13290.5608347594,9.49480935057307,-17.8211174074602,-1.55027540803761,14.663,36.269088105591,68.700423510603,-2.85980025219661,647000.0,13.380103119076898,8.0,0.5966691730936714,-0.0160934764368036,0.9081941403198514,0.496256612325573,0.8281238973240604,0.5028008701048634,0.8310288437114298,6.71350419888271,-23.550414235063425,163.84661310734555
PAN,Panamá,2021,21,55.2287748,37.4881752,71.7946556,12.6570480772218,2.6142557310255823,11.6461589453797,11.3349220328569,9.62124332136356,2.537353528383917,2.512434429155255,2.36285608253594,4345405.0,15.284629522924677,15509.8069109784,9.64922780676868,16.4669992022652,1.63070337301898,10.177,41.6067039493249,80.1334635232887,2.71982266279312,,,9.0,0.6195411361365548,-0.0230340375951228,0.931244063295986,0.5092503872791393,0.8501658901207598,0.496256612325573,0.8281238973240604,-2.85980025219661,-23.610719469688476,165.46648086758395
PAN,Panamá,2022,22,55.2473963,36.6764246,72.9911154,11.3389170493456,2.512758255253845,12.6570480772218,11.6461589453797,11.3349220328569,2.6142557310255823,2.537353528383917,2.512434429155255,4400773.0,15.297290765276427,17378.6070083597,9.762995246491029,11.0386022908773,2.85965128834711,8.086,48.0265978360198,93.4752688552496,3.09254919376261,,,10.0,0.6216509877510458,-0.1014002370129039,1.034176459036167,0.5181424032581029,0.8578349929512699,0.5092503872791393,0.8501658901207598,2.71982266279312,-23.680342952386948,166.8560136560251
PAN,Panamá,2023,23,53.7744679,36.9282056,71.9653279,11.7072934419645,2.5421761153938647,11.3389170493456,12.6570480772218,11.6461589453797,2.512758255253845,2.6142557310255823,2.537353528383917,4458759.0,15.310381034156144,18797.1933894611,9.841462849878884,7.16634016390665,1.48641355277038,6.544,45.6292440025453,88.3489105169795,3.26384312723174,,,11.0,0.4547653790315906,-0.0770933623945071,0.9459271380850324,0.4411997182407052,0.7222133984633922,0.5181424032581029,0.8578349929512699,3.09254919376261,-23.654020907471814,166.97193005294622
PAN,Panamá,2024,24,53.2051087,37.131345,71.8407332,,,11.7072934419645,11.3389170493456,12.6570480772218,2.5421761153938647,2.512758255253845,2.6142557310255823,4515577.0,15.323043532902751,19161.218843129,9.860643663443586,2.74784148771307,0.69322555100446,8.451,44.3578422661429,83.6737788620216,2.41063281860388,,,12.0,0.3902558912166892,-0.0574823356456403,0.9352081561622554,0.4226605705777681,0.6876965852525984,0.4411997182407052,0.7222133984633922,3.26384312723174,-23.648585995130336,166.59653297869303
SLV,El Salvador,2000,0,42.9625873,33.5070747,65.5803869,59.7472879846202,4.10672243899569,,,,,,,5943366.0,15.597786197510567,1982.87093542615,7.5923010408878495,1.12790697674419,2.27128756828723,6.96,26.8272702258496,68.7100889044911,1.47137092746017,867000.0,13.672795409164552,-12.0,-0.7702414002070115,-0.4073684818015419,0.3966255453447588,-0.2603281122212648,-0.5220630500472766,,,,,165.96959811319712
SLV,El Salvador,2001,1,,,,60.1535507350797,4.113387926434003,59.7472879846202,,,4.10672243899569,,,5968060.0,15.6019324744345,2058.04459070452,7.629511583168267,0.879613659882722,3.7508205747202,6.96,25.0092920568115,65.8907385362252,2.2707041485317,804000.0,13.597355791941425,-11.0,,,,,,-0.2603281122212648,-0.5220630500472766,1.47137092746017,,
SLV,El Salvador,2002,2,46.041179,33.3082279,65.0974946,47.3555199373003,3.8785803816144857,60.1535507350797,59.7472879846202,,4.113387926434003,4.10672243899569,,5986631.0,15.60503937446873,2115.41187355626,7.657004811791247,1.57291844759789,1.86552503610077,6.2,25.5130894550755,65.9190907767707,3.71125187529755,885000.0,13.69334405393293,-10.0,-0.421431064379987,-0.4265651020225648,0.3550819336634594,-0.1643047442463641,-0.3350425709679827,,,2.2707041485317,-24.71093877413436,166.1258341485536
SLV,El Salvador,2003,3,46.5471268,36.8846311,59.8729956,55.9464014802791,4.042110500544356,47.3555199373003,60.1535507350797,59.7472879846202,3.8785803816144857,4.113387926434003,4.10672243899569,5998599.0,15.60703649992696,2207.83089518069,7.69976581713644,1.56539303147618,2.1203909173333,6.9,25.9234207599485,68.23698247861,1.06615183714648,798000.0,13.589865129563991,-9.0,-0.3641062096326216,-0.0813000337003614,-0.0943859035444273,-0.1799307156258034,-0.3248677268787744,-0.1643047442463641,-0.3350425709679827,3.71125187529755,-24.683995811528106,166.06141630975353
SLV,El Salvador,2004,4,50.2807702,40.2408056,62.8794965,64.8994757581223,4.188130486364867,55.9464014802791,47.3555199373003,60.1535507350797,4.042110500544356,3.8785803816144857,4.113387926434003,6004671.0,15.608048224318386,2285.68907438892,7.734422822150927,0.889404485692197,4.45194392395045,6.8,25.9062104819237,69.7822641767691,2.64681242347754,1030000.0,13.845070331079134,-8.0,0.0589227383803136,0.2427042111352703,0.1642657790545288,0.1552975761900376,0.2632676321198076,-0.1799307156258034,-0.3248677268787744,1.06615183714648,-24.695762337882982,166.28222843151158
SLV,El Salvador,2005,5,49.8127723,39.4296562,64.3493375,64.6399118153084,4.184183922761335,64.8994757581223,55.9464014802791,47.3555199373003,4.188130486364867,4.042110500544356,3.8785803816144857,6005578.0,15.608199261986584,2447.39140845394,7.802778005066506,2.68083009363194,4.69094870903769,7.22,25.2665668798476,69.7158116750578,3.47761600217717,1306000.0,14.082480354515004,-7.0,0.0058976799858073,0.1643960514147679,0.2907173785877048,0.1536703699960933,0.2482541911334243,0.1552975761900376,0.2632676321198076,2.64681242347754,-24.681192213049982,166.12872991391845
SLV,El Salvador,2006,6,47.2095013,40.3759952,61.6432692,65.4247078983383,4.196069094170469,64.6399118153084,64.8994757581223,55.9464014802791,4.184183922761335,4.188130486364867,4.042110500544356,6002319.0,15.607656452520445,2665.61807194853,7.888191231642117,4.3369986028604,4.03712359429612,6.57,25.9396783352886,73.4555675070267,1.50707286112592,1501000.0,14.221642776837896,-6.0,-0.2890579101818509,0.25575538122718,0.057912153409592,0.0082032081516403,-0.0021106645005828,0.1536703699960933,0.2482541911334243,3.47761600217717,-24.663860085533553,166.26967523655097
SLV,El Salvador,2007,7,46.5897268,39.6437487,65.2295171,58.1880552418794,4.080719751968895,65.4247078983383,64.6399118153084,64.8994757581223,4.196069094170469,4.184183922761335,4.188130486364867,6009824.0,15.6089060215568,2830.65693770733,7.948264097163967,1.84760220587859,4.57808572377153,6.41,25.5670345496495,77.6210560347995,9.11434743633077,1720000.0,14.357835430184815,-5.0,-0.3592795480437427,0.1850644876916881,0.3664399351747572,0.0640749582742342,0.069196428272835,0.0082032081516403,-0.0021106645005828,1.50707286112592,-24.64879866211373,166.30526704408317
SLV,El Salvador,2008,8,46.9200629,39.7293163,66.3888709,52.7258860134014,3.9838949340333776,58.1880552418794,65.4247078983383,64.6399118153084,4.080719751968895,4.196069094170469,4.184183922761335,6029297.0,15.612140978159028,2983.24829577976,8.000768017986637,2.15440298282768,6.70792293515939,5.88,26.7405871721015,80.6659739399085,5.0206011155903,1875000.0,14.44411975071984,-4.0,-0.3218518352435073,0.1933251623438543,0.4661800719887842,0.1125511330297104,0.1483568486072198,0.0640749582742342,0.069196428272835,9.11434743633077,-24.649341906711864,166.56657201542367
SLV,El Salvador,2009,9,46.2576028,42.9353865,62.6945171,72.4503614995274,4.296609824316793,52.7258860134014,58.1880552418794,65.4247078983383,3.9838949340333776,4.080719751968895,4.196069094170469,6048279.0,15.615284326729888,2910.18651752011,7.975972453479253,-2.10876837627522,1.05595029731201,7.33,23.9512044914048,66.0711911744487,2.09486399547314,1482000.0,14.208903759601776,-3.0,-0.3969098333382216,0.5028383756886975,0.1483518529831459,0.0847601317778739,0.1212369745410811,0.1125511330297104,0.1483568486072198,5.0206011155903,-24.60537348274581,166.15158631053328
SLV,El Salvador,2010,10,44.9172297,42.8790615,65.9035937,65.7026379683301,4.200244501889584,72.4503614995274,52.7258860134014,58.1880552418794,4.296609824316793,3.9838949340333776,4.080719751968895,6068249.0,15.618580653546026,3040.07300952878,8.019636810404243,2.15419536693635,1.17933576873673,4.893,26.9466693264064,73.53728767253969,-0.613406192808089,1606000.0,14.289257796153656,-2.0,-0.5487766726935381,0.4974007743093987,0.4244312854486206,0.1243517956881604,0.1630049719066,0.0847601317778739,0.1212369745410811,2.09486399547314,-24.66507037798231,167.09175970355824
SLV,El Salvador,2011,11,46.9722941,44.7012501,65.5483485,71.7719022936632,4.287329923197246,65.7026379683301,72.4503614995274,52.7258860134014,4.200244501889584,4.296609824316793,3.9838949340333776,6090127.0,15.622179493327426,3330.60049486653,8.110907895505955,3.80688113429295,5.1289237668161,4.297,28.9817775582263,79.2766437025051,0.603930846788838,1634000.0,14.306542166397,-1.0,-0.3159339402486468,0.6733144049299454,0.3938692561090643,0.2504165735967876,0.3972927392678859,0.1243517956881604,0.1630049719066,-0.613406192808089,-24.670025846734546,167.48805613378445
SLV,El Salvador,2012,12,44.8487465,39.6360714,68.7188264,42.4273897096406,3.7710903413474166,71.7719022936632,65.7026379683301,72.4503614995274,4.287329923197246,4.200244501889584,4.296609824316793,6113975.0,15.626087692448436,3497.91256915509,8.15992166074219,2.82262371802327,1.72973481581383,3.843,28.5710611774443,77.6485716222883,2.01123945886672,1738000.0,14.368246160181302,0.0,-0.5565359504147476,0.1843233230743901,0.6666280114707555,0.0981384613767993,0.0974380674420929,0.2504165735967876,0.3972927392678859,0.603930846788838,-24.659547966748544,167.5875430863553
SLV,El Salvador,2013,13,46.7961584,41.0277533,62.8250309,40.9360792814407,3.7361465371134273,42.4273897096406,71.7719022936632,65.7026379683301,3.7710903413474166,4.287329923197246,4.200244501889584,6138839.0,15.630146194296062,3582.26694005169,8.18375110247148,2.23562439198375,0.757669184522973,3.693,29.7248960481943,80.4511944908271,1.11490857279595,1822000.0,14.41544590564931,1.0,-0.3358904523993574,0.3186759448051486,0.1595800598239902,0.0474551840765937,0.0571363963113495,0.0981384613767993,0.0974380674420929,2.01123945886672,-24.626550925414087,167.82049806598496
SLV,El Salvador,2014,14,48.403949,38.2676453,63.2723383,63.6220773963139,4.168556107764391,40.9360792814407,42.4273897096406,71.7719022936632,3.7361465371134273,3.7710903413474166,4.287329923197246,6162955.0,15.63406692827891,3666.01248913873,8.206859835142001,1.70870628357073,1.14134467538233,4.154,29.5528752334192,78.1044257477935,2.2408951362935,1886000.0,14.449969272398093,2.0,-0.1537246981275156,0.0522158104453927,0.198062274031531,0.0321844621164694,0.0347678605575179,0.0474551840765937,0.0571363963113495,1.11490857279595,-24.620827581445248,167.73009179340002
SLV,El Salvador,2015,15,46.2133864,37.5010265,62.5107624,107.638231074992,4.688023381231139,63.6220773963139,40.9360792814407,42.4273897096406,4.168556107764391,3.7361465371134273,3.7710903413474166,6183676.0,15.637423474603857,3790.34089108162,8.240211238908092,2.40000008852115,-0.731384487387957,3.998,29.4861730232304,76.5602707370519,2.10997804482034,1973000.0,14.495066291846996,3.0,-0.4019196361428817,-0.021793376314949,0.1325432888345482,-0.0970565745410941,-0.1982034111898706,0.0321844621164694,0.0347678605575179,2.2408951362935,-24.647692124990805,167.76566607706795
SLV,El Salvador,2016,16,46.6250271,36.7158438,60.3169369,85.0858022421141,4.455344499370865,107.638231074992,63.6220773963139,40.9360792814407,4.688023381231139,4.168556107764391,3.7361465371134273,6200800.0,15.64018887394944,3901.34014965811,8.269075401208582,2.53906241135864,0.60404908699661,4.418,28.4585905008509,72.8190933731491,1.98198031581358,2052000.0,14.534325972602112,4.0,-0.3552799564454826,-0.0975947173273136,-0.0561932776183324,-0.1696893171303762,-0.3094515005829177,-0.0970565745410941,-0.1982034111898706,2.10997804482034,-24.678375845828672,167.46892440475372
SLV,El Salvador,2017,17,44.8569639,37.4171956,58.9980114,63.764040219627,4.170750514442579,85.0858022421141,107.638231074992,63.6220773963139,4.455344499370865,4.688023381231139,4.168556107764391,6213533.0,15.642240213230416,4020.12671373919,8.29906870194694,2.24761908134138,1.0123540331558,4.385,29.0297643758665,74.304651191652,2.01688451540263,2247000.0,14.625106996205195,5.0,-0.555604903256521,-0.0298863903845071,-0.1696614957045699,-0.2517175964485327,-0.4534447334482253,-0.1696893171303762,-0.3094515005829177,1.98198031581358,-24.66097655262297,167.49832472254218
SLV,El Salvador,2018,18,45.2721572,36.3624105,57.5302486,53.7958771232068,4.003614956145698,63.764040219627,85.0858022421141,107.638231074992,4.170750514442579,4.455344499370865,4.688023381231139,6219807.0,15.643249435295049,4183.54620971358,8.338914541381254,2.4124442237792,1.09033000581892,4.006,28.9343737810256,75.6336168879956,1.58620478716365,2536000.0,14.746098988860943,6.0,-0.5085627071750684,-0.1317150795034355,-0.2959343060257497,-0.3120706975680845,-0.5479421874108359,-0.2517175964485327,-0.4534447334482253,2.01688451540263,-24.6295018020371,167.5259444851327
SLV,El Salvador,2019,19,46.6096714,37.5455753,61.1402853,38.5386955905095,3.6772798275804335,53.7958771232068,63.764040219627,85.0858022421141,4.003614956145698,4.170750514442579,4.455344499370865,6222318.0,15.643653064101878,4320.11671534627,8.371037698314458,2.43747159065784,0.0753241350024612,4.17,29.9559096080003,76.0420130991469,2.59024369040438,2639000.0,14.785910994416804,7.0,-0.3570197866652083,-0.0174926463313519,0.0146400452737906,-0.1199574625742565,-0.2274336433949699,-0.3120706975680845,-0.5479421874108359,1.58620478716365,-24.613542536395272,167.8512952879024
SLV,El Salvador,2020,20,47.9097515,37.7419733,62.0278402,21.5087446038674,3.113903882766664,38.5386955905095,53.7958771232068,63.764040219627,3.6772798275804335,4.003614956145698,4.170750514442579,6234673.0,15.645636689850852,3997.19279583709,8.293347592683672,-7.893101359867,-0.371590212324095,5.008,24.5267982788944,66.4595069497083,1.55101998611342,707000.0,13.468787359304866,8.0,-0.2097182213803314,0.0014675673515857,0.0909971048322786,-0.0390845163988223,-0.0847637491847975,-0.1199574625742565,-0.2274336433949699,2.59024369040438,-24.555873541049806,167.03687458550493
SLV,El Salvador,2021,21,45.3033875,36.7216613,60.9163267,17.343956146806,2.909300154951241,21.5087446038674,38.5386955905095,53.7958771232068,3.113903882766664,3.6772798275804335,4.003614956145698,6255782.0,15.649016714052816,4642.60743101342,8.443031433726683,11.9047617015957,3.46692585313082,4.327,28.7814953892726,81.8450759800765,2.7560499827498,,,9.0,-0.505024254371802,-0.0970330973357634,-0.0046272926214042,-0.2022282147763232,-0.3770846115684566,-0.0390845163988223,-0.0847637491847975,1.55101998611342,-24.526785989244143,167.53106746750777
SLV,El Salvador,2022,22,43.1191046,34.3058025,62.9718864,7.89768799960639,2.1857914676655152,17.343956146806,21.5087446038674,38.5386955905095,2.909300154951241,3.113903882766664,3.6772798275804335,6280319.0,15.652931333332644,5074.60050994225,8.532003083558864,2.9546041089332,7.19861615609867,2.999,32.4334933265056,88.7011372097555,0.0823187826775637,,,10.0,-0.7525076903500862,-0.3302595002309395,0.1722141562162152,-0.3035176781216035,-0.5798110142792997,-0.2022282147763232,-0.3770846115684566,2.7560499827498,-24.542398736598816,168.10643336609348
SLV,El Salvador,2023,23,47.1590826,36.1311218,66.8191376,2.24,1.175573329804238,7.89768799960639,17.343956146806,21.5087446038674,2.1857914676655152,2.909300154951241,3.113903882766664,6309624.0,15.657586644786337,5319.7195268688,8.579175860432532,3.35508721646165,4.04554694222477,2.992,28.7918551914872,79.8122651787866,2.31870856682009,,,11.0,-0.2947704454553536,-0.1540436326172605,0.5031962611145888,0.0181273943473248,-0.0198610190852458,-0.3035176781216035,-0.5798110142792997,0.0823187826775637,-24.435662905927085,168.0747083758247
SLV,El Salvador,2024,24,47.3724053,36.7575081,68.0353506,1.9,1.0647107369924282,2.24,7.89768799960639,17.343956146806,1.175573329804238,2.1857914676655152,2.909300154951241,6338193.0,15.662104270015824,5503.10317151907,8.613067425115718,2.5904637107794,0.853782292567288,3.261,32.6598571720595,85.68257265752911,3.01317166597907,,,12.0,-0.2706005749829141,-0.0935724562505712,0.6078280404859914,0.081218336417502,0.0841240463275476,0.0181273943473248,-0.0198610190852458,2.31870856682009,-24.377667348144445,168.79390332969848
