,homicide_rate,institution_index,fdi_percent_gdp,gdp_growth
homicide_rate,1.0,0.26749064610070467,0.04628433825951305,-0.10126314596534222
institution_index,0.26749064610070467,1.0,0.18678014900214185,-0.16103923551133723
fdi_percent_gdp,0.04628433825951305,0.18678014900214185,1.0,0.03338897818442254
gdp_growth,-0.10126314596534222,-0.16103923551133723,0.03338897818442254,1.0
