{
  "countries": [
    "COL",
    "CRI",
    "DOM",
    "GTM",
    "HND",
    "NIC",
    "PAN",
    "SLV"
  ],
  "years": [
    2000,
    2002,
    2003,
    2004,
    2005,
    2006,
    2007,
    2008,
    2009,
    2010,
    2011,
    2012,
    2013,
    2014,
    2015,
    2016,
    2017,
    2018,
    2019,
    2020,
    2021,
    2022,
    2023,
    2024
  ],
  "N": 8,
  "T_distinct": 24,
  "N_obs": 179,
  "is_balanced": false,
  "time_mean": 2011.804469273743,
  "inst_vars": [
    "rule_of_law",
    "control_corruption",
    "political_stability"
  ],
  "controls": [
    "gdp_per_capita_log",
    "inflation",
    "exports_percent_gdp",
    "population_log",
    "unemployment"
  ],
  "pca_var_exp_pc1": 0.789374945200384,
  "pca_loadings": {
    "rule_of_law": 0.6299761529439164,
    "control_corruption": 0.5864834956883017,
    "political_stability": 0.5090846255851903
  },
  "cronbach_alpha": 0.862605678268119,
  "kmo": 0.5343249074232134,
  "corr_indices": 0.9993698461676255,
  "within_pct": {
    "homicide_rate_log": 53.68293066539606,
    "inst_avg": 24.98036795757005,
    "inst_pca": 24.53647047915803,
    "fdi_percent_gdp": 74.44161805977468,
    "gdp_growth": 96.20320402660022,
    "gdp_per_capita_log": 52.44576924882458
  }
}