{
  "wooldridge": {
    "eq1": {
      "rho": -0.1320889177935554,
      "t_stat": 4.7603956505237255,
      "p_val": 4.4195213222408825e-06,
      "n_pairs": 155,
      "reject_h0": true
    },
    "eq2": {
      "rho": -0.3501137843014927,
      "t_stat": 2.0662759459309394,
      "p_val": 0.04039428712181836,
      "n_pairs": 163,
      "reject_h0": true
    },
    "eq3": {
      "rho": -0.32300271430003563,
      "t_stat": 2.328376771179843,
      "p_val": 0.021127891889948014,
      "n_pairs": 163,
      "reject_h0": true
    }
  },
  "pesaran_cd": {
    "eq1": {
      "CD": -66.72151688006076,
      "p_val": 0.0,
      "n_pairs": 28,
      "reject_h0": true
    },
    "eq2": {
      "CD": -64.77040510709625,
      "p_val": 0.0,
      "n_pairs": 28,
      "reject_h0": true
    },
    "eq3": {
      "CD": -72.11199605211219,
      "p_val": 0.0,
      "n_pairs": 28,
      "reject_h0": true
    }
  },
  "modified_wald": {
    "eq1": {
      "W_stat": 38.00145822453562,
      "df": 7,
      "p_val": 3.028239955349399e-06,
      "reject_h0": true
    },
    "eq2": {
      "W_stat": 67.63771826729814,
      "df": 7,
      "p_val": 4.4289016898346745e-12,
      "reject_h0": true
    },
    "eq3": {
      "W_stat": 40.94482871131099,
      "df": 7,
      "p_val": 8.295806065428124e-07,
      "reject_h0": true
    }
  },
  "vif": {
    "eq1": {
      "vifs": {
        "homicide_rate_log_lag1": 1.3386,
        "gdp_per_capita_log": 1.3039,
        "inflation": 1.1972,
        "exports_percent_gdp": 1.6083,
        "population_log": 1.4258,
        "unemployment": 1.478
      },
      "condition_number": 2.3831573195468874
    },
    "eq2": {
      "vifs": {
        "inst_avg": 1.1945,
        "gdp_per_capita_log": 1.335,
        "inflation": 1.178,
        "exports_percent_gdp": 1.6773,
        "population_log": 1.4152,
        "unemployment": 1.2186
      },
      "condition_number": 2.2647403216867925
    },
    "eq3": {
      "vifs": {
        "fdi_percent_gdp": 1.3216,
        "inst_avg": 1.2113,
        "gdp_per_capita_log": 1.3788,
        "inflation": 1.1965,
        "exports_percent_gdp": 1.8892,
        "population_log": 1.4859,
        "unemployment": 1.2639
      },
      "condition_number": 2.560944950997975
    }
  },
  "dfbeta": {
    "eq1": {
      "COL": {
        "beta_excl": -0.019684417354993235,
        "dfbeta": -0.888669379036841
      },
      "CRI": {
        "beta_excl": -0.2546655740975846,
        "dfbeta": 0.8410883431772623
      },
      "DOM": {
        "beta_excl": -0.09897454874286717,
        "dfbeta": -0.3049939943174234
      },
      "GTM": {
        "beta_excl": -0.15233424202286938,
        "dfbeta": 0.08780065690292341
      },
      "HND": {
        "beta_excl": -0.15538526918460757,
        "dfbeta": 0.11026006542257275
      },
      "NIC": {
        "beta_excl": -0.12767122778762258,
        "dfbeta": -0.09375023814704558
      },
      "PAN": {
        "beta_excl": -0.10870519552020884,
        "dfbeta": -0.23336415965930793
      },
      "SLV": {
        "beta_excl": -0.26676140348056515,
        "dfbeta": 0.9301289052880134
      }
    },
    "eq2": {
      "COL": {
        "beta_excl": 1.7059553806832006,
        "dfbeta": -1.7339840090031409
      },
      "CRI": {
        "beta_excl": 0.763982290715641,
        "dfbeta": 0.2926400536144233
      },
      "DOM": {
        "beta_excl": 0.6558889206817861,
        "dfbeta": 0.5251993772863758
      },
      "GTM": {
        "beta_excl": 0.8322064986043418,
        "dfbeta": 0.14585791850584426
      },
      "HND": {
        "beta_excl": 0.7092116730107788,
        "dfbeta": 0.4104772327730382
      },
      "NIC": {
        "beta_excl": 0.7702415923054445,
        "dfbeta": 0.2791733725041243
      },
      "PAN": {
        "beta_excl": 0.8801870499179204,
        "dfbeta": 0.04262934343784107
      },
      "SLV": {
        "beta_excl": 0.6991803857170356,
        "dfbeta": 0.43205921682868675
      }
    },
    "eq3": {
      "COL": {
        "beta_excl": 0.10198655132809376,
        "dfbeta": 0.3205565362983557
      },
      "CRI": {
        "beta_excl": 0.13759498550755844,
        "dfbeta": -0.004709338246911446
      },
      "DOM": {
        "beta_excl": 0.20146405484563334,
        "dfbeta": -0.5881224866583012
      },
      "GTM": {
        "beta_excl": 0.15719640110004754,
        "dfbeta": -0.18375881716763967
      },
      "HND": {
        "beta_excl": 0.13250395603277765,
        "dfbeta": 0.041794760925337
      },
      "NIC": {
        "beta_excl": 0.07543167822211146,
        "dfbeta": 0.5631224963943234
      },
      "PAN": {
        "beta_excl": 0.007702528723508375,
        "dfbeta": 1.1817956156008658
      },
      "SLV": {
        "beta_excl": 0.20816688871178007,
        "dfbeta": -0.6493496416748835
      }
    }
  }
}