{
  "eq1": {
    "beta_full": -0.14040684915342183,
    "se_full_cl": 0.1358462828203557,
    "t_full": -1.0335715209749026,
    "p_boot": 0.4294294294294294,
    "ci_lo": -0.20411149242455676,
    "ci_hi": 0.20676529603271573,
    "n_valid": 999,
    "n_fails": 0,
    "cr2_se": {},
    "cr2_df_satt": {},
    "cr2_p": {}
  },
  "eq2": {
    "beta_full": 0.9000011314252557,
    "se_full_cl": 0.4647991244863234,
    "t_full": 1.9363227768982987,
    "p_boot": 0.062062062062062065,
    "ci_lo": -0.8423825763247776,
    "ci_hi": 0.8391538281698033,
    "n_valid": 999,
    "n_fails": 0,
    "cr2_se": {},
    "cr2_df_satt": {},
    "cr2_p": {}
  },
  "eq3": {
    "beta_full": 0.13707943138978196,
    "se_full_cl": 0.10947485416121966,
    "t_full": 1.2521545010501685,
    "p_boot": 0.4094094094094094,
    "ci_lo": -0.24041884219607276,
    "ci_hi": 0.24118418098955882,
    "n_valid": 999,
    "n_fails": 0,
    "cr2_se": {},
    "cr2_df_satt": {},
    "cr2_p": {}
  }
}